Specimen ID,Verbatim StationID,StationID,Parent Specimen ID,Specimen Count,Determination,Photo,Tissue,Voucher,Remarks,Determiner,Date Determined,KAM Numbers,Aphia ID,"Scientific Name
(link to WoRMS)",Kingdom,Phylum,Class,Order,Family,Genus,Subgenus,Specific epithet,Subspecific epithet,Collection Date,Collector(s) (& Vessel),Locality,Habitat,Microhabitat,Collecting Method,Locality Remarks,Rank,History
CAEU-0001,HUMB-01,1,,1,Diaulula sandiegensis,Y,Y,Y,,AGARWAL/GOSLINER,2026-08-10,,536817,Diaulula sandiegensis,Animalia,Mollusca,Gastropoda,Doridida,Discodorididae,Diaulula,,sandiegensis,,2026-08-10,"Svetlana, Gustav",Crescent City Docks,docks,,hand,,Species,
CAEU-0002,HUMB-02,2,,1,Limacia cockerelli,Y,Y,Y,By R.A. (ALL) TO CAS,AGARWAL/GOSLINER,2026-08-10,,531202,Limacia cockerelli,Animalia,Mollusca,Gastropoda,Doridida,Polyceridae,Limacia,,cockerelli,,2026-08-10,"Svetlana, Gustav",Crescent City N of Lighthouse,"boulders and rocks, with sand in between",,hand,,Species,
CAEU-0003,HUMB-02C,2C,,1,Doris montereyensis,Y,Y,Y,TO CAS,AGARWAL/GOSLINER,2026-08-10,,581816,Doris montereyensis,Animalia,Mollusca,Gastropoda,Doridida,Dorididae,Doris,,montereyensis,,2026-08-10,"Svetlana, Gustav",Crescent City N of Lighthouse,"boulders and rocks, with sand in between",coralline & red algal scrape,pick & sweat,,Species,
CAEU-0004,HUMB-02C,2C,,1,Doris montereyensis,Y,Y,Y,TO CAS,AGARWAL/GOSLINER,2026-08-10,,581816,Doris montereyensis,Animalia,Mollusca,Gastropoda,Doridida,Dorididae,Doris,,montereyensis,,2026-08-10,"Svetlana, Gustav",Crescent City N of Lighthouse,"boulders and rocks, with sand in between",coralline & red algal scrape,pick & sweat,,Species,
CAEU-0005,HUMB-02C,2C,,1,Doto columbiana,Y,Y,Y,TO CAS,AGARWAL/GOSLINER,2026-08-10,,581833,Doto columbiana,Animalia,Mollusca,Gastropoda,Nudibranchia,Dotidae,Doto,,columbiana,,2026-08-10,"Svetlana, Gustav",Crescent City N of Lighthouse,"boulders and rocks, with sand in between",coralline & red algal scrape,pick & sweat,,Species,
CAEU-0006,HUMB-02C,2C,,1,Hermissenda crassicornis,Y,Y,N,"teeny, whole animal for molecular. TO CAS",AGARWAL/GOSLINER,2026-08-10,,367883,Hermissenda crassicornis,Animalia,Mollusca,Gastropoda,Nudibranchia,Myrrhinidae,Hermissenda,,crassicornis,,2026-08-10,"Svetlana, Gustav",Crescent City N of Lighthouse,"boulders and rocks, with sand in between",coralline & red algal scrape,pick & sweat,,Species,
CAEU-0007,HUMB-02C,2C,,1,Cuthona albocrusta,Y,Y,N,Whole animal for molecular. TO CAS,AGARWAL/GOSLINER,2026-08-10,,581881,Cuthona albocrusta,Animalia,Mollusca,Gastropoda,Nudibranchia,Cuthonidae,Cuthona,,albocrusta,,2026-08-10,"Svetlana, Gustav",Crescent City N of Lighthouse,"boulders and rocks, with sand in between",coralline & red algal scrape,pick & sweat,,Species,
CAEU-0008,HUMB-02C,2C,,1,Rostanga pulchra,Y,Y,Y,TO CAS,AGARWAL/GOSLINER,2026-08-10,,533391,Rostanga pulchra,Animalia,Mollusca,Gastropoda,Doridida,Discodorididae,Rostanga,,pulchra,,2026-08-10,"Svetlana, Gustav",Crescent City N of Lighthouse,"boulders and rocks, with sand in between",coralline & red algal scrape,pick & sweat,,Species,
CAEU-0009,HUMB-02C,2C,,1,Doto columbiana,Y,Y,Y,Whole animal for molecular. TO CAS,AGARWAL/GOSLINER,2026-08-10,,581833,Doto columbiana,Animalia,Mollusca,Gastropoda,Nudibranchia,Dotidae,Doto,,columbiana,,2026-08-10,"Svetlana, Gustav",Crescent City N of Lighthouse,"boulders and rocks, with sand in between",coralline & red algal scrape,pick & sweat,,Species,
CAEU-0010,,,,,,,,,,,,,,,,,,,,,,,,,,,,,,,,
CAEU-0011,HUMB-02C,2C,,1,Cuthona albocrusta,Y,Y,Y,Whole animal for molecular. TO CAS,AGARWAL/GOSLINER,2026-08-10,,581881,Cuthona albocrusta,Animalia,Mollusca,Gastropoda,Nudibranchia,Cuthonidae,Cuthona,,albocrusta,,2026-08-10,"Svetlana, Gustav",Crescent City N of Lighthouse,"boulders and rocks, with sand in between",coralline & red algal scrape,pick & sweat,,Species,
CAEU-0012,HUMB-02C,2C,,1,Hermissenda crassicornis,Y,Y,Y,TO CAS,AGARWAL/GOSLINER,2026-08-10,,367883,Hermissenda crassicornis,Animalia,Mollusca,Gastropoda,Nudibranchia,Myrrhinidae,Hermissenda,,crassicornis,,2026-08-10,"Svetlana, Gustav",Crescent City N of Lighthouse,"boulders and rocks, with sand in between",coralline & red algal scrape,pick & sweat,,Species,
CAEU-0013,HUMB-02C,2C,,1,Hermissenda crassicornis,Y,Y,Y,TO CAS,AGARWAL/GOSLINER,2026-08-10,,367883,Hermissenda crassicornis,Animalia,Mollusca,Gastropoda,Nudibranchia,Myrrhinidae,Hermissenda,,crassicornis,,2026-08-10,"Svetlana, Gustav",Crescent City N of Lighthouse,"boulders and rocks, with sand in between",coralline & red algal scrape,pick & sweat,,Species,
CAEU-0014,HUMB-02C,2C,,1,Hermissenda crassicornis,Y,Y,N,Whole animal for molecular. TO CAS,AGARWAL/GOSLINER,2026-08-10,,367883,Hermissenda crassicornis,Animalia,Mollusca,Gastropoda,Nudibranchia,Myrrhinidae,Hermissenda,,crassicornis,,2026-08-10,"Svetlana, Gustav",Crescent City N of Lighthouse,"boulders and rocks, with sand in between",coralline & red algal scrape,pick & sweat,,Species,
CAEU-0015,HUMB-02C,2C,,1,Hermissenda crassicornis,Y,Y,N,Whole animal for molecular. TO CAS,AGARWAL/GOSLINER,2026-08-10,,367883,Hermissenda crassicornis,Animalia,Mollusca,Gastropoda,Nudibranchia,Myrrhinidae,Hermissenda,,crassicornis,,2026-08-10,"Svetlana, Gustav",Crescent City N of Lighthouse,"boulders and rocks, with sand in between",coralline & red algal scrape,pick & sweat,,Species,
CAEU-0016,HUMB-02C,2C,,1,Cuthona albocrusta,Y,Y,Y,TO CAS,AGARWAL/GOSLINER,2026-08-10,,581881,Cuthona albocrusta,Animalia,Mollusca,Gastropoda,Nudibranchia,Cuthonidae,Cuthona,,albocrusta,,2026-08-10,"Svetlana, Gustav",Crescent City N of Lighthouse,"boulders and rocks, with sand in between",coralline & red algal scrape,pick & sweat,,Species,
CAEU-0017,HUMB-02,2,,1,Polyplacophora,N,N,N,,AGARWAL/GOSLINER,2026-08-10,,55,Polyplacophora,Animalia,Mollusca,Polyplacophora,,,,,,,2026-08-10,"Svetlana, Gustav",Crescent City N of Lighthouse,"boulders and rocks, with sand in between",,hand,,Higher,
CAEU-0018,HUMB-02,2,,4,Alia sp.,N,N,N,,AGARWAL/GOSLINER,2026-08-10,,405152,Alia,Animalia,Chordata,Teleostei,Siluriformes,Ailiidae,Alia,,,,2026-08-10,"Svetlana, Gustav",Crescent City N of Lighthouse,"boulders and rocks, with sand in between",,hand,,Genus,
CAEU-0019,HUMB-02,2,,9,Littorinidae sp.,N,N,N,,AGARWAL/GOSLINER,2026-08-10,,119,Littorinidae,Animalia,Mollusca,Gastropoda,Littorinimorpha,Littorinidae,,,,,2026-08-10,"Svetlana, Gustav",Crescent City N of Lighthouse,"boulders and rocks, with sand in between",,hand,,Family,
CAEU-0020,HUMB-02,2,,2,Vetigastropoda,N,N,N,,AGARWAL/GOSLINER,2026-08-10,,156485,Vetigastropoda,Animalia,Mollusca,Gastropoda,,,,,,,2026-08-10,"Svetlana, Gustav",Crescent City N of Lighthouse,"boulders and rocks, with sand in between",,hand,,Higher,
CAEU-0021,HUMB-02,2,,9,Lacuna vincta,N,N,N,,AGARWAL/GOSLINER,2026-08-10,,140170,Lacuna vincta,Animalia,Mollusca,Gastropoda,Littorinimorpha,Littorinidae,Lacuna,,vincta,,2026-08-10,"Svetlana, Gustav",Crescent City N of Lighthouse,"boulders and rocks, with sand in between",,hand,,Species,
CAEU-0022,HUMB-02,2,,2,Velutina sp.,N,N,N,,AGARWAL/GOSLINER,2026-08-10,,138631,Velutina,Animalia,Mollusca,Gastropoda,Littorinimorpha,Velutinidae,Velutina,,,,2026-08-10,"Svetlana, Gustav",Crescent City N of Lighthouse,"boulders and rocks, with sand in between",,hand,,Genus,
CAEU-0023,HUMB-02,2,,1,Odostomia sp.,N,N,N,,AGARWAL/GOSLINER,2026-08-10,,138413,Odostomia,Animalia,Mollusca,Gastropoda,,Pyramidellidae,Odostomia,,,,2026-08-10,"Svetlana, Gustav",Crescent City N of Lighthouse,"boulders and rocks, with sand in between",,hand,,Genus,
CAEU-0024,HUMB-03,3,,2,Tenellia lagonae,Y,Y,Y,To CAS,AGARWAL/GOSLINER,2026-08-10,,890626,Tenellia lagunae,Animalia,Mollusca,Gastropoda,Nudibranchia,Trinchesiidae,Tenellia,,lagunae,,2026-08-11,"Kathy Ann, Svetlana, John, Soma, Gustav, Yander, Terry, Robin, Siena, Ciara, Isabel, Julien",Luffenholtz Beach,"Rocky shore and beach mixed with rocky outcrops, cobble fields, tide pools, kelp and algal cover, low IT in some areas with urchin barrens",,,,Species,
CAEU-0025,HUMB-03,3,,1,Peltodoris nobilis,Y,Y,Y,TO CAS,AGARWAL/GOSLINER,2026-08-10,,594422,Peltodoris nobilis,Animalia,Mollusca,Gastropoda,Doridida,Discodorididae,Peltodoris,,nobilis,,2026-08-11,"Kathy Ann, Svetlana, John, Soma, Gustav, Yander, Terry, Robin, Siena, Ciara, Isabel, Julien",Luffenholtz Beach,"Rocky shore and beach mixed with rocky outcrops, cobble fields, tide pools, kelp and algal cover, low IT in some areas with urchin barrens",,,,Species,
CAEU-0026,HUMB-03,3,,1,Rostanga cf. pulchra,Y,Y,Y,TO CAS,AGARWAL/GOSLINER,2026-08-10,,138461,Rostanga,Animalia,Mollusca,Gastropoda,Doridida,Discodorididae,Rostanga,,,,2026-08-11,"Kathy Ann, Svetlana, John, Soma, Gustav, Yander, Terry, Robin, Siena, Ciara, Isabel, Julien",Luffenholtz Beach,"Rocky shore and beach mixed with rocky outcrops, cobble fields, tide pools, kelp and algal cover, low IT in some areas with urchin barrens",,,,Genus,
CAEU-0027,HUMB-03,3,,1,Hermissenda crassicornis,Y,Y,Y,TO CAS,AGARWAL/GOSLINER,2026-08-10,,367883,Hermissenda crassicornis,Animalia,Mollusca,Gastropoda,Nudibranchia,Myrrhinidae,Hermissenda,,crassicornis,,2026-08-11,"Kathy Ann, Svetlana, John, Soma, Gustav, Yander, Terry, Robin, Siena, Ciara, Isabel, Julien",Luffenholtz Beach,"Rocky shore and beach mixed with rocky outcrops, cobble fields, tide pools, kelp and algal cover, low IT in some areas with urchin barrens",,,,Species,
CAEU-0028,HUMB-03,3,,5,Triopha maculata,Y,Y,Y,TO CAS,AGARWAL/GOSLINER,2026-08-10,,531262,Triopha maculata,Animalia,Mollusca,Gastropoda,Doridida,Polyceridae,Triopha,,maculata,,2026-08-11,"Kathy Ann, Svetlana, John, Soma, Gustav, Yander, Terry, Robin, Siena, Ciara, Isabel, Julien",Luffenholtz Beach,"Rocky shore and beach mixed with rocky outcrops, cobble fields, tide pools, kelp and algal cover, low IT in some areas with urchin barrens",,,,Species,
CAEU-0029,HUMB-03,3,,2,Acanthodoris hudsoni,Y,Y,Y,TO CAS,AGARWAL/GOSLINER,2026-08-10,,581689,Acanthodoris hudsoni,Animalia,Mollusca,Gastropoda,Doridida,Acanthodorididae,Acanthodoris,,hudsoni,,2026-08-11,"Kathy Ann, Svetlana, John, Soma, Gustav, Yander, Terry, Robin, Siena, Ciara, Isabel, Julien",Luffenholtz Beach,"Rocky shore and beach mixed with rocky outcrops, cobble fields, tide pools, kelp and algal cover, low IT in some areas with urchin barrens",,,,Species,
CAEU-0030,HUMB-03,3,,1,Dirona picta,Y,Y,Y,TO CAS,AGARWAL/GOSLINER,2026-08-10,,558927,Dirona picta,Animalia,Mollusca,Gastropoda,Nudibranchia,Dironidae,Dirona,,picta,,2026-08-11,"Kathy Ann, Svetlana, John, Soma, Gustav, Yander, Terry, Robin, Siena, Ciara, Isabel, Julien",Luffenholtz Beach,"Rocky shore and beach mixed with rocky outcrops, cobble fields, tide pools, kelp and algal cover, low IT in some areas with urchin barrens",,,,Species,
CAEU-0031,HUMB-02,2,,1,Henricia,,,,,Kieran McKim et al.,2026-08-10,,123276,Henricia,Animalia,Echinodermata,Asteroidea,Spinulosida,Echinasteridae,Henricia,,,,2026-08-10,"Svetlana, Gustav",Crescent City N of Lighthouse,"boulders and rocks, with sand in between",,hand,,Genus,
CAEU-0032,HUMB-02,2,,1,Dermasterias imbricata,,,,,Kieran McKim et al.,2026-08-10,,240771,Dermasterias imbricata,Animalia,Echinodermata,Asteroidea,Valvatida,Asteropseidae,Dermasterias,,imbricata,,2026-08-10,"Svetlana, Gustav",Crescent City N of Lighthouse,"boulders and rocks, with sand in between",,hand,,Species,
CAEU-0033,HUMB-02,2,,2,Actiniaria,,,,,Kieran McKim et al.,2026-08-10,,1360,Actiniaria,Animalia,Cnidaria,Hexacorallia,Actiniaria,,,,,,2026-08-10,"Svetlana, Gustav",Crescent City N of Lighthouse,"boulders and rocks, with sand in between",,hand,,Higher,
CAEU-0034,HUMB-02,2,,2,"Porifera, Cliona?",,,,boring sponge,Kieran McKim et al.,2026-08-10,,132026,Cliona,Animalia,Porifera,Demospongiae,Clionaida,Clionaidae,Cliona,,,,2026-08-10,"Svetlana, Gustav",Crescent City N of Lighthouse,"boulders and rocks, with sand in between",,hand,,Genus,
CAEU-0035,HUMB-02,2,,1,Sipuncula,,,,,Kieran McKim et al.,2026-08-10,,1268,Sipuncula,Animalia,Annelida,,Sipuncula,,,,,,2026-08-10,"Svetlana, Gustav",Crescent City N of Lighthouse,"boulders and rocks, with sand in between",,hand,,Higher,
CAEU-0036,,,,,,,,,,,,,,,,,,,,,,,,,,,,,,,,
CAEU-0037,HUMB-02,2,,1,"Brachyura, Romaleon antennarius",,,,w/ barnacles,Kieran McKim et al.,2026-08-10,,440397,Romaleon antennarium,Animalia,Arthropoda,Malacostraca,Decapoda,Cancridae,Romaleon,,antennarium,,2026-08-10,"Svetlana, Gustav",Crescent City N of Lighthouse,"boulders and rocks, with sand in between",,hand,,Species,
CAEU-0038,HUMB-02,2,,1,"Porcellanidae, Petrolisthes manimaculus?",,,,,Kieran McKim et al.,2026-08-10,,431859,Petrolisthes manimaculis,Animalia,Arthropoda,Malacostraca,Decapoda,Porcellanidae,Petrolisthes,,manimaculis,,2026-08-10,"Svetlana, Gustav",Crescent City N of Lighthouse,"boulders and rocks, with sand in between",,hand,,Species,
CAEU-0039,HUMB-02,2,,1,"Ascidiacea, Clavelina huntsmani?",,,,commensal,Kieran McKim et al.,2026-08-10,,250311,Clavelina huntsmani,Animalia,Chordata,Ascidiacea,Aplousobranchia,Clavelinidae,Clavelina,,huntsmani,,2026-08-10,"Svetlana, Gustav",Crescent City N of Lighthouse,"boulders and rocks, with sand in between",,hand,,Species,
CAEU-0040,HUMB-02,2,CAEU-0039,13,Amphipoda Polycheira osborni,✓,,✓,host,Kieran McKim et al.,2026-08-10,,489489,Polycheria osborni,Animalia,Arthropoda,Malacostraca,Amphipoda,Dexaminidae,Polycheria,,osborni,,2026-08-10,"Svetlana, Gustav",Crescent City N of Lighthouse,"boulders and rocks, with sand in between",,hand,,Species,
CAEU-0041,HUMB-02,2,,4,"Gastropoda, Calliostoma ligatum",,,,,Kieran McKim et al.,2026-08-10,,580412,Calliostoma ligatum,Animalia,Mollusca,Gastropoda,Trochida,Calliostomatidae,Calliostoma,,ligatum,,2026-08-10,"Svetlana, Gustav",Crescent City N of Lighthouse,"boulders and rocks, with sand in between",,hand,,Species,
CAEU-0042,HUMB-02,2,,2,"Gastropoda, Tegula",,,,,Kieran McKim et al.,2026-08-10,,413467,Tegula,Animalia,Mollusca,Gastropoda,Trochida,Tegulidae,Tegula,,,,2026-08-10,"Svetlana, Gustav",Crescent City N of Lighthouse,"boulders and rocks, with sand in between",,hand,,Genus,
CAEU-0043,HUMB-02,2,,1,"Gastropoda, Tegula",,,,,Kieran McKim et al.,2026-08-10,,413467,Tegula,Animalia,Mollusca,Gastropoda,Trochida,Tegulidae,Tegula,,,,2026-08-10,"Svetlana, Gustav",Crescent City N of Lighthouse,"boulders and rocks, with sand in between",,hand,,Genus,
CAEU-0044,HUMB-02,2,,1,Pisaster?,,,,,Kieran McKim et al.,2026-08-10,,240754,Pisaster,Animalia,Echinodermata,Asteroidea,Forcipulatida,Asteriidae,Pisaster,,,,2026-08-10,"Svetlana, Gustav",Crescent City N of Lighthouse,"boulders and rocks, with sand in between",,hand,,Genus,
CAEU-0045,HUMB-02,2,,1,Pisaster?,,,,,Kieran McKim et al.,2026-08-10,,240754,Pisaster,Animalia,Echinodermata,Asteroidea,Forcipulatida,Asteriidae,Pisaster,,,,2026-08-10,"Svetlana, Gustav",Crescent City N of Lighthouse,"boulders and rocks, with sand in between",,hand,,Genus,
CAEU-0046,HUMB-02,2,,1,Pisaster?,,,,,Kieran McKim et al.,2026-08-10,,240754,Pisaster,Animalia,Echinodermata,Asteroidea,Forcipulatida,Asteriidae,Pisaster,,,,2026-08-10,"Svetlana, Gustav",Crescent City N of Lighthouse,"boulders and rocks, with sand in between",,hand,,Genus,
CAEU-0047,HUMB-02,2,,1,Ophiuroidea,,,,,Kieran McKim et al.,2026-08-10,,123084,Ophiuroidea,Animalia,Echinodermata,Ophiuroidea,,,,,,,2026-08-10,"Svetlana, Gustav",Crescent City N of Lighthouse,"boulders and rocks, with sand in between",,hand,,Higher,
CAEU-0048,HUMB-02,2,,4,Acmaea mitra,,,,,Kieran McKim et al.,2026-08-10,,456582,Acmaea mitra,Animalia,Mollusca,Gastropoda,Nacellida,Acmaeidae,Acmaea,,mitra,,2026-08-10,"Svetlana, Gustav",Crescent City N of Lighthouse,"boulders and rocks, with sand in between",,hand,,Species,
CAEU-0049,HUMB-02,2,,,Glebocarcinus oregonensis,,,,,Kieran McKim et al.,2026-08-10,,440384,Glebocarcinus oregonensis,Animalia,Arthropoda,Malacostraca,Decapoda,Cancridae,Glebocarcinus,,oregonensis,,2026-08-10,"Svetlana, Gustav",Crescent City N of Lighthouse,"boulders and rocks, with sand in between",,hand,,Species,
CAEU-0050,HUMB-02,2,,4,Eudistoma psammion?,✓,,✓,ID: GP,Gustav Paulay,2026-08-10,,250242,Eudistoma psammion,Animalia,Chordata,Ascidiacea,Aplousobranchia,Polycitoridae,Eudistoma,,psammion,,2026-08-10,"Svetlana, Gustav",Crescent City N of Lighthouse,"boulders and rocks, with sand in between",,hand,,Species,
CAEU-0051,HUMB-02,2,,1,Ampeliscidae,✓,X,✓,,Kieran McKim et al.,2026-08-10,,101364,Ampeliscidae,Animalia,Arthropoda,Malacostraca,Amphipoda,Ampeliscidae,,,,,2026-08-10,"Svetlana, Gustav",Crescent City N of Lighthouse,"boulders and rocks, with sand in between",,hand,,Family,
CAEU-0052,HUMB-02,2,,1,Eupentacta,,,,,Kieran McKim et al.,2026-08-10,,528610,Eupentacta,Animalia,Echinodermata,Holothuroidea,Dendrochirotida,Sclerodactylidae,Eupentacta,,,,2026-08-10,"Svetlana, Gustav",Crescent City N of Lighthouse,"boulders and rocks, with sand in between",,hand,,Genus,
CAEU-0053,HUMB-02,2,CAEU-0262,1,Margarites pupillus,,,,,Kieran McKim et al.,2026-08-10,,528731,Margarites pupillus,Animalia,Mollusca,Gastropoda,Trochida,Margaritesidae,Margarites,,pupillus,,2026-08-10,"Svetlana, Gustav",Crescent City N of Lighthouse,"boulders and rocks, with sand in between",,hand,,Species,
CAEU-0054,HUMB-02,2,,1,Pycnogonida,,,,,Kieran McKim et al.,2026-08-10,,1302,Pycnogonida,Animalia,Arthropoda,Pycnogonida,,,,,,,2026-08-10,"Svetlana, Gustav",Crescent City N of Lighthouse,"boulders and rocks, with sand in between",,hand,,Higher,
CAEU-0055,HUMB-02,2,,1,Amphipoda,,,,,Kieran McKim et al.,2026-08-10,,1135,Amphipoda,Animalia,Arthropoda,Malacostraca,Amphipoda,,,,,,2026-08-10,"Svetlana, Gustav",Crescent City N of Lighthouse,"boulders and rocks, with sand in between",,hand,,Higher,
CAEU-0056,HUMB-02,2,,2,Amphipoda,,,,,Kieran McKim et al.,2026-08-10,,1135,Amphipoda,Animalia,Arthropoda,Malacostraca,Amphipoda,,,,,,2026-08-10,"Svetlana, Gustav",Crescent City N of Lighthouse,"boulders and rocks, with sand in between",,hand,,Higher,
CAEU-0057,HUMB-02,2,,1,Aplidium?,,,,ID: GP,Gustav Paulay,2026-08-10,,103471,Aplidium,Animalia,Chordata,Ascidiacea,Aplousobranchia,Polyclinidae,Aplidium,,,,2026-08-10,"Svetlana, Gustav",Crescent City N of Lighthouse,"boulders and rocks, with sand in between",,hand,,Genus,
CAEU-0058,HUMB-02,2,,1,Maeridae A,✓,X,✓,ID: S. McKim,Siena McKim,2026-08-10,,475166,Maeridae,Animalia,Arthropoda,Malacostraca,Amphipoda,Maeridae,,,,,2026-08-10,"Svetlana, Gustav",Crescent City N of Lighthouse,"boulders and rocks, with sand in between",,hand,,Family,
CAEU-0059,HUMB-02,2,,1,Hydrozoa,,,,,Kieran McKim et al.,2026-08-10,,1337,Hydrozoa,Animalia,Cnidaria,Hydrozoa,,,,,,,2026-08-10,"Svetlana, Gustav",Crescent City N of Lighthouse,"boulders and rocks, with sand in between",,hand,,Higher,
CAEU-0060,HUMB-02,2,,1,Pycnoclavella stanleyi,,,,ID: GP,Gustav Paulay,2026-08-10,,251245,Pycnoclavella stanleyi,Animalia,Chordata,Ascidiacea,Aplousobranchia,Clavelinidae,Pycnoclavella,,stanleyi,,2026-08-10,"Svetlana, Gustav",Crescent City N of Lighthouse,"boulders and rocks, with sand in between",,hand,,Species,
CAEU-0061,HUMB 5B,5B,,1,Odontosyllis,Y,Y,Y,previously sampled F/E,GREG ROUSE,2026-08-12,,129660,Odontosyllis,Animalia,Annelida,Polychaeta,Phyllodocida,Syllidae,Odontosyllis,,,,2026-08-12,"Greg, Amy",Old Home Beach,Rocky & sandy shore,rock on beach,hand,,Genus,
CAEU-0062,HUMB 5B,5B,,1,Green Syllidae,Y,Y,Y,F/E,GREG ROUSE,2026-08-12,,948,Syllidae,Animalia,Annelida,Polychaeta,Phyllodocida,Syllidae,,,,,2026-08-12,"Greg, Amy",Old Home Beach,Rocky & sandy shore,rock on beach,hand,,Family,
CAEU-0063,HUMB 5B,5B,,1,Syllidae Purple epitoke,Y,Y,Y,F/E,GREG ROUSE,2026-08-12,,948,Syllidae,Animalia,Annelida,Polychaeta,Phyllodocida,Syllidae,,,,,2026-08-12,"Greg, Amy",Old Home Beach,Rocky & sandy shore,rock on beach,hand,,Family,
CAEU-0064,HUMB 5B,5B,,1,Syllidae Purple,Y,Y,Y,F/E,GREG ROUSE,2026-08-12,,948,Syllidae,Animalia,Annelida,Polychaeta,Phyllodocida,Syllidae,,,,,2026-08-12,"Greg, Amy",Old Home Beach,Rocky & sandy shore,rock on beach,hand,,Family,
CAEU-0065,HUMB 5B,5B,,1,Syllidae Purple 2,Y,Y,Y,F/E,GREG ROUSE,2026-08-12,,948,Syllidae,Animalia,Annelida,Polychaeta,Phyllodocida,Syllidae,,,,,2026-08-12,"Greg, Amy",Old Home Beach,Rocky & sandy shore,rock on beach,hand,,Family,
CAEU-0066,HUMB 5B,5B,,2,Syllidae White Green Gut,Y,Y,Y,F/E,GREG ROUSE,2026-08-12,,948,Syllidae,Animalia,Annelida,Polychaeta,Phyllodocida,Syllidae,,,,,2026-08-12,"Greg, Amy",Old Home Beach,Rocky & sandy shore,rock on beach,hand,,Family,
CAEU-0067,HUMB 5B,5B,,5,Tanystylum 2 species?,Y,Y,Y,All Ethanol (separate),GREG ROUSE,2026-08-12,,134577,Tanystylum,Animalia,Arthropoda,Pycnogonida,Pantopoda,Ammotheidae,Tanystylum,,,,2026-08-12,"Greg, Amy",Old Home Beach,Rocky & sandy shore,rock on beach,hand,,Genus,
CAEU-0068,HUMB 5B,5B,,1,Anoplodactylus,Y,Y,Y,Legs in ethanol,GREG ROUSE,2026-08-12,,134592,Anoplodactylus,Animalia,Arthropoda,Pycnogonida,Pantopoda,Phoxichilidiidae,Anoplodactylus,,,,2026-08-12,"Greg, Amy",Old Home Beach,Rocky & sandy shore,rock on beach,hand,,Genus,
CAEU-0069,HUMB 5B,5B,,1,Naineris,Y,Y,Y,F/E,GREG ROUSE,2026-08-12,,129419,Naineris,Animalia,Annelida,Polychaeta,,Orbiniidae,Naineris,,,,2026-08-12,"Greg, Amy",Old Home Beach,Rocky & sandy shore,rock on beach,hand,,Genus,
CAEU-0070,HUMB 3,3,,1,Sipuncula,Y,Y,Y,F/E,GREG ROUSE,2026-08-12,,1268,Sipuncula,Animalia,Annelida,,Sipuncula,,,,,,2026-08-11,"Kathy Ann, Svetlana, John, Soma, Gustav, Yander, Terry, Robin, Siena, Ciara, Isabel, Julien",Luffenholtz Beach,"Rocky shore and beach mixed with rocky outcrops, cobble fields, tide pools, kelp and algal cover, low IT in some areas with urchin barrens",,,,Higher,
CAEU-0071,HUMB 6,6,,3,Dodecaceria pacifica,Y,Y,Y,1F 2E,GREG ROUSE,2026-08-12,,1580005,Dodecaceria pacifica,Animalia,Annelida,Polychaeta,Terebellida,Cirratulidae,Dodecaceria,,pacifica,,2026-08-12,"Kathy Ann, Svetlana, John, Soma, Gustav, Yander, Terry, Robin, Siena, Ciara, Isabel, Sadie, Julien",Old Home Beach,Rocky intertidal with rock ledges,,hand,,Species,
CAEU-0072,HUMB 6,6,,1,Naineris,Y,Y,Y,1FE,GREG ROUSE,2026-08-12,,129419,Naineris,Animalia,Annelida,Polychaeta,,Orbiniidae,Naineris,,,,2026-08-12,"Kathy Ann, Svetlana, John, Soma, Gustav, Yander, Terry, Robin, Siena, Ciara, Isabel, Sadie, Julien",Old Home Beach,Rocky intertidal with rock ledges,,hand,,Genus,
CAEU-0073,HUMB 7E,7E,,1,Thoracophelia,Y,Y,Y,1F/E,GREG ROUSE,2026-08-12,,326053,Thoracophelia,Animalia,Annelida,Polychaeta,,Opheliidae,Thoracophelia,,,,2026-08-13,Svetlana,Baker's Beach,"Rocky shore and beach mixed with rocky outcrops, cobble fields, tide pools, kelp and algal cover, low IT with urchin barrens",sandy beach,"shovel, hand",,Genus,
CAEU-0074,HUMB 7E,7E,,1,Thoracophelia,Y,Y,Y,1F/E,GREG ROUSE,2026-08-12,,326053,Thoracophelia,Animalia,Annelida,Polychaeta,,Opheliidae,Thoracophelia,,,,2026-08-13,Svetlana,Baker's Beach,"Rocky shore and beach mixed with rocky outcrops, cobble fields, tide pools, kelp and algal cover, low IT with urchin barrens",sandy beach,"shovel, hand",,Genus,
CAEU-0075,HUMB 7E,7E,,1,Eudystylia vancouveri,Y,Y,Y,1F/E CRYO,GREG ROUSE,2026-08-12,,333271,Eudistylia vancouveri,Animalia,Annelida,Polychaeta,Sabellida,Sabellidae,Eudistylia,,vancouveri,,2026-08-13,Svetlana,Baker's Beach,"Rocky shore and beach mixed with rocky outcrops, cobble fields, tide pools, kelp and algal cover, low IT with urchin barrens",sandy beach,"shovel, hand",,Species,
CAEU-0076,HUMB 8B,8B,,1,Pseudopotamilla occelata,Y,Y,Y,F/E,GREG ROUSE,2026-08-12,,331424,Pseudopotamilla occelata,Animalia,Annelida,Polychaeta,Sabellida,Sabellidae,Pseudopotamilla,,occelata,,2026-08-13,"Greg, Dakota",Baker's Beach,"Rocky shore and beach mixed with rocky outcrops, cobble fields, tide pools, kelp and algal cover, low IT with urchin barrens",red algal turf,hand,,Species,
CAEU-0077,HUMB 8B,8B,,2,Gastropoda sp. (shelless),Y,Y,Y,1E 1F,GREG ROUSE,2026-08-12,,101,Gastropoda,Animalia,Mollusca,Gastropoda,,,,,,,2026-08-13,"Greg, Dakota",Baker's Beach,"Rocky shore and beach mixed with rocky outcrops, cobble fields, tide pools, kelp and algal cover, low IT with urchin barrens",red algal turf,hand,,Higher,
CAEU-0078,HUMB 8B,8B,,6,Lasaea sp.,Y,Y,Y,4E / 2F,GREG ROUSE,2026-08-12,,138104,Lasaea,Animalia,Mollusca,Bivalvia,Galeommatida,Lasaeidae,Lasaea,,,,2026-08-13,"Greg, Dakota",Baker's Beach,"Rocky shore and beach mixed with rocky outcrops, cobble fields, tide pools, kelp and algal cover, low IT with urchin barrens",red algal turf,hand,,Genus,
CAEU-0079,HUMB 8B,8B,,1,Pterocirrus burtoni,Y,Y,Y,F/E,GREG ROUSE,2026-08-12,,827799,Pterocirrus burtoni,Animalia,Annelida,Polychaeta,Phyllodocida,Phyllodocidae,Pterocirrus,,burtoni,,2026-08-13,"Greg, Dakota",Baker's Beach,"Rocky shore and beach mixed with rocky outcrops, cobble fields, tide pools, kelp and algal cover, low IT with urchin barrens",red algal turf,hand,,Species,
CAEU-0080,HUMB 8A,8A,,1,Halosydna?,Y,Y,Y,F/E,GREG ROUSE,2026-08-12,,152404,Halosydna,Animalia,Annelida,Polychaeta,Phyllodocida,Polynoidae,Halosydna,,,,2026-08-13,"Greg, Dakota",Baker's Beach,"Rocky shore and beach mixed with rocky outcrops, cobble fields, tide pools, kelp and algal cover, low IT with urchin barrens",algae near beach,,,Genus,
CAEU-0081,HUMB 8A,8A,,1,Chrysopetalum sp.,Y,Y,Y,"head F, rest 2ml E",GREG ROUSE,2026-08-12,,129235,Chrysopetalum,Animalia,Annelida,Polychaeta,Phyllodocida,Chrysopetalidae,Chrysopetalum,,,,2026-08-13,"Greg, Dakota",Baker's Beach,"Rocky shore and beach mixed with rocky outcrops, cobble fields, tide pools, kelp and algal cover, low IT with urchin barrens",algae near beach,,,Genus,
CAEU-0082,HUMB 8A,8A,,1,Nereis 'long cirri',Y,Y,Y,Mid. E / Rest 2ml F,GREG ROUSE,2026-08-12,,129379,Nereis,Animalia,Annelida,Polychaeta,Phyllodocida,Nereididae,Nereis,,,,2026-08-13,"Greg, Dakota",Baker's Beach,"Rocky shore and beach mixed with rocky outcrops, cobble fields, tide pools, kelp and algal cover, low IT with urchin barrens",algae near beach,,,Genus,
CAEU-0083,HUMB 7E,7E,,1,Owenia,Y,Y,Y,sub 2ml EtOH / Rest 2ml F,GREG ROUSE,2026-08-12,,129427,Owenia,Animalia,Annelida,Polychaeta,,Oweniidae,Owenia,,,,2026-08-13,Svetlana,Baker's Beach,"Rocky shore and beach mixed with rocky outcrops, cobble fields, tide pools, kelp and algal cover, low IT with urchin barrens",sandy beach,"shovel, hand",,Genus,
CAEU-0084,HUMB 7E,7E,,1,Phoronida,N,Y,Y,2ml EtOH. Post,GREG ROUSE,2026-08-12,,1789,Phoronida,Animalia,Phoronida,,,,,,,,2026-08-13,Svetlana,Baker's Beach,"Rocky shore and beach mixed with rocky outcrops, cobble fields, tide pools, kelp and algal cover, low IT with urchin barrens",sandy beach,"shovel, hand",,Higher,
CAEU-0085,HUMB 8C,8C,,3,Ramex californica,Y,Y,Y,2E 1F (in tube),GREG ROUSE,2026-08-12,,331473,Ramex californiensis,Animalia,Annelida,Polychaeta,Terebellida,Terebellidae,Ramex,,californiensis,,2026-08-13,"Greg, Dakota",Baker's Beach,"Rocky shore and beach mixed with rocky outcrops, cobble fields, tide pools, kelp and algal cover, low IT with urchin barrens",red algal turf,hand,,Species,
CAEU-0086,HUMB 8C,8C,,1,Perocirrus burtoni,Y,Y,Y,F/E,GREG ROUSE,2026-08-12,,827799,Pterocirrus burtoni,Animalia,Annelida,Polychaeta,Phyllodocida,Phyllodocidae,Pterocirrus,,burtoni,,2026-08-13,"Greg, Dakota",Baker's Beach,"Rocky shore and beach mixed with rocky outcrops, cobble fields, tide pools, kelp and algal cover, low IT with urchin barrens",red algal turf,hand,,Species,
CAEU-0087,HUMB 8E,8E,,2,CIRRIFORMIA,Y,Y,Y,F/E,GREG ROUSE,2026-08-12,,129245,Cirriformia,Animalia,Annelida,Polychaeta,Terebellida,Cirratulidae,Cirriformia,,,,2026-08-13,"Greg, Dakota",Baker's Beach,"Rocky shore and beach mixed with rocky outcrops, cobble fields, tide pools, kelp and algal cover, low IT with urchin barrens",coarse sand,hand,,Genus,
CAEU-0088,HUMB 8E,8E,,1,CAPITELLIDAE,Y,Y,Y,F/E,GREG ROUSE,2026-08-12,,921,Capitellidae,Animalia,Annelida,Polychaeta,,Capitellidae,,,,,2026-08-13,"Greg, Dakota",Baker's Beach,"Rocky shore and beach mixed with rocky outcrops, cobble fields, tide pools, kelp and algal cover, low IT with urchin barrens",coarse sand,hand,,Family,
CAEU-0089,HUMB 8E,8E,,2,HEMICHORDATE,Y,Y,Y,1F 1E,GREG ROUSE,2026-08-12,,1818,Hemichordata,Animalia,Hemichordata,,,,,,,,2026-08-13,"Greg, Dakota",Baker's Beach,"Rocky shore and beach mixed with rocky outcrops, cobble fields, tide pools, kelp and algal cover, low IT with urchin barrens",coarse sand,hand,,Higher,
CAEU-0090,HUMB 8E,8E,,4,MICROPHTHALMUS,Y,Y,Y,2F 2E,GREG ROUSE,2026-08-12,,129313,Microphthalmus,Animalia,Annelida,Polychaeta,Phyllodocida,Microphthalmidae,Microphthalmus,,,,2026-08-13,"Greg, Dakota",Baker's Beach,"Rocky shore and beach mixed with rocky outcrops, cobble fields, tide pools, kelp and algal cover, low IT with urchin barrens",coarse sand,hand,,Genus,
CAEU-0091,HUMB-8B,8B,,1,Cucumaria pseudocurata,Y,Y,Y,Tube feet eth/cryo / rest vouch. 15ml,G. Rouse,2026-08-12,,528844,Cucumaria pseudocurata,Animalia,Echinodermata,Holothuroidea,Dendrochirotida,Cucumariidae,Cucumaria,,pseudocurata,,2026-08-13,"Greg, Dakota",Baker's Beach,"Rocky shore and beach mixed with rocky outcrops, cobble fields, tide pools, kelp and algal cover, low IT with urchin barrens",red algal turf,hand,,Species,
CAEU-0092,HUMB-07,7,,1,Glycera tenuis,Y,Y,Y,mid 2ml E / cryo rest form. 15ML,G. Rouse,2026-08-12,,328149,Glycera tenuis,Animalia,Annelida,Polychaeta,Phyllodocida,Glyceridae,Glycera,,tenuis,,2026-08-13,"Kathy Ann, Svetlana, John, Soma, Gustav, Yander, Terry, Robin, Siena, Ciara, Isabel, Sadie, Julien",Baker's Beach,"Rocky shore and beach mixed with rocky outcrops, cobble fields, tide pools, kelp and algal cover, low IT with urchin barrens",,"hand, general",,Species,
CAEU-0093,,,,,,,,,,,,,,,,,,,,,,,,,,,,,,,,
CAEU-0094,,,,,,,,,,,,,,,,,,,,,,,,,,,,,,,,
CAEU-0095,,,,,,,,,,,,,,,,,,,,,,,,,,,,,,,,
CAEU-0096,HUMB-07,7,,1,Nereididae damaged,Y,Y,Y,Sub 2ml Etoh. / Rest form. 15ML,G. Rouse,2026-08-12,,22496,Nereididae,Animalia,Annelida,Polychaeta,Phyllodocida,Nereididae,,,,,2026-08-13,"Kathy Ann, Svetlana, John, Soma, Gustav, Yander, Terry, Robin, Siena, Ciara, Isabel, Sadie, Julien",Baker's Beach,"Rocky shore and beach mixed with rocky outcrops, cobble fields, tide pools, kelp and algal cover, low IT with urchin barrens",,"hand, general",,Family,
CAEU-0097,HUMB-8B,8B,,1,Typosyllis sp.,Y,Y,Y,"mid E, rest F",G. Rouse,2026-08-12,,147195,Typosyllis,Animalia,Annelida,Polychaeta,Phyllodocida,Syllidae,Typosyllis,,,,2026-08-13,"Greg, Dakota",Baker's Beach,"Rocky shore and beach mixed with rocky outcrops, cobble fields, tide pools, kelp and algal cover, low IT with urchin barrens",red algal turf,hand,,Genus,
CAEU-0098,HUMB-07,7,,1,Orbinidae sp.,Y,Y,Y,mid-sub 2ml EtOH / Rest form 15ml,G. Rouse,2026-08-12,,902,Orbiniidae,Animalia,Annelida,Polychaeta,,Orbiniidae,,,,,2026-08-13,"Kathy Ann, Svetlana, John, Soma, Gustav, Yander, Terry, Robin, Siena, Ciara, Isabel, Sadie, Julien",Baker's Beach,"Rocky shore and beach mixed with rocky outcrops, cobble fields, tide pools, kelp and algal cover, low IT with urchin barrens",,"hand, general",,Family,
CAEU-0099,HUMB-07E,7E,,1,Glycera '1',Y,Y,Y,mid-sub 2ml E / Rest 2ml form.,G. Rouse,2026-08-12,,129296,Glycera,Animalia,Annelida,Polychaeta,Phyllodocida,Glyceridae,Glycera,,,,2026-08-13,Svetlana,Baker's Beach,"Rocky shore and beach mixed with rocky outcrops, cobble fields, tide pools, kelp and algal cover, low IT with urchin barrens",sandy beach,"shovel, hand",,Genus,
CAEU-0100,HUMB-07E,7E,,1,Glycera '2',Y,Y,Y,mid-sub 2ml E / Rest 2ml form.,G. Rouse,2026-08-12,,129296,Glycera,Animalia,Annelida,Polychaeta,Phyllodocida,Glyceridae,Glycera,,,,2026-08-13,Svetlana,Baker's Beach,"Rocky shore and beach mixed with rocky outcrops, cobble fields, tide pools, kelp and algal cover, low IT with urchin barrens",sandy beach,"shovel, hand",,Genus,
CAEU-0101,HUMB-07E,7E,,1,Glycera '3',Y,Y,Y,mid-sub 2ml E / Rest 2ml form.,G. Rouse,2026-08-12,,129296,Glycera,Animalia,Annelida,Polychaeta,Phyllodocida,Glyceridae,Glycera,,,,2026-08-13,Svetlana,Baker's Beach,"Rocky shore and beach mixed with rocky outcrops, cobble fields, tide pools, kelp and algal cover, low IT with urchin barrens",sandy beach,"shovel, hand",,Genus,
CAEU-0102,HUMB-07,7,CAEU-0093,1,Acoela / commensal Fissurellid,Y,Y,Y,mid sub. 2 mL Etoh Rest 15ml Form,G. Rouse,2026-08-12,,2847,Acoela,Animalia,Xenacoelomorpha,,Acoela,,,,,,2026-08-13,"Kathy Ann, Svetlana, John, Soma, Gustav, Yander, Terry, Robin, Siena, Ciara, Isabel, Sadie, Julien",Baker's Beach,"Rocky shore and beach mixed with rocky outcrops, cobble fields, tide pools, kelp and algal cover, low IT with urchin barrens",,"hand, general",,Higher,
CAEU-0103,HUMB-07,7,CAEU-0094,1,Acoela / commensal Fissurellid,N,Y,Y,Rest etoh 15 mL / Sub 2ml Etoh,G. Rouse,2026-08-12,,2847,Acoela,Animalia,Xenacoelomorpha,,Acoela,,,,,,2026-08-13,"Kathy Ann, Svetlana, John, Soma, Gustav, Yander, Terry, Robin, Siena, Ciara, Isabel, Sadie, Julien",Baker's Beach,"Rocky shore and beach mixed with rocky outcrops, cobble fields, tide pools, kelp and algal cover, low IT with urchin barrens",,"hand, general",,Higher,
CAEU-0104,HUMB-07,7,CAEU-0095,1,Acoela / commensal Fissurellid,N,Y,Y,FORM 15ml scales Eth/CRYO,G. Rouse,2026-08-12,,2847,Acoela,Animalia,Xenacoelomorpha,,Acoela,,,,,,2026-08-13,"Kathy Ann, Svetlana, John, Soma, Gustav, Yander, Terry, Robin, Siena, Ciara, Isabel, Sadie, Julien",Baker's Beach,"Rocky shore and beach mixed with rocky outcrops, cobble fields, tide pools, kelp and algal cover, low IT with urchin barrens",,"hand, general",,Higher,
CAEU-0105,HUMB-11,11,,1,Paraeurythoe sp.,Y,Y,Y,Sub 2ml et / Rest 15mL Form,G. Rouse,2026-08-12,,129192,Pareurythoe,Animalia,Annelida,Polychaeta,Amphinomida,Amphinomidae,Pareurythoe,,,,2026-08-14,,King salmon,intertidal sand flat,,,,Genus,
CAEU-0106,HUMB-11,11,,1,Hesperonoe sp.,Y,Y,Y,sub 2ml E / Rest 15mL Form.,G. Rouse,2026-08-12,,248340,Hesperonoe,Animalia,Annelida,Polychaeta,Phyllodocida,Polynoidae,Hesperonoe,,,,2026-08-14,,King salmon,intertidal sand flat,,,,Genus,
CAEU-0107,HUMB-11,11,,1,Nephtys sp.,Y,Y,Y,Sub mid 2ml E / Rest 15 ml Form,G. Rouse,2026-08-12,,129370,Nephtys,Animalia,Annelida,Polychaeta,Phyllodocida,Nephtyidae,Nephtys,,,,2026-08-14,,King salmon,intertidal sand flat,,,,Genus,
CAEU-0108,HUMB-10,10,,2,Phascolosoma,Y,Y,Y,sub mid 2ml / 15mL Form. Big one,G. Rouse,2026-08-12,,136029,Phascolosoma,Animalia,Annelida,,Sipuncula,Phascolosomatidae,Phascolosoma,,,,2026-08-14,"Svetlana, Gustav, Soma, Kathy Ann",S of Cape Mendocino,"Rocky shore with boulders and cobbles, some on silty sand, beach in high IT only, tide pools, low IT with urchin barrens",,,,Genus,
CAEU-0109,HUMB-10,10,CAEU-0108,2,Phascolosoma,N,Y,Y,sub mid 2ml / 2mL Form.,G. Rouse,2026-08-12,,136029,Phascolosoma,Animalia,Annelida,,Sipuncula,Phascolosomatidae,Phascolosoma,,,,2026-08-14,"Svetlana, Gustav, Soma, Kathy Ann",S of Cape Mendocino,"Rocky shore with boulders and cobbles, some on silty sand, beach in high IT only, tide pools, low IT with urchin barrens",,,,Genus,
CAEU-0110,HUMB-10,10,,1,Phragmatopoma californica,Y,Y,Y,mid 2ml E / Rest 2ml Form.,G. Rouse,2026-08-12,,334501,Phragmatopoma californica,Animalia,Annelida,Polychaeta,,Sabellariidae,Phragmatopoma,,californica,,2026-08-14,"Svetlana, Gustav, Soma, Kathy Ann",S of Cape Mendocino,"Rocky shore with boulders and cobbles, some on silty sand, beach in high IT only, tide pools, low IT with urchin barrens",,,,Species,
CAEU-0111,HUMB-10,10,,1,Serpula columbiana,Y,Y,Y,mid 2ml E / Rest 2ml Form.,G. Rouse,2026-08-12,,338088,Serpula columbiana,Animalia,Annelida,Polychaeta,Sabellida,Serpulidae,Serpula,,columbiana,,2026-08-14,"Svetlana, Gustav, Soma, Kathy Ann",S of Cape Mendocino,"Rocky shore with boulders and cobbles, some on silty sand, beach in high IT only, tide pools, low IT with urchin barrens",,,,Species,
CAEU-0112,HUMB-12A,12A,,1,Urechis caupo (Urechis),Y,Y,Y,Sub 2ml E + Cryo / Rest E bulk et.,G. Rouse,2026-08-12,,266874,Urechis caupo,Animalia,Annelida,Polychaeta,Echiuroidea,Urechidae,Urechis,,caupo,,2026-08-14,,King salmon,intertidal sand flat,,yabby pumping,,Species,
CAEU-0113,HUMB-10,10,,1,Phragmatopoma californica,Y,Y,Y,Sub 2ml E / cryo / rest form. 2ml,G. Rouse,2026-08-12,,334501,Phragmatopoma californica,Animalia,Annelida,Polychaeta,,Sabellariidae,Phragmatopoma,,californica,,2026-08-14,"Svetlana, Gustav, Soma, Kathy Ann",S of Cape Mendocino,"Rocky shore with boulders and cobbles, some on silty sand, beach in high IT only, tide pools, low IT with urchin barrens",,,,Species,
CAEU-0114,HUMB-10,10,,1,Glycera (4 jaws),Y,Y,Y,Sub 2ml E / cryo / rest form. 2ml,G. Rouse,2026-08-12,,129296,Glycera,Animalia,Annelida,Polychaeta,Phyllodocida,Glyceridae,Glycera,,,,2026-08-14,"Svetlana, Gustav, Soma, Kathy Ann",S of Cape Mendocino,"Rocky shore with boulders and cobbles, some on silty sand, beach in high IT only, tide pools, low IT with urchin barrens",,,,Genus,
CAEU-0115,HUMB-10,10,,1,Pista pacifica,Y,Y,Y,Sub 2ml E / cryo / Form. 2ml,G. Rouse,2026-08-12,,330775,Pista pacifica,Animalia,Annelida,Polychaeta,Terebellida,Terebellidae,Pista,,pacifica,,2026-08-14,"Svetlana, Gustav, Soma, Kathy Ann",S of Cape Mendocino,"Rocky shore with boulders and cobbles, some on silty sand, beach in high IT only, tide pools, low IT with urchin barrens",,,,Species,
CAEU-0116,HUMB-10,10,,1,Pista pacifica,Y,Y,Y,Sub 2ml E / Form. 2ml,G. Rouse,2026-08-12,,330775,Pista pacifica,Animalia,Annelida,Polychaeta,Terebellida,Terebellidae,Pista,,pacifica,,2026-08-14,"Svetlana, Gustav, Soma, Kathy Ann",S of Cape Mendocino,"Rocky shore with boulders and cobbles, some on silty sand, beach in high IT only, tide pools, low IT with urchin barrens",,,,Species,
CAEU-0117,HUMB-10,10,,4,Neoamphitrite robusta,Y,Y,Y,Sub 2ml E / cryo / Form 2ml,G. Rouse,2026-08-12,,334122,Neoamphitrite robusta,Animalia,Annelida,Polychaeta,Terebellida,Terebellidae,Neoamphitrite,,robusta,,2026-08-14,"Svetlana, Gustav, Soma, Kathy Ann",S of Cape Mendocino,"Rocky shore with boulders and cobbles, some on silty sand, beach in high IT only, tide pools, low IT with urchin barrens",,,,Species,
CAEU-0118,HUMB-10,10,CAEU-0117,,Neoamphitrite robusta,N,Y,Y,sub 2ml E / Form 2ml,G. Rouse,2026-08-12,,334122,Neoamphitrite robusta,Animalia,Annelida,Polychaeta,Terebellida,Terebellidae,Neoamphitrite,,robusta,,2026-08-14,"Svetlana, Gustav, Soma, Kathy Ann",S of Cape Mendocino,"Rocky shore with boulders and cobbles, some on silty sand, beach in high IT only, tide pools, low IT with urchin barrens",,,,Species,
CAEU-0119,HUMB-10,10,CAEU-0117,,Neoamphitrite robusta,N,Y,Y,whole 2ml E,G. Rouse,2026-08-12,,334122,Neoamphitrite robusta,Animalia,Annelida,Polychaeta,Terebellida,Terebellidae,Neoamphitrite,,robusta,,2026-08-14,"Svetlana, Gustav, Soma, Kathy Ann",S of Cape Mendocino,"Rocky shore with boulders and cobbles, some on silty sand, beach in high IT only, tide pools, low IT with urchin barrens",,,,Species,
CAEU-0120,HUMB-10,10,CAEU-0117,,Neoamphitrite robusta,N,Y,Y,2ml E,G. Rouse,2026-08-12,,334122,Neoamphitrite robusta,Animalia,Annelida,Polychaeta,Terebellida,Terebellidae,Neoamphitrite,,robusta,,2026-08-14,"Svetlana, Gustav, Soma, Kathy Ann",S of Cape Mendocino,"Rocky shore with boulders and cobbles, some on silty sand, beach in high IT only, tide pools, low IT with urchin barrens",,,,Species,
CAEU-0121,HUMB 8F,8F,,1,Pholoidae 1,Y,Y,Y,1F / 1E,Greg Rouse,2026-08-12,,1498433,Pholoidae,Animalia,Annelida,Polychaeta,Phyllodocida,Pholoidae,,,,,,,,,,,,Family,
CAEU-0122,HUMB 8E,8E,,1,Pholoidae 2,Y,Y,Y,1F / 1E,Greg Rouse,2026-08-12,,1498433,Pholoidae,Animalia,Annelida,Polychaeta,Phyllodocida,Pholoidae,,,,,2026-08-13,"Greg, Dakota",Baker's Beach,"Rocky shore and beach mixed with rocky outcrops, cobble fields, tide pools, kelp and algal cover, low IT with urchin barrens",coarse sand,hand,,Family,
CAEU-0123,HUMB 8E,8E,,2,Syllidae Exogone,Y,Y,Y,1F / 1E,Greg Rouse,2026-08-12,,129654,Exogone,Animalia,Annelida,Polychaeta,Phyllodocida,Syllidae,Exogone,,,,2026-08-13,"Greg, Dakota",Baker's Beach,"Rocky shore and beach mixed with rocky outcrops, cobble fields, tide pools, kelp and algal cover, low IT with urchin barrens",coarse sand,hand,,Genus,
CAEU-0124,HUMB 8E,8E,,1,Polygordius,Y,Y,N,"Incomplete, 1E only",Greg Rouse,2026-08-12,,129472,Polygordius,Animalia,Annelida,Polychaeta,,Polygordiidae,Polygordius,,,,2026-08-13,"Greg, Dakota",Baker's Beach,"Rocky shore and beach mixed with rocky outcrops, cobble fields, tide pools, kelp and algal cover, low IT with urchin barrens",coarse sand,hand,,Genus,
CAEU-0125,HUMB 8E,8E,,1,Aphelochaeta,Y,Y,Y,F / E ♀,Greg Rouse,2026-08-12,,129240,Aphelochaeta,Animalia,Annelida,Polychaeta,Terebellida,Cirratulidae,Aphelochaeta,,,,2026-08-13,"Greg, Dakota",Baker's Beach,"Rocky shore and beach mixed with rocky outcrops, cobble fields, tide pools, kelp and algal cover, low IT with urchin barrens",coarse sand,hand,,Genus,
CAEU-0126,HUMB 12A,12A,,1,Hesperonoe,Y,Y,Y,F / E,Greg Rouse,2026-08-12,,248340,Hesperonoe,Animalia,Annelida,Polychaeta,Phyllodocida,Polynoidae,Hesperonoe,,,,2026-08-14,,King salmon,intertidal sand flat,,yabby pumping,,Genus,
CAEU-0127,HUMB 10,10,,1,Neosabellaria cementarium?,Y,Y,Y,F/E could be another solitary,Greg Rouse,2026-08-12,,334129,Neosabellaria cementarium,Animalia,Annelida,Polychaeta,,Sabellariidae,Neosabellaria,,cementarium,,2026-08-14,"Svetlana, Gustav, Soma, Kathy Ann",S of Cape Mendocino,"Rocky shore with boulders and cobbles, some on silty sand, beach in high IT only, tide pools, low IT with urchin barrens",,,,Species,
CAEU-0128,HUMB 11A,11A,,1,Owenia johnsoni,Y,Y,Y,Has eyes. F/E/CRYO.,Greg Rouse,2026-08-12,,329885,Owenia johnsoni,Animalia,Annelida,Polychaeta,,Oweniidae,Owenia,,johnsoni,,2026-08-14,"Greg, Dakota",King salmon,intertidal sand flat,on sand flat,MgCl2 extraction,,Species,
CAEU-0129,HUMB 10,10,,1,Pseudopotamilla socialis,Y,Y,Y,cryo F/E,Greg Rouse,2026-08-12,,331426,Pseudopotamilla socialis,Animalia,Annelida,Polychaeta,Sabellida,Sabellidae,Pseudopotamilla,,socialis,,2026-08-14,"Svetlana, Gustav, Soma, Kathy Ann",S of Cape Mendocino,"Rocky shore with boulders and cobbles, some on silty sand, beach in high IT only, tide pools, low IT with urchin barrens",,,,Species,
CAEU-0130,HUMB 10,10,,1,Pseudopotamilla socialis,Y,Y,Y,F/E,Greg Rouse,2026-08-12,,331426,Pseudopotamilla socialis,Animalia,Annelida,Polychaeta,Sabellida,Sabellidae,Pseudopotamilla,,socialis,,2026-08-14,"Svetlana, Gustav, Soma, Kathy Ann",S of Cape Mendocino,"Rocky shore with boulders and cobbles, some on silty sand, beach in high IT only, tide pools, low IT with urchin barrens",,,,Species,
CAEU-0131,HUMB 10,10,,1,Pseudopotamilla socialis,Y,Y,Y,F/E,Greg Rouse,2026-08-12,,331426,Pseudopotamilla socialis,Animalia,Annelida,Polychaeta,Sabellida,Sabellidae,Pseudopotamilla,,socialis,,2026-08-14,"Svetlana, Gustav, Soma, Kathy Ann",S of Cape Mendocino,"Rocky shore with boulders and cobbles, some on silty sand, beach in high IT only, tide pools, low IT with urchin barrens",,,,Species,
CAEU-0132,HUMB 11A,11A,,1,Owenia johnsoni,Y,Y,Y,F/E,Greg Rouse,2026-08-12,,329885,Owenia johnsoni,Animalia,Annelida,Polychaeta,,Oweniidae,Owenia,,johnsoni,,2026-08-14,"Greg, Dakota",King salmon,intertidal sand flat,on sand flat,MgCl2 extraction,,Species,
CAEU-0133,HUMB 11A,11A,,3,Mediomastus,Y,Y,Y,F whole 2 in E,Greg Rouse,2026-08-12,,129218,Mediomastus,Animalia,Annelida,Polychaeta,,Capitellidae,Mediomastus,,,,2026-08-14,"Greg, Dakota",King salmon,intertidal sand flat,on sand flat,MgCl2 extraction,,Genus,
CAEU-0134,HUMB 11A,11A,,3,Montecellina sp.,Y,Y,Y,F whole 2 in E,Greg Rouse,2026-08-12,,129247,Monticellina,Animalia,Annelida,Polychaeta,Terebellida,Cirratulidae,Monticellina,,,,2026-08-14,"Greg, Dakota",King salmon,intertidal sand flat,on sand flat,MgCl2 extraction,,Genus,
CAEU-0135,HUMB 11A,11A,,1,Polyophthalmus sp.,Y,Y,Y,F/E,Greg Rouse,2026-08-12,,129415,Polyophthalmus,Animalia,Annelida,Polychaeta,,Opheliidae,Polyophthalmus,,,,2026-08-14,"Greg, Dakota",King salmon,intertidal sand flat,on sand flat,MgCl2 extraction,,Genus,
CAEU-0136,HUMB 15,15,CAEU-0176,1,Dipolydora sp.,Y,Y,Y,F / E whole middle to E,Greg Rouse,2026-08-12,,129611,Dipolydora,Animalia,Annelida,Polychaeta,Spionida,Spionidae,Dipolydora,,,,2026-08-15,"Greg, Dakota",Samoa boat ramp,Zostera bed and rocks,,hand,,Genus,
CAEU-0137,HUMB 15,15,CAEU-0176,1,Dipolydora sp.,Y,Y,Y,F / E whole middle to E,Greg Rouse,2026-08-12,,129611,Dipolydora,Animalia,Annelida,Polychaeta,Spionida,Spionidae,Dipolydora,,,,2026-08-15,"Greg, Dakota",Samoa boat ramp,Zostera bed and rocks,,hand,,Genus,
CAEU-0138,HUMB 15,15,,5,Phoronopsis vancouverensis,Y,Y,Y,Cryo / F / E x 3,Greg Rouse,2026-08-12,,267177,Phoronis vancouverensis,Animalia,Phoronida,,,Phoronidae,Phoronis,,vancouverensis,,2026-08-15,"Greg, Dakota",Samoa boat ramp,Zostera bed and rocks,,hand,,Species,
CAEU-0139,HUMB 14A,14A,,5,Spiophanes sp.,Y,Y,Y,whole F / CRYO 3E sandy tube.,Greg Rouse,2026-08-12,,129626,Spiophanes,Animalia,Annelida,Polychaeta,Spionida,Spionidae,Spiophanes,,,,2026-08-15,Svetlana,Samoa dunes,Sandy shore and jetties,sandy shore,"shovel, hand",,Genus,
CAEU-0140,HUMB 14A,14A,,1,Laonice foliata?,Y,Y,Y,F / E,Greg Rouse,2026-08-12,,333773,Laonice foliata,Animalia,Annelida,Polychaeta,Spionida,Spionidae,Laonice,,foliata,,2026-08-15,Svetlana,Samoa dunes,Sandy shore and jetties,sandy shore,"shovel, hand",,Species,
CAEU-0141,HUMB 15,15,,1,Neosabellaria cementarium,Y,Y,Y,F / E,Greg Rouse,2026-08-12,,334129,Neosabellaria cementarium,Animalia,Annelida,Polychaeta,,Sabellariidae,Neosabellaria,,cementarium,,2026-08-15,"Greg, Dakota",Samoa boat ramp,Zostera bed and rocks,,hand,,Species,
CAEU-0142,HUMB 15,15,,1,Phragmatopoma californica,Y,Y,Y,F / E,Greg Rouse,2026-08-12,,334501,Phragmatopoma californica,Animalia,Annelida,Polychaeta,,Sabellariidae,Phragmatopoma,,californica,,2026-08-15,"Greg, Dakota",Samoa boat ramp,Zostera bed and rocks,,hand,,Species,
CAEU-0143,HUMB 15,15,CAEU-0142,1,Phragmatopoma californica,N,Y,Y,F / E mixed clump of these 2 species,Greg Rouse,2026-08-12,,334501,Phragmatopoma californica,Animalia,Annelida,Polychaeta,,Sabellariidae,Phragmatopoma,,californica,,2026-08-15,"Greg, Dakota",Samoa boat ramp,Zostera bed and rocks,,hand,,Species,
CAEU-0144,HUMB 15,15,,5,Sabellaria sp.,Y,Y,Y,whole F 4 in E,Greg Rouse,2026-08-12,,129520,Sabellaria,Animalia,Annelida,Polychaeta,,Sabellariidae,Sabellaria,,,,2026-08-15,"Greg, Dakota",Samoa boat ramp,Zostera bed and rocks,,hand,,Genus,
CAEU-0145,HUMB 14A,14A,,5,Magelona pitelkai?,Y,Y,Y,whole F / cryo 3E,Greg Rouse,2026-08-12,,329155,Magelona pitelkai,Animalia,Annelida,Polychaeta,,Magelonidae,Magelona,,pitelkai,,2026-08-15,Svetlana,Samoa dunes,Sandy shore and jetties,sandy shore,"shovel, hand",,Species,
CAEU-0146,HUMB 14C,14C,,1,Myrianida,Y,Y,Y,F/E,Greg Rouse,2026-08-12,,129659,Myrianida,Animalia,Annelida,Polychaeta,Phyllodocida,Syllidae,Myrianida,,,,2026-08-15,Yander,Samoa dunes,Sandy shore and jetties,mid to coarse sand,MgCl2 extraction,,Genus,
CAEU-0147,HUMB 14C,14C,,6,Syllidae 'Green',Y,Y,Y,1F 5E,Greg Rouse,2026-08-12,,948,Syllidae,Animalia,Annelida,Polychaeta,Phyllodocida,Syllidae,,,,,2026-08-15,Yander,Samoa dunes,Sandy shore and jetties,mid to coarse sand,MgCl2 extraction,,Family,
CAEU-0148,HUMB 14C,14C,,1,Novafabricia brunnea,Y,Y,Y,1E cut this!,Greg Rouse,2026-08-12,,334254,Novafabricia brunnea,Animalia,Annelida,Polychaeta,Sabellida,Fabriciidae,Novafabricia,,brunnea,,2026-08-15,Yander,Samoa dunes,Sandy shore and jetties,mid to coarse sand,MgCl2 extraction,,Species,
CAEU-0149,HUMB 14C,14C,,5,Banseella oregonica,Y,Y,Y,1F 4E,Greg Rouse,2026-08-12,,533794,Bansella oregonica,Animalia,Annelida,Polychaeta,Sabellida,Fabriciidae,Bansella,,oregonica,,2026-08-15,Yander,Samoa dunes,Sandy shore and jetties,mid to coarse sand,MgCl2 extraction,,Species,
CAEU-0150,HUMB 14C,14C,,1,Amphicorina sp. (new),Y,Y,Y,1E only cut,Greg Rouse,2026-08-12,,154923,Amphicorina,Animalia,Annelida,Polychaeta,Sabellida,Sabellidae,Amphicorina,,,,2026-08-15,Yander,Samoa dunes,Sandy shore and jetties,mid to coarse sand,MgCl2 extraction,,Genus,
CAEU-0151,HUMB 12A,12A,,1,Hesperonoe sp.,N,Y,Y,F/E,G ROUSE / Dakota Berz,2026-08-13,,248340,Hesperonoe,Animalia,Annelida,Polychaeta,Phyllodocida,Polynoidae,Hesperonoe,,,,2026-08-14,,King salmon,intertidal sand flat,,yabby pumping,,Genus,
CAEU-0152,HUMB 12A,12A,,3,Phoronopsis sp.,N,Y,N,E 2ML,G ROUSE / Dakota Berz,2026-08-13,,128546,Phoronopsis,Animalia,Phoronida,,,Phoronidae,Phoronopsis,,,,2026-08-14,,King salmon,intertidal sand flat,,yabby pumping,,Genus,
CAEU-0153,HUMB 12A,12A,,1,Phoronopsis sp.,N,Y,N,E 2ML,G ROUSE / Dakota Berz,2026-08-13,,128546,Phoronopsis,Animalia,Phoronida,,,Phoronidae,Phoronopsis,,,,2026-08-14,,King salmon,intertidal sand flat,,yabby pumping,,Genus,
CAEU-0154,HUMB 12A,12A,,,Phoronopsis sp.,N,Y,N,E 2ML / Form. 2ML,G ROUSE / Dakota Berz,2026-08-13,,128546,Phoronopsis,Animalia,Phoronida,,,Phoronidae,Phoronopsis,,,,2026-08-14,,King salmon,intertidal sand flat,,yabby pumping,,Genus,
CAEU-0155,HUMB 10,10,,1,Polycirrus sp.,Y,Y,Y,F/E,G ROUSE / Dakota Berz,2026-08-13,,129710,Polycirrus,Animalia,Annelida,Polychaeta,Terebellida,Terebellidae,Polycirrus,,,,2026-08-14,"Svetlana, Gustav, Soma, Kathy Ann",S of Cape Mendocino,"Rocky shore with boulders and cobbles, some on silty sand, beach in high IT only, tide pools, low IT with urchin barrens",,,,Genus,
CAEU-0156,HUMB 10,10,CAEU-0155,1,Polycirrus sp.,N,Y,Y,F/E cryo 2ml,G ROUSE / Dakota Berz,2026-08-13,,129710,Polycirrus,Animalia,Annelida,Polychaeta,Terebellida,Terebellidae,Polycirrus,,,,2026-08-14,"Svetlana, Gustav, Soma, Kathy Ann",S of Cape Mendocino,"Rocky shore with boulders and cobbles, some on silty sand, beach in high IT only, tide pools, low IT with urchin barrens",,,,Genus,
CAEU-0157,HUMB 10,10,CAEU-0155,1,Polycirrus sp.,N,Y,Y,Whole E,G ROUSE / Dakota Berz,2026-08-13,,129710,Polycirrus,Animalia,Annelida,Polychaeta,Terebellida,Terebellidae,Polycirrus,,,,2026-08-14,"Svetlana, Gustav, Soma, Kathy Ann",S of Cape Mendocino,"Rocky shore with boulders and cobbles, some on silty sand, beach in high IT only, tide pools, low IT with urchin barrens",,,,Genus,
CAEU-0158,HUMB 10,10,CAEU-0155,1,Polycirrus sp.,N,Y,Y,Whole E,G ROUSE / Dakota Berz,2026-08-13,,129710,Polycirrus,Animalia,Annelida,Polychaeta,Terebellida,Terebellidae,Polycirrus,,,,2026-08-14,"Svetlana, Gustav, Soma, Kathy Ann",S of Cape Mendocino,"Rocky shore with boulders and cobbles, some on silty sand, beach in high IT only, tide pools, low IT with urchin barrens",,,,Genus,
CAEU-0159,HUMB 10,10,,1,Lumbrineris sp.,Y,Y,Y,Mid 2ml et / cryo rest form. 2ml,G ROUSE / Dakota Berz,2026-08-13,,129337,Lumbrineris,Animalia,Annelida,Polychaeta,Eunicida,Lumbrineridae,Lumbrineris,,,,2026-08-14,"Svetlana, Gustav, Soma, Kathy Ann",S of Cape Mendocino,"Rocky shore with boulders and cobbles, some on silty sand, beach in high IT only, tide pools, low IT with urchin barrens",,,,Genus,
CAEU-0160,HUMB 10,10,CAEU-0159,1,Lumbrineris sp.,N,Y,Y,Mid 2ml E / rest form,G ROUSE / Dakota Berz,2026-08-13,,129337,Lumbrineris,Animalia,Annelida,Polychaeta,Eunicida,Lumbrineridae,Lumbrineris,,,,2026-08-14,"Svetlana, Gustav, Soma, Kathy Ann",S of Cape Mendocino,"Rocky shore with boulders and cobbles, some on silty sand, beach in high IT only, tide pools, low IT with urchin barrens",,,,Genus,
CAEU-0161,HUMB-10,10,,4,Orbiniid sp.,Y,Y,Y,mid 2ml E / rest F,G ROUSE / Dakota Berz,2026-08-13,,902,Orbiniidae,Animalia,Annelida,Polychaeta,,Orbiniidae,,,,,2026-08-14,"Svetlana, Gustav, Soma, Kathy Ann",S of Cape Mendocino,"Rocky shore with boulders and cobbles, some on silty sand, beach in high IT only, tide pools, low IT with urchin barrens",,,,Family,
CAEU-0162,11A,11A,,1,Leitoscoloplos pugettensis,Y,Y,Y,"mid 2ml E / cryo, rest F 2ml",G ROUSE / Dakota Berz,2026-08-13,,254746,Leitoscoloplos pugettensis,Animalia,Annelida,Polychaeta,,Orbiniidae,Leitoscoloplos,,pugettensis,,2026-08-14,"Greg, Dakota",King salmon,intertidal sand flat,on sand flat,MgCl2 extraction,,Species,
CAEU-0163,HUMB-10,10,CAEU-0161,,Orbiniid sp.,N,Y,Y,mid 2ml E / rest F,G ROUSE / Dakota Berz,2026-08-13,,902,Orbiniidae,Animalia,Annelida,Polychaeta,,Orbiniidae,,,,,2026-08-14,"Svetlana, Gustav, Soma, Kathy Ann",S of Cape Mendocino,"Rocky shore with boulders and cobbles, some on silty sand, beach in high IT only, tide pools, low IT with urchin barrens",,,,Family,
CAEU-0164,HUMB-10,10,CAEU-0161,,Orbiniid sp.,N,Y,Y,mid 2ml E / rest F,G ROUSE / Dakota Berz,2026-08-13,,902,Orbiniidae,Animalia,Annelida,Polychaeta,,Orbiniidae,,,,,2026-08-14,"Svetlana, Gustav, Soma, Kathy Ann",S of Cape Mendocino,"Rocky shore with boulders and cobbles, some on silty sand, beach in high IT only, tide pools, low IT with urchin barrens",,,,Family,
CAEU-0165,HUMB-10,10,CAEU-0161,,Orbiniid sp.,N,Y,Y,mid 2ml E / rest F,G ROUSE / Dakota Berz,2026-08-13,,902,Orbiniidae,Animalia,Annelida,Polychaeta,,Orbiniidae,,,,,2026-08-14,"Svetlana, Gustav, Soma, Kathy Ann",S of Cape Mendocino,"Rocky shore with boulders and cobbles, some on silty sand, beach in high IT only, tide pools, low IT with urchin barrens",,,,Family,
CAEU-0166,HUMB 11,11,CAEU-0105,,Paraeurythoe sp.,N,Y,Y,sub 2ml et / cryo rest 15ml form,G ROUSE / Dakota Berz,2026-08-13,,129192,Pareurythoe,Animalia,Annelida,Polychaeta,Amphinomida,Amphinomidae,Pareurythoe,,,,2026-08-14,,King salmon,intertidal sand flat,,,,Genus,
CAEU-0167,HUMB 11,11,CAEU-0105,,Paraeurythoe sp.,N,Y,Y,sub 2ml E / rest F 15ml,G ROUSE / Dakota Berz,2026-08-13,,129192,Pareurythoe,Animalia,Annelida,Polychaeta,Amphinomida,Amphinomidae,Pareurythoe,,,,2026-08-14,,King salmon,intertidal sand flat,,,,Genus,
CAEU-0168,HUMB 11,11,CAEU-0105,,Paraeurythoe sp.,N,Y,Y,sub 2ml E / rest F 15ml,G ROUSE / Dakota Berz,2026-08-13,,129192,Pareurythoe,Animalia,Annelida,Polychaeta,Amphinomida,Amphinomidae,Pareurythoe,,,,2026-08-14,,King salmon,intertidal sand flat,,,,Genus,
CAEU-0169,HUMB 13,13,,1,Caprella mutica?,Y,Y,Y,leg 2ml E / rest 2ml E voucher ♂,G ROUSE / Dakota Berz,2026-08-13,,146768,Caprella mutica,Animalia,Arthropoda,Malacostraca,Amphipoda,Caprellidae,Caprella,,mutica,,2026-08-14,,Trinidad floating dock,bait cage,,hand,,Species,
CAEU-0170,HUMB 13,13,CAEU-0169,1,Caprella mutica?,Y,Y,Y,leg 2ml E / rest 2ml E voucher ♀,G ROUSE / Dakota Berz,2026-08-13,,146768,Caprella mutica,Animalia,Arthropoda,Malacostraca,Amphipoda,Caprellidae,Caprella,,mutica,,2026-08-14,,Trinidad floating dock,bait cage,,hand,,Species,
CAEU-0171,HUMB 13,13,CAEU-0170,1,Caprella mutica?,N,Y,N,cryo 108 2ml / rest 2ml E ♂,G ROUSE / Dakota Berz,2026-08-13,,146768,Caprella mutica,Animalia,Arthropoda,Malacostraca,Amphipoda,Caprellidae,Caprella,,mutica,,2026-08-14,,Trinidad floating dock,bait cage,,hand,,Species,
CAEU-0172,HUMB 15,15,,1,Nereidid sp.,Y,Y,Y,mid 2ml E / cryo rest 15ml F,G ROUSE / Dakota Berz,2026-08-13,,22496,Nereididae,Animalia,Annelida,Polychaeta,Phyllodocida,Nereididae,,,,,2026-08-15,"Greg, Dakota",Samoa boat ramp,Zostera bed and rocks,,hand,,Family,
CAEU-0173,HUMB 15,15,,1,Nereidid sp.,N,Y,Y,mid 2ml E / rest 15ml F,G ROUSE / Dakota Berz,2026-08-13,,22496,Nereididae,Animalia,Annelida,Polychaeta,Phyllodocida,Nereididae,,,,,2026-08-15,"Greg, Dakota",Samoa boat ramp,Zostera bed and rocks,,hand,,Family,
CAEU-0174,HUMB 15,15,,1,Platynereis bicanaliculata,Y,Y,Y,"sub. 2ml E, rest 2ml F, cryo 2ml",G ROUSE / Dakota Berz,2026-08-13,,334557,Platynereis bicanaliculata,Animalia,Annelida,Polychaeta,Phyllodocida,Nereididae,Platynereis,,bicanaliculata,,2026-08-15,"Greg, Dakota",Samoa boat ramp,Zostera bed and rocks,,hand,,Species,
CAEU-0175,HUMB 15,15,CAEU-0174,1,Platynereis bicanaliculata,N,Y,Y,"Photo of tube, no label shot. 2ml E, Rest F",G ROUSE / Dakota Berz,2026-08-13,,334557,Platynereis bicanaliculata,Animalia,Annelida,Polychaeta,Phyllodocida,Nereididae,Platynereis,,bicanaliculata,,2026-08-15,"Greg, Dakota",Samoa boat ramp,Zostera bed and rocks,,hand,,Species,
CAEU-0176,HUMB 15,15,,1,Dipolydora sp.,Y,Y,Y,"mid 2ml E, cryo, rest F",G ROUSE / Dakota Berz,2026-08-13,,129611,Dipolydora,Animalia,Annelida,Polychaeta,Spionida,Spionidae,Dipolydora,,,,2026-08-15,"Greg, Dakota",Samoa boat ramp,Zostera bed and rocks,,hand,,Genus,
CAEU-0177,HUMB 14A,14A,,1,Mesochaetopterus taylori,Y,Y,Y,"cryo 2ml, 2ml E, rest 15ml F",G ROUSE / Dakota Berz,2026-08-13,,157487,Mesochaetopterus taylori,Animalia,Annelida,Polychaeta,,Chaetopteridae,Mesochaetopterus,,taylori,,2026-08-15,Svetlana,Samoa dunes,Sandy shore and jetties,sandy shore,"shovel, hand",,Species,
CAEU-0178,HUMB 16,16,,1,Listriolobus pelodes,Y,Y,Y,"cryo 2ml, 2ml E, rest 50ml F",G ROUSE / Dakota Berz,2026-08-13,,266792,Listriolobus pelodes,Animalia,Annelida,Polychaeta,Echiuroidea,Thalassematidae,Listriolobus,,pelodes,,2026-08-15,"Andre, Robin, Sadie, Alex",Park Street,sand flat with ghost shrimp burrows,,,,Species,
CAEU-0179,HUMB 16,16,CAEU-0178,1,Polynoidae 'symbiont',Y,Y,Y,"cryo 2ml, 2ml E, rest 15ml F. On CAEU-0178",G ROUSE / Dakota Berz,2026-08-13,,939,Polynoidae,Animalia,Annelida,Polychaeta,Phyllodocida,Polynoidae,,,,,2026-08-15,"Andre, Robin, Sadie, Alex",Park Street,sand flat with ghost shrimp burrows,,,,Family,
CAEU-0180,HUMB 16,16,CAEU-0178,1,Polynoidae smaller one with symbiont [above],Y,Y,Y,F/E. On CAEU-0178,G ROUSE / Dakota Berz,2026-08-13,,939,Polynoidae,Animalia,Annelida,Polychaeta,Phyllodocida,Polynoidae,,,,,2026-08-15,"Andre, Robin, Sadie, Alex",Park Street,sand flat with ghost shrimp burrows,,,,Family,
CAEU-0181,5B,5B,,1,Mytilus californiensis,N,Y,Y,Valves saved! foot cryo/et.,Dakota Berz / Greg Rouse,2026-08-12,,367837,Mytilus californianus,Animalia,Mollusca,Bivalvia,Mytilida,Mytilidae,Mytilus,,californianus,,2026-08-12,"Greg, Amy",Old Home Beach,Rocky & sandy shore,rock on beach,hand,,Species,
CAEU-0182,5B,5B,CAEU-0181,1,Mytilus californiensis,N,Y,Y,Valves saved etoh only sub.,Dakota Berz / Greg Rouse,2026-08-12,,367837,Mytilus californianus,Animalia,Mollusca,Bivalvia,Mytilida,Mytilidae,Mytilus,,californianus,,2026-08-12,"Greg, Amy",Old Home Beach,Rocky & sandy shore,rock on beach,hand,,Species,
CAEU-0183,5B,5B,CAEU-0181,1,Mytilus californiensis,N,Y,Y,Valves saved etoh only sub.,Dakota Berz / Greg Rouse,2026-08-12,,367837,Mytilus californianus,Animalia,Mollusca,Bivalvia,Mytilida,Mytilidae,Mytilus,,californianus,,2026-08-12,"Greg, Amy",Old Home Beach,Rocky & sandy shore,rock on beach,hand,,Species,
CAEU-0184,5B,5B,CAEU-0181,1,Mytilus californiensis,N,Y,Y,Valves saved etoh only sub.,Dakota Berz / Greg Rouse,2026-08-12,,367837,Mytilus californianus,Animalia,Mollusca,Bivalvia,Mytilida,Mytilidae,Mytilus,,californianus,,2026-08-12,"Greg, Amy",Old Home Beach,Rocky & sandy shore,rock on beach,hand,,Species,
CAEU-0185,5B,5B,CAEU-0181,1,Mytilus californiensis,N,Y,Y,Valves saved etoh only sub.,Dakota Berz / Greg Rouse,2026-08-12,,367837,Mytilus californianus,Animalia,Mollusca,Bivalvia,Mytilida,Mytilidae,Mytilus,,californianus,,2026-08-12,"Greg, Amy",Old Home Beach,Rocky & sandy shore,rock on beach,hand,,Species,
CAEU-0186,5B,5B,,1,Pollicipes polymerus,N,Y,Y,sub 2ml Etoh / Voucher 2ml etoh,Dakota Berz / Greg Rouse,2026-08-12,,535329,Pollicipes polymerus,Animalia,Arthropoda,Thecostraca,Pollicipedomorpha,Pollicipedidae,Pollicipes,,polymerus,,2026-08-12,"Greg, Amy",Old Home Beach,Rocky & sandy shore,rock on beach,hand,,Species,
CAEU-0187,5B,5B,CAEU-0186,1,Pollicipes polymerus,N,Y,Y,sub 2ml Etoh / Voucher 2ml etoh,Dakota Berz / Greg Rouse,2026-08-12,,535329,Pollicipes polymerus,Animalia,Arthropoda,Thecostraca,Pollicipedomorpha,Pollicipedidae,Pollicipes,,polymerus,,2026-08-12,"Greg, Amy",Old Home Beach,Rocky & sandy shore,rock on beach,hand,,Species,
CAEU-0188,5B,5B,CAEU-0186,1,Pollicipes polymerus,N,Y,Y,sub 2ml Etoh / Voucher 2ml etoh,Dakota Berz / Greg Rouse,2026-08-12,,535329,Pollicipes polymerus,Animalia,Arthropoda,Thecostraca,Pollicipedomorpha,Pollicipedidae,Pollicipes,,polymerus,,2026-08-12,"Greg, Amy",Old Home Beach,Rocky & sandy shore,rock on beach,hand,,Species,
CAEU-0189,5B,5B,CAEU-0186,1,Pollicipes polymerus,N,Y,Y,sub 2ml Etoh / Voucher 2ml etoh,Dakota Berz / Greg Rouse,2026-08-12,,535329,Pollicipes polymerus,Animalia,Arthropoda,Thecostraca,Pollicipedomorpha,Pollicipedidae,Pollicipes,,polymerus,,2026-08-12,"Greg, Amy",Old Home Beach,Rocky & sandy shore,rock on beach,hand,,Species,
CAEU-0190,5B,5B,CAEU-0186,1,Pollicipes polymerus,N,Y,Y,sub 2ml Etoh / Voucher 2ml etoh,Dakota Berz / Greg Rouse,2026-08-12,,535329,Pollicipes polymerus,Animalia,Arthropoda,Thecostraca,Pollicipedomorpha,Pollicipedidae,Pollicipes,,polymerus,,2026-08-12,"Greg, Amy",Old Home Beach,Rocky & sandy shore,rock on beach,hand,,Species,
CAEU-0191,,,,,,,,,,,,,,,,,,,,,,,,,,,,,,,,
CAEU-0192,,,,,,,,,,,,,,,,,,,,,,,,,,,,,,,,
CAEU-0193,,,,,,,,,,,,,,,,,,,,,,,,,,,,,,,,
CAEU-0194,,,,,,,,,,,,,,,,,,,,,,,,,,,,,,,,
CAEU-0195,,,,,,,,,,,,,,,,,,,,,,,,,,,,,,,,
CAEU-0196,,,,,,,,,,,,,,,,,,,,,,,,,,,,,,,,
CAEU-0197,,,,,,,,,,,,,,,,,,,,,,,,,,,,,,,,
CAEU-0198,,,,,,,,,,,,,,,,,,,,,,,,,,,,,,,,
CAEU-0199,,,,,,,,,,,,,,,,,,,,,,,,,,,,,,,,
CAEU-0200,,,,,,,,,,,,,,,,,,,,,,,,,,,,,,,,
CAEU-0201,,,,,,,,,,,,,,,,,,,,,,,,,,,,,,,,
CAEU-0202,,,,,,,,,,,,,,,,,,,,,,,,,,,,,,,,
CAEU-0203,,,,,,,,,,,,,,,,,,,,,,,,,,,,,,,,
CAEU-0204,,,,,,,,,,,,,,,,,,,,,,,,,,,,,,,,
CAEU-0205,,,,,,,,,,,,,,,,,,,,,,,,,,,,,,,,
CAEU-0206,,,,,,,,,,,,,,,,,,,,,,,,,,,,,,,,
CAEU-0207,,,,,,,,,,,,,,,,,,,,,,,,,,,,,,,,
CAEU-0208,,,,,,,,,,,,,,,,,,,,,,,,,,,,,,,,
CAEU-0209,,,,,,,,,,,,,,,,,,,,,,,,,,,,,,,,
CAEU-0210,,,,,,,,,,,,,,,,,,,,,,,,,,,,,,,,
CAEU-0211,HUM 3 RED ALGAE,3 RED ALGAE,,14,Banseella oregonica,Y,Y,Y,7E 7F I have spermathecae,GREG ROUSE,2026-08-11,,533794,Bansella oregonica,Animalia,Annelida,Polychaeta,Sabellida,Fabriciidae,Bansella,,oregonica,,,,,,,,,Species,
CAEU-0212,HUM 3 RED ALGAE,3 RED ALGAE,,6,RUBIFABRICIOLA BERKELEYI,Y,Y,Y,3E 3F,GREG ROUSE,2026-08-11,,1449315,Rubifabriciola berkeleyi,Animalia,Annelida,Polychaeta,Sabellida,Fabriciidae,Rubifabriciola,,berkeleyi,,,,,,,,,Species,
CAEU-0213,HUM 3 RED ALGAE,3 RED ALGAE,,2,Amphicorina new,Y,Y,Y,1F / 1E,GREG ROUSE,2026-08-11,,154923,Amphicorina,Animalia,Annelida,Polychaeta,Sabellida,Sabellidae,Amphicorina,,,,,,,,,,,Genus,
CAEU-0214,HUM 3 RED ALGAE,3 RED ALGAE,,7,CLITELLATA,Y,Y,Y,4E 3F,GREG ROUSE,2026-08-11,,14165,Clitellata,Animalia,Annelida,Clitellata,,,,,,,,,,,,,,Higher,
CAEU-0215,HUM 3 RED ALGAE,3 RED ALGAE,,1,Chrysopetalum,Y,Y,Y,F/E Frichidon?,GREG ROUSE,2026-08-11,,129235,Chrysopetalum,Animalia,Annelida,Polychaeta,Phyllodocida,Chrysopetalidae,Chrysopetalum,,,,,,,,,,,Genus,
CAEU-0216,HUM 3 RED ALGAE,3 RED ALGAE,,2,Pseudopotamilla,Y,Y,Y,Died F.W Try extraction 1F 1E,GREG ROUSE,2026-08-11,,129548,Pseudopotamilla,Animalia,Annelida,Polychaeta,Sabellida,Sabellidae,Pseudopotamilla,,,,,,,,,,,Genus,
CAEU-0217,HUM 5A,5A,,5,Nephtys californiensis,Y,Y,Y,5 split Cryo/Et/Form,GREG ROUSE,2026-08-11,,334137,Nephtys californiensis,Animalia,Annelida,Polychaeta,Phyllodocida,Nephtyidae,Nephtys,,californiensis,,2026-08-12,"Greg, Amy",Old Home Beach,Rocky & sandy shore,beach slope,hand,,Species,
CAEU-0218,HUM 5A,5A,CAEU-0217,1,Nephtys californiensis,Y,,,F/E,GREG ROUSE,2026-08-11,,334137,Nephtys californiensis,Animalia,Annelida,Polychaeta,Phyllodocida,Nephtyidae,Nephtys,,californiensis,,2026-08-12,"Greg, Amy",Old Home Beach,Rocky & sandy shore,beach slope,hand,,Species,
CAEU-0219,HUM 5A,5A,CAEU-0217,1,Nephtys californiensis,N,,,F/E,GREG ROUSE,2026-08-11,,334137,Nephtys californiensis,Animalia,Annelida,Polychaeta,Phyllodocida,Nephtyidae,Nephtys,,californiensis,,2026-08-12,"Greg, Amy",Old Home Beach,Rocky & sandy shore,beach slope,hand,,Species,
CAEU-0220,HUM 5A,5A,CAEU-0217,1,Nephtys californiensis,N,,,F/E,GREG ROUSE,2026-08-11,,334137,Nephtys californiensis,Animalia,Annelida,Polychaeta,Phyllodocida,Nephtyidae,Nephtys,,californiensis,,2026-08-12,"Greg, Amy",Old Home Beach,Rocky & sandy shore,beach slope,hand,,Species,
CAEU-0221,HUM 5A,5A,CAEU-0217,1,Nephtys californiensis,N,,,F/E,GREG ROUSE,2026-08-11,,334137,Nephtys californiensis,Animalia,Annelida,Polychaeta,Phyllodocida,Nephtyidae,Nephtys,,californiensis,,2026-08-12,"Greg, Amy",Old Home Beach,Rocky & sandy shore,beach slope,hand,,Species,
CAEU-0222,HUM 5A,5A,,2,Abarenicola,Y,Y,Y,F/E/cryo,GREG ROUSE,2026-08-11,,129205,Abarenicola,Animalia,Annelida,Polychaeta,,Arenicolidae,Abarenicola,,,,2026-08-12,"Greg, Amy",Old Home Beach,Rocky & sandy shore,beach slope,hand,,Genus,
CAEU-0223,HUM 5A,,CAEU-0222,1,Abarenicola,N,Y,Y,F/E anterior end only,GREG ROUSE,2026-08-11,,129205,Abarenicola,Animalia,Annelida,Polychaeta,,Arenicolidae,Abarenicola,,,,,,,,,,,Genus,
CAEU-0224,,,,1,Halosydna brevisetosa,Y,Y,Y,"sub 2ml Etoh, rest 15ml form/cryo",GREG ROUSE,2026-08-11,,333534,Halosydna brevisetosa,Animalia,Annelida,Polychaeta,Phyllodocida,Polynoidae,Halosydna,,brevisetosa,,,,,,,,,Species,
CAEU-0225,HUMB 06,6,,1,Eupolymnia,Y,Y,Y,F/E / CRYO,GREG ROUSE,2026-08-11,,129693,Eupolymnia,Animalia,Annelida,Polychaeta,Terebellida,Terebellidae,Eupolymnia,,,,2026-08-12,"Kathy Ann, Svetlana, John, Soma, Gustav, Yander, Terry, Robin, Siena, Ciara, Isabel, Sadie, Julien",Old Home Beach,Rocky intertidal with rock ledges,,hand,,Genus,
CAEU-0226,HUMB 06,6,,1,Neoamphitrite,Y,Y,Y,F/E / CRYO,GREG ROUSE,2026-08-11,,129702,Neoamphitrite,Animalia,Annelida,Polychaeta,Terebellida,Terebellidae,Neoamphitrite,,,,2026-08-12,"Kathy Ann, Svetlana, John, Soma, Gustav, Yander, Terry, Robin, Siena, Ciara, Isabel, Sadie, Julien",Old Home Beach,Rocky intertidal with rock ledges,,hand,,Genus,
CAEU-0227,HUMB 06,6,,1,Neoamphitrite,Y,Y,Y,F/E,GREG ROUSE,2026-08-11,,129702,Neoamphitrite,Animalia,Annelida,Polychaeta,Terebellida,Terebellidae,Neoamphitrite,,,,2026-08-12,"Kathy Ann, Svetlana, John, Soma, Gustav, Yander, Terry, Robin, Siena, Ciara, Isabel, Sadie, Julien",Old Home Beach,Rocky intertidal with rock ledges,,hand,,Genus,
CAEU-0228,HUMB 06,6,,1,Chrysopetalidae sp.,Y,Y,Y,F/E head formalin tiny ant.,GREG ROUSE,2026-08-11,,944,Chrysopetalidae,Animalia,Annelida,Polychaeta,Phyllodocida,Chrysopetalidae,,,,,2026-08-12,"Kathy Ann, Svetlana, John, Soma, Gustav, Yander, Terry, Robin, Siena, Ciara, Isabel, Sadie, Julien",Old Home Beach,Rocky intertidal with rock ledges,,hand,,Family,
CAEU-0229,HUMB 3C,3C,,1,Nereis 'long cirri',Y,Y,Y,1F 1E (smaller in E),GREG ROUSE,2026-08-11,,129379,Nereis,Animalia,Annelida,Polychaeta,Phyllodocida,Nereididae,Nereis,,,,2026-08-11,Svetlana,Luffenholtz Beach,"Rocky shore and beach mixed with rocky outcrops, cobble fields, tide pools, kelp and algal cover, low IT in some areas with urchin barrens","detached holdfasts, rootmass, well sanded, low IT on rocks",sweat,,Genus,
CAEU-0230,HUMB 3C,3C,,1,Nereis sp.,Y,Y,Y,1F/E,GREG ROUSE,2026-08-11,,129379,Nereis,Animalia,Annelida,Polychaeta,Phyllodocida,Nereididae,Nereis,,,,2026-08-11,Svetlana,Luffenholtz Beach,"Rocky shore and beach mixed with rocky outcrops, cobble fields, tide pools, kelp and algal cover, low IT in some areas with urchin barrens","detached holdfasts, rootmass, well sanded, low IT on rocks",sweat,,Genus,
CAEU-0231,HUMB 3C,3C,,1,Cirriformia,Y,Y,Y,1F/E,GREG ROUSE,2026-08-11,,129245,Cirriformia,Animalia,Annelida,Polychaeta,Terebellida,Cirratulidae,Cirriformia,,,,2026-08-11,Svetlana,Luffenholtz Beach,"Rocky shore and beach mixed with rocky outcrops, cobble fields, tide pools, kelp and algal cover, low IT in some areas with urchin barrens","detached holdfasts, rootmass, well sanded, low IT on rocks",sweat,,Genus,
CAEU-0232,HUMB 3C,3C,,1,Polycirrus,Y,Y,Y,1F/E,GREG ROUSE,2026-08-11,,129710,Polycirrus,Animalia,Annelida,Polychaeta,Terebellida,Terebellidae,Polycirrus,,,,2026-08-11,Svetlana,Luffenholtz Beach,"Rocky shore and beach mixed with rocky outcrops, cobble fields, tide pools, kelp and algal cover, low IT in some areas with urchin barrens","detached holdfasts, rootmass, well sanded, low IT on rocks",sweat,,Genus,
CAEU-0233,HUMB 3R,3R,,1,Syllis - Trypanosyllis,Y,Y,Y,F/E Red algae!!,GREG ROUSE,2026-08-11,,129681,Trypanosyllis,Animalia,Annelida,Polychaeta,Phyllodocida,Syllidae,Trypanosyllis,,,,,,,,,,,Genus,
CAEU-0234,HUMB 3R,3R,,2,Syllid - Purple,Y,Y,Y,1F 1E small ethanol Red algae!!,GREG ROUSE,2026-08-11,,948,Syllidae,Animalia,Annelida,Polychaeta,Phyllodocida,Syllidae,,,,,,,,,,,,Family,
CAEU-0235,HUMB 3R,3R,,1,Syllidae Purple '2',Y,Y,Y,1/2F 1/2E Red algae!!,GREG ROUSE,2026-08-11,,948,Syllidae,Animalia,Annelida,Polychaeta,Phyllodocida,Syllidae,,,,,,,,,,,,Family,
CAEU-0236,HUMB 3R,3R,,1,Trypanosyllis '2',Y,Y,Y,F/E middle in ethanol Red algae!!,GREG ROUSE,2026-08-11,,129681,Trypanosyllis,Animalia,Annelida,Polychaeta,Phyllodocida,Syllidae,Trypanosyllis,,,,,,,,,,,Genus,
CAEU-0237,HUMB 3R,3R,,1,Tanystylum,Y,Y,Y,sub 2ml etoh / Vouch. 2ml etoh. Leg + body Red algae!!,GREG ROUSE,2026-08-11,,134577,Tanystylum,Animalia,Arthropoda,Pycnogonida,Pantopoda,Ammotheidae,Tanystylum,,,,,,,,,,,Genus,
CAEU-0238,HUMB 3R,3R,,2,"Insecta, larvae",Y,Y,Y,2 Ethanol vouch Red algae,GREG ROUSE,2026-08-11,,1307,Insecta,Animalia,Arthropoda,Insecta,,,,,,,,,,,,,,Higher,
CAEU-0239,HUMB 5B,5B,,4,Schistomeringos hiltoni,Y,Y,Y,2E 1F 1CRYO NQ1000618182,GREG ROUSE,2026-08-11,,129274,Schistomeringos,Animalia,Annelida,Polychaeta,Eunicida,Dorvilleidae,Schistomeringos,,,,2026-08-12,"Greg, Amy",Old Home Beach,Rocky & sandy shore,rock on beach,hand,,Genus,
CAEU-0240,HUMB 5B,5B,,5,Ramex californica,Y,Y,Y,1F 4E,GREG ROUSE,2026-08-11,,331473,Ramex californiensis,Animalia,Annelida,Polychaeta,Terebellida,Terebellidae,Ramex,,californiensis,,2026-08-12,"Greg, Amy",Old Home Beach,Rocky & sandy shore,rock on beach,hand,,Species,
CAEU-0241,,,,,,,,,,,,,,,,,,,,,,,,,,,,,,,,
CAEU-0242,HUMB 02,2,,1,Lacuna,,,,,Kieran McKim et al.,2026-08-10,,138099,Lacuna,Animalia,Mollusca,Gastropoda,Littorinimorpha,Littorinidae,Lacuna,,,,2026-08-10,"Svetlana, Gustav",Crescent City N of Lighthouse,"boulders and rocks, with sand in between",,hand,,Genus,
CAEU-0243,HUMB 02,2,,1,Aplidium,✓,✓,✓,,Kieran McKim et al.,2026-08-10,,103471,Aplidium,Animalia,Chordata,Ascidiacea,Aplousobranchia,Polyclinidae,Aplidium,,,,2026-08-10,"Svetlana, Gustav",Crescent City N of Lighthouse,"boulders and rocks, with sand in between",,hand,,Genus,
CAEU-0244,HUMB 02,2,,1,Tegula brunnea,,,,,Kieran McKim et al.,2026-08-10,,534187,Tegula brunnea,Animalia,Mollusca,Gastropoda,Trochida,Tegulidae,Tegula,,brunnea,,2026-08-10,"Svetlana, Gustav",Crescent City N of Lighthouse,"boulders and rocks, with sand in between",,hand,,Species,
CAEU-0245,HUMB 02,2,,1,Calliostoma ligatum,,,,,Kieran McKim et al.,2026-08-10,,580412,Calliostoma ligatum,Animalia,Mollusca,Gastropoda,Trochida,Calliostomatidae,Calliostoma,,ligatum,,2026-08-10,"Svetlana, Gustav",Crescent City N of Lighthouse,"boulders and rocks, with sand in between",,hand,,Species,
CAEU-0246,HUMB 02,2,,1,Calliostoma ligatum,,,,,Kieran McKim et al.,2026-08-10,,580412,Calliostoma ligatum,Animalia,Mollusca,Gastropoda,Trochida,Calliostomatidae,Calliostoma,,ligatum,,2026-08-10,"Svetlana, Gustav",Crescent City N of Lighthouse,"boulders and rocks, with sand in between",,hand,,Species,
CAEU-0247,HUMB 02,2,,1,Calliostoma ligatum,,,,,Kieran McKim et al.,2026-08-10,,580412,Calliostoma ligatum,Animalia,Mollusca,Gastropoda,Trochida,Calliostomatidae,Calliostoma,,ligatum,,2026-08-10,"Svetlana, Gustav",Crescent City N of Lighthouse,"boulders and rocks, with sand in between",,hand,,Species,
CAEU-0248,HUMB 02,2,,1,Ascidiacea,,,,,Kieran McKim et al.,2026-08-10,,1839,Ascidiacea,Animalia,Chordata,Ascidiacea,,,,,,,2026-08-10,"Svetlana, Gustav",Crescent City N of Lighthouse,"boulders and rocks, with sand in between",,hand,,Higher,
CAEU-0249,HUMB 02,2,,1,Ascidiacea,,,,,Kieran McKim et al.,2026-08-10,,1839,Ascidiacea,Animalia,Chordata,Ascidiacea,,,,,,,2026-08-10,"Svetlana, Gustav",Crescent City N of Lighthouse,"boulders and rocks, with sand in between",,hand,,Higher,
CAEU-0250,HUMB 02,2,,1,Ascidiacea,,,,,Kieran McKim et al.,2026-08-10,,1839,Ascidiacea,Animalia,Chordata,Ascidiacea,,,,,,,2026-08-10,"Svetlana, Gustav",Crescent City N of Lighthouse,"boulders and rocks, with sand in between",,hand,,Higher,
CAEU-0251,HUMB 02,2,,1,Anthopleura artemisia,,,,,Kieran McKim et al.,2026-08-10,,283337,Anthopleura artemisia,Animalia,Cnidaria,Hexacorallia,Actiniaria,Actiniidae,Anthopleura,,artemisia,,2026-08-10,"Svetlana, Gustav",Crescent City N of Lighthouse,"boulders and rocks, with sand in between",,hand,,Species,
CAEU-0252,HUMB 01,1,,1,Kaburakia,,,,,Kieran McKim et al.,2026-08-10,,479819,Kaburakia,Animalia,Platyhelminthes,,Polycladida,Callioplanidae,Kaburakia,,,,2026-08-10,"Svetlana, Gustav",Crescent City Docks,docks,,hand,,Genus,
CAEU-0253,HUMB 02,2,CAEU-0058,1,Maeridae A,✓,✓,X,ID: Siena McKim,Siena McKim,2026-08-10,,475166,Maeridae,Animalia,Arthropoda,Malacostraca,Amphipoda,Maeridae,,,,,2026-08-10,"Svetlana, Gustav",Crescent City N of Lighthouse,"boulders and rocks, with sand in between",,hand,,Family,
CAEU-0254,HUMB 02,2,CAEU-0058,1,Maeridae A,✓,✓,X,,Siena McKim,2026-08-10,,475166,Maeridae,Animalia,Arthropoda,Malacostraca,Amphipoda,Maeridae,,,,,2026-08-10,"Svetlana, Gustav",Crescent City N of Lighthouse,"boulders and rocks, with sand in between",,hand,,Family,
CAEU-0255,HUMB 02,2,CAEU-0040,1,Polycheira osborni,✓,X,✓,,Siena McKim,2026-08-10,,489489,Polycheria osborni,Animalia,Arthropoda,Malacostraca,Amphipoda,Dexaminidae,Polycheria,,osborni,,2026-08-10,"Svetlana, Gustav",Crescent City N of Lighthouse,"boulders and rocks, with sand in between",,hand,,Species,
CAEU-0256,HUMB 02,2,CAEU-0040,1,Polycheira osborni,✓,X,✓,,Siena McKim,2026-08-10,,489489,Polycheria osborni,Animalia,Arthropoda,Malacostraca,Amphipoda,Dexaminidae,Polycheria,,osborni,,2026-08-10,"Svetlana, Gustav",Crescent City N of Lighthouse,"boulders and rocks, with sand in between",,hand,,Species,
CAEU-0257,HUMB 02,2,CAEU-0040,1,Polycheira osborni,✓,X,✓,,Siena McKim,2026-08-10,,489489,Polycheria osborni,Animalia,Arthropoda,Malacostraca,Amphipoda,Dexaminidae,Polycheria,,osborni,,2026-08-10,"Svetlana, Gustav",Crescent City N of Lighthouse,"boulders and rocks, with sand in between",,hand,,Species,
CAEU-0258,HUMB 02,2,,1,Ampeliscidae,✓,X,✓,,Siena McKim,2026-08-10,,101364,Ampeliscidae,Animalia,Arthropoda,Malacostraca,Amphipoda,Ampeliscidae,,,,,2026-08-10,"Svetlana, Gustav",Crescent City N of Lighthouse,"boulders and rocks, with sand in between",,hand,,Family,
CAEU-0259,HUMB 02,2,,1,Ampeliscidae,✓,✓,X,,Siena McKim,2026-08-10,,101364,Ampeliscidae,Animalia,Arthropoda,Malacostraca,Amphipoda,Ampeliscidae,,,,,2026-08-10,"Svetlana, Gustav",Crescent City N of Lighthouse,"boulders and rocks, with sand in between",,hand,,Family,
CAEU-0260,HUMB 02,2,,1,Ampeliscidae,✓,✓,X,,Siena McKim,2026-08-10,,101364,Ampeliscidae,Animalia,Arthropoda,Malacostraca,Amphipoda,Ampeliscidae,,,,,2026-08-10,"Svetlana, Gustav",Crescent City N of Lighthouse,"boulders and rocks, with sand in between",,hand,,Family,
CAEU-0261,HUMB 02,2,,37,Ampeliscidae,X,,✓,bulk 75%,Siena McKim,2026-08-10,,101364,Ampeliscidae,Animalia,Arthropoda,Malacostraca,Amphipoda,Ampeliscidae,,,,,2026-08-10,"Svetlana, Gustav",Crescent City N of Lighthouse,"boulders and rocks, with sand in between",,hand,,Family,
CAEU-0262,HUMB 02,2,,1,Margarites pupillus,✓,✓,✓,,Kieran McKim et al.,2026-08-10,,528731,Margarites pupillus,Animalia,Mollusca,Gastropoda,Trochida,Margaritesidae,Margarites,,pupillus,,2026-08-10,"Svetlana, Gustav",Crescent City N of Lighthouse,"boulders and rocks, with sand in between",,hand,,Species,
CAEU-0263,HUMB 02,2,CAEU-0262,1,Margarites pupillus,✓,✓,✓,,Kieran McKim et al.,2026-08-10,,528731,Margarites pupillus,Animalia,Mollusca,Gastropoda,Trochida,Margaritesidae,Margarites,,pupillus,,2026-08-10,"Svetlana, Gustav",Crescent City N of Lighthouse,"boulders and rocks, with sand in between",,hand,,Species,
CAEU-0264,HUMB 02,2,CAEU-0262,1,Margarites pupillus,✓,✓,✓,,Kieran McKim et al.,2026-08-10,,528731,Margarites pupillus,Animalia,Mollusca,Gastropoda,Trochida,Margaritesidae,Margarites,,pupillus,,2026-08-10,"Svetlana, Gustav",Crescent City N of Lighthouse,"boulders and rocks, with sand in between",,hand,,Species,
CAEU-0265,HUMB 02,2,CAEU-0048,1,Acmaea mitra,✓,✓,✓,ID: GP,Gustav Paulay,2026-08-10,,456582,Acmaea mitra,Animalia,Mollusca,Gastropoda,Nacellida,Acmaeidae,Acmaea,,mitra,,2026-08-10,"Svetlana, Gustav",Crescent City N of Lighthouse,"boulders and rocks, with sand in between",,hand,,Species,
CAEU-0266,HUMB 02,2,CAEU-0048,1,Acmaea mitra,✓,✓,✓,,Gustav Paulay,2026-08-10,,456582,Acmaea mitra,Animalia,Mollusca,Gastropoda,Nacellida,Acmaeidae,Acmaea,,mitra,,2026-08-10,"Svetlana, Gustav",Crescent City N of Lighthouse,"boulders and rocks, with sand in between",,hand,,Species,
CAEU-0267,HUMB 02,2,CAEU-0048,1,Acmaea mitra,✓,✓,✓,,Gustav Paulay,2026-08-10,,456582,Acmaea mitra,Animalia,Mollusca,Gastropoda,Nacellida,Acmaeidae,Acmaea,,mitra,,2026-08-10,"Svetlana, Gustav",Crescent City N of Lighthouse,"boulders and rocks, with sand in between",,hand,,Species,
CAEU-0268,HUMB 02,2,,1,Eudistoma purpuropunctatum?,✓,✓,✓,,Gustav Paulay,2026-08-10,,250245,Eudistoma purpuropunctatum,Animalia,Chordata,Ascidiacea,Aplousobranchia,Polycitoridae,Eudistoma,,purpuropunctatum,,2026-08-10,"Svetlana, Gustav",Crescent City N of Lighthouse,"boulders and rocks, with sand in between",,hand,,Species,
CAEU-0269,HUMB 03,3,,1,Pagurus granosimanus,✓,✓,✓,,Gustav Paulay,2026-08-10,,366694,Pagurus granosimanus,Animalia,Arthropoda,Malacostraca,Decapoda,Paguridae,Pagurus,,granosimanus,,2026-08-11,"Kathy Ann, Svetlana, John, Soma, Gustav, Yander, Terry, Robin, Siena, Ciara, Isabel, Julien",Luffenholtz Beach,"Rocky shore and beach mixed with rocky outcrops, cobble fields, tide pools, kelp and algal cover, low IT in some areas with urchin barrens",,,,Species,
CAEU-0270,HUMB 03,3,,1,Epiactis prolifera?,✓,✓,✓,,Gustav Paulay,2026-08-10,,283435,Epiactis prolifera,Animalia,Cnidaria,Hexacorallia,Actiniaria,Actiniidae,Epiactis,,prolifera,,2026-08-11,"Kathy Ann, Svetlana, John, Soma, Gustav, Yander, Terry, Robin, Siena, Ciara, Isabel, Julien",Luffenholtz Beach,"Rocky shore and beach mixed with rocky outcrops, cobble fields, tide pools, kelp and algal cover, low IT in some areas with urchin barrens",,,,Species,
CAEU-0271,HUMB-02A,2A,,1,Brinkmanniella palmata,y,y,,eth,Yander L. Diez,2026-08-11,,143320,Brinkmanniella palmata,Animalia,Platyhelminthes,,Rhabdocoela,,Brinkmanniella,,palmata,,2026-08-10,"Svetlana, Gustav",Crescent City N of Lighthouse,"boulders and rocks, with sand in between",red algae,,,Species,
CAEU-0272,HUMB-02C,2C,,1,Polycystididae sp. 1,y,,y,whole-mount (WM),Yander L. Diez,2026-08-11,,142099,Polycystididae,Animalia,Platyhelminthes,,Rhabdocoela,Polycystididae,,,,,2026-08-10,"Svetlana, Gustav",Crescent City N of Lighthouse,"boulders and rocks, with sand in between",coralline & red algal scrape,pick & sweat,,Family,
CAEU-0273,HUMB-02C,2C,,1,Polycystididae sp. 1,y,y,,eth,Yander L. Diez,2026-08-11,,142099,Polycystididae,Animalia,Platyhelminthes,,Rhabdocoela,Polycystididae,,,,,2026-08-10,"Svetlana, Gustav",Crescent City N of Lighthouse,"boulders and rocks, with sand in between",coralline & red algal scrape,pick & sweat,,Family,
CAEU-0274,HUMB-02C,2C,,1,Ceratopera pacifica,y,y,,eth,Yander L. Diez,2026-08-11,,1067026,Ceratopera pacifica,Animalia,Platyhelminthes,,Rhabdocoela,Trigonostomidae,Ceratopera,,pacifica,,2026-08-10,"Svetlana, Gustav",Crescent City N of Lighthouse,"boulders and rocks, with sand in between",coralline & red algal scrape,pick & sweat,,Species,
CAEU-0275,HUMB-02C,2C,,1,Ceratopera pacifica,y,y,,eth,Yander L. Diez,2026-08-11,,1067026,Ceratopera pacifica,Animalia,Platyhelminthes,,Rhabdocoela,Trigonostomidae,Ceratopera,,pacifica,,2026-08-10,"Svetlana, Gustav",Crescent City N of Lighthouse,"boulders and rocks, with sand in between",coralline & red algal scrape,pick & sweat,,Species,
CAEU-0276,HUMB-02C,2C,,1,Polycystis sp. 1,y,,y,WM,Yander L. Diez,2026-08-11,,142379,Polycystis,Animalia,Platyhelminthes,,Rhabdocoela,Polycystididae,Polycystis,,,,2026-08-10,"Svetlana, Gustav",Crescent City N of Lighthouse,"boulders and rocks, with sand in between",coralline & red algal scrape,pick & sweat,,Genus,
CAEU-0277,HUMB-02C,2C,,1,Polycystis sp. 1,y,y,,eth,Yander L. Diez,2026-08-11,,142379,Polycystis,Animalia,Platyhelminthes,,Rhabdocoela,Polycystididae,Polycystis,,,,2026-08-10,"Svetlana, Gustav",Crescent City N of Lighthouse,"boulders and rocks, with sand in between",coralline & red algal scrape,pick & sweat,,Genus,
CAEU-0278,HUMB-02C,2C,,1,Ceratopera pacifica,y,,y,WM,Yander L. Diez,2026-08-11,,1067026,Ceratopera pacifica,Animalia,Platyhelminthes,,Rhabdocoela,Trigonostomidae,Ceratopera,,pacifica,,2026-08-10,"Svetlana, Gustav",Crescent City N of Lighthouse,"boulders and rocks, with sand in between",coralline & red algal scrape,pick & sweat,,Species,
CAEU-0279,HUMB-02C,2C,,1,Plagiostomum sp. 1,y,y,,"eth, 3 black stripes, with eyes",Yander L. Diez,2026-08-11,,142260,Plagiostomum,Animalia,Platyhelminthes,,Prolecithophora,Plagiostomidae,Plagiostomum,,,,2026-08-10,"Svetlana, Gustav",Crescent City N of Lighthouse,"boulders and rocks, with sand in between",coralline & red algal scrape,pick & sweat,,Genus,
CAEU-0280,HUMB-02C,2C,,1,Astrotorhynchus sp. 1,y,y,,eth,Yander L. Diez,2026-08-11,,142430,Astrotorhynchus,Animalia,Platyhelminthes,,Rhabdocoela,Promesostomidae,Astrotorhynchus,,,,2026-08-10,"Svetlana, Gustav",Crescent City N of Lighthouse,"boulders and rocks, with sand in between",coralline & red algal scrape,pick & sweat,,Genus,
CAEU-0281,HUMB-02C,2C,,1,Plagiostomum sp. 2,y,y,,eth,Yander L. Diez,2026-08-11,,142260,Plagiostomum,Animalia,Platyhelminthes,,Prolecithophora,Plagiostomidae,Plagiostomum,,,,2026-08-10,"Svetlana, Gustav",Crescent City N of Lighthouse,"boulders and rocks, with sand in between",coralline & red algal scrape,pick & sweat,,Genus,
CAEU-0282,HUMB-02C,2C,,1,Polycystis sp. 1,y,y,,eth,Yander L. Diez,2026-08-11,,142379,Polycystis,Animalia,Platyhelminthes,,Rhabdocoela,Polycystididae,Polycystis,,,,2026-08-10,"Svetlana, Gustav",Crescent City N of Lighthouse,"boulders and rocks, with sand in between",coralline & red algal scrape,pick & sweat,,Genus,
CAEU-0283,HUMB-02C,2C,,1,Plagiostomum sp. 2,y,y,,eth,Yander L. Diez,2026-08-11,,142260,Plagiostomum,Animalia,Platyhelminthes,,Prolecithophora,Plagiostomidae,Plagiostomum,,,,2026-08-10,"Svetlana, Gustav",Crescent City N of Lighthouse,"boulders and rocks, with sand in between",coralline & red algal scrape,pick & sweat,,Genus,
CAEU-0284,HUMB-02C,2C,,1,Plagiostomum sp. 3,y,y,,eth,Yander L. Diez,2026-08-11,,142260,Plagiostomum,Animalia,Platyhelminthes,,Prolecithophora,Plagiostomidae,Plagiostomum,,,,2026-08-10,"Svetlana, Gustav",Crescent City N of Lighthouse,"boulders and rocks, with sand in between",coralline & red algal scrape,pick & sweat,,Genus,
CAEU-0285,HUMB-02C,2C,,1,Plagiostomum sp. 3,y,y,,eth,Yander L. Diez,2026-08-11,,142260,Plagiostomum,Animalia,Platyhelminthes,,Prolecithophora,Plagiostomidae,Plagiostomum,,,,2026-08-10,"Svetlana, Gustav",Crescent City N of Lighthouse,"boulders and rocks, with sand in between",coralline & red algal scrape,pick & sweat,,Genus,
CAEU-0286,HUMB-02C,2C,,1,Plagiostomum sp. 3,y,y,,eth,Yander L. Diez,2026-08-11,,142260,Plagiostomum,Animalia,Platyhelminthes,,Prolecithophora,Plagiostomidae,Plagiostomum,,,,2026-08-10,"Svetlana, Gustav",Crescent City N of Lighthouse,"boulders and rocks, with sand in between",coralline & red algal scrape,pick & sweat,,Genus,
CAEU-0287,HUMB-02C,2C,,1,Prolecithophora sp. 1,y,y,,eth,Yander L. Diez,2026-08-11,,2854,Prolecithophora,Animalia,Platyhelminthes,,Prolecithophora,,,,,,2026-08-10,"Svetlana, Gustav",Crescent City N of Lighthouse,"boulders and rocks, with sand in between",coralline & red algal scrape,pick & sweat,,Higher,
CAEU-0288,HUMB-02C,2C,,1,Nannorhynchidae sp. 1,y,,y,WM,Yander L. Diez,2026-08-11,,819476,Nannorhynchididae,Animalia,Platyhelminthes,,Rhabdocoela,Nannorhynchididae,,,,,2026-08-10,"Svetlana, Gustav",Crescent City N of Lighthouse,"boulders and rocks, with sand in between",coralline & red algal scrape,pick & sweat,,Family,
CAEU-0289,HUMB-02C,2C,,1,Solenopharyngidae sp. 1,y,y,,eth,Yander L. Diez,2026-08-11,,142105,Solenopharyngidae,Animalia,Platyhelminthes,,Rhabdocoela,Solenopharyngidae,,,,,2026-08-10,"Svetlana, Gustav",Crescent City N of Lighthouse,"boulders and rocks, with sand in between",coralline & red algal scrape,pick & sweat,,Family,
CAEU-0290,HUMB-02C,2C,,1,Nannorhynchidae sp. 1,y,y,,eth,Yander L. Diez,2026-08-11,,819476,Nannorhynchididae,Animalia,Platyhelminthes,,Rhabdocoela,Nannorhynchididae,,,,,2026-08-10,"Svetlana, Gustav",Crescent City N of Lighthouse,"boulders and rocks, with sand in between",coralline & red algal scrape,pick & sweat,,Family,
CAEU-0291,HUMB-02C,2C,,1,Nannorhynchidae sp. 1,y,y,,nitrogen - transcriptome NQ1000618163,Yander L. Diez,2026-08-11,,819476,Nannorhynchididae,Animalia,Platyhelminthes,,Rhabdocoela,Nannorhynchididae,,,,,2026-08-10,"Svetlana, Gustav",Crescent City N of Lighthouse,"boulders and rocks, with sand in between",coralline & red algal scrape,pick & sweat,,Family,
CAEU-0292,HUMB-03A,3A,,1,Schizorhynchia sp. 1,y,,y,WM,Yander L. Diez,2026-08-11,,155663,Schizorhynchia,Animalia,Platyhelminthes,,Rhabdocoela,,,,,,2026-08-11,Svetlana,Luffenholtz Beach,"Rocky shore and beach mixed with rocky outcrops, cobble fields, tide pools, kelp and algal cover, low IT in some areas with urchin barrens",sand,shovel,,Higher,
CAEU-0293,HUMB-03A,3A,,1,Gnathorhynchidae sp. 1,y,,y,WM,Yander L. Diez,2026-08-11,,142094,Gnathorhynchidae,Animalia,Platyhelminthes,,Rhabdocoela,Gnathorhynchidae,,,,,2026-08-11,Svetlana,Luffenholtz Beach,"Rocky shore and beach mixed with rocky outcrops, cobble fields, tide pools, kelp and algal cover, low IT in some areas with urchin barrens",sand,shovel,,Family,
CAEU-0294,HUMB-03A,3A,,1,Vejdovskya? sp. 1,y,y,,"not sure genus ID, eth",Yander L. Diez,2026-08-11,,142296,Vejdovskya,Animalia,Platyhelminthes,,Rhabdocoela,Provorticidae,Vejdovskya,,,,2026-08-11,Svetlana,Luffenholtz Beach,"Rocky shore and beach mixed with rocky outcrops, cobble fields, tide pools, kelp and algal cover, low IT in some areas with urchin barrens",sand,shovel,,Genus,
CAEU-0295,HUMB-03A,3A,,1,Vejdovskya? sp. 1,y,y,,"eth, subadult",Yander L. Diez,2026-08-11,,142296,Vejdovskya,Animalia,Platyhelminthes,,Rhabdocoela,Provorticidae,Vejdovskya,,,,2026-08-11,Svetlana,Luffenholtz Beach,"Rocky shore and beach mixed with rocky outcrops, cobble fields, tide pools, kelp and algal cover, low IT in some areas with urchin barrens",sand,shovel,,Genus,
CAEU-0296,HUMB-03A,3A,,1,Gnathorhynchidae sp. 1,y,y,,eth,Yander L. Diez,2026-08-11,,142094,Gnathorhynchidae,Animalia,Platyhelminthes,,Rhabdocoela,Gnathorhynchidae,,,,,2026-08-11,Svetlana,Luffenholtz Beach,"Rocky shore and beach mixed with rocky outcrops, cobble fields, tide pools, kelp and algal cover, low IT in some areas with urchin barrens",sand,shovel,,Family,
CAEU-0297,HUMB-03A,3A,,1,Schizorhynchia sp. 1,y,y,,"eth, bursa with vagina",Yander L. Diez,2026-08-11,,155663,Schizorhynchia,Animalia,Platyhelminthes,,Rhabdocoela,,,,,,2026-08-11,Svetlana,Luffenholtz Beach,"Rocky shore and beach mixed with rocky outcrops, cobble fields, tide pools, kelp and algal cover, low IT in some areas with urchin barrens",sand,shovel,,Higher,
CAEU-0298,HUMB-03A,3A,,1,Vejdovskya? sp. 1,y,,y,WM,Yander L. Diez,2026-08-11,,142296,Vejdovskya,Animalia,Platyhelminthes,,Rhabdocoela,Provorticidae,Vejdovskya,,,,2026-08-11,Svetlana,Luffenholtz Beach,"Rocky shore and beach mixed with rocky outcrops, cobble fields, tide pools, kelp and algal cover, low IT in some areas with urchin barrens",sand,shovel,,Genus,
CAEU-0299,HUMB-03A,3A,,1,Schizorhynchia sp. 1,y,y,,eth,Yander L. Diez,2026-08-11,,155663,Schizorhynchia,Animalia,Platyhelminthes,,Rhabdocoela,,,,,,2026-08-11,Svetlana,Luffenholtz Beach,"Rocky shore and beach mixed with rocky outcrops, cobble fields, tide pools, kelp and algal cover, low IT in some areas with urchin barrens",sand,shovel,,Higher,
CAEU-0300,HUMB-03A,3A,,1,Schizorhynchia sp. 1,y,,y,WM,Yander L. Diez,2026-08-11,,155663,Schizorhynchia,Animalia,Platyhelminthes,,Rhabdocoela,,,,,,2026-08-11,Svetlana,Luffenholtz Beach,"Rocky shore and beach mixed with rocky outcrops, cobble fields, tide pools, kelp and algal cover, low IT in some areas with urchin barrens",sand,shovel,,Higher,
CAEU-0301,HUMB-02,2,,2,TEREBELLIDAE EUPOLYMNIA/NEO,Y,Y,Y,15ml NEOAMPHITRITE?,GREG ROUSE,2026-08-11,,129693,Eupolymnia,Animalia,Annelida,Polychaeta,Terebellida,Terebellidae,Eupolymnia,,,,2026-08-10,"Svetlana, Gustav",Crescent City N of Lighthouse,"boulders and rocks, with sand in between",,hand,,Genus,
CAEU-0302,HUMB-02,2,,1,SERPULA,Y,Y,Y,,GREG ROUSE,2026-08-11,,129580,Serpula,Animalia,Annelida,Polychaeta,Sabellida,Serpulidae,Serpula,,,,2026-08-10,"Svetlana, Gustav",Crescent City N of Lighthouse,"boulders and rocks, with sand in between",,hand,,Genus,
CAEU-0303,HUMB-02,2,,1,EUNICE/LEODICE,Y,Y,Y,,GREG ROUSE,2026-08-11,,129278,Eunice,Animalia,Annelida,Polychaeta,Eunicida,Eunicidae,Eunice,,,,2026-08-10,"Svetlana, Gustav",Crescent City N of Lighthouse,"boulders and rocks, with sand in between",,hand,,Genus,
CAEU-0304,HUMB-02,2,,1,SIPUNCULA,Y,Y,Y,15ml,GREG ROUSE,2026-08-11,,1268,Sipuncula,Animalia,Annelida,,Sipuncula,,,,,,2026-08-10,"Svetlana, Gustav",Crescent City N of Lighthouse,"boulders and rocks, with sand in between",,hand,,Higher,
CAEU-0305,HUMB-02,2,,1,Polycirrus,Y,Y,Y,2ml,GREG ROUSE,2026-08-11,,129710,Polycirrus,Animalia,Annelida,Polychaeta,Terebellida,Terebellidae,Polycirrus,,,,2026-08-10,"Svetlana, Gustav",Crescent City N of Lighthouse,"boulders and rocks, with sand in between",,hand,,Genus,
CAEU-0306,HUMB-02,2,,1,Phyllodocidae,Y,Y,Y,2ml,GREG ROUSE,2026-08-11,,931,Phyllodocidae,Animalia,Annelida,Polychaeta,Phyllodocida,Phyllodocidae,,,,,2026-08-10,"Svetlana, Gustav",Crescent City N of Lighthouse,"boulders and rocks, with sand in between",,hand,,Family,
CAEU-0307,HUMB-02,2,,1,Odontosyllis,Y,Y,Y,2ml,GREG ROUSE,2026-08-11,,129660,Odontosyllis,Animalia,Annelida,Polychaeta,Phyllodocida,Syllidae,Odontosyllis,,,,2026-08-10,"Svetlana, Gustav",Crescent City N of Lighthouse,"boulders and rocks, with sand in between",,hand,,Genus,
CAEU-0308,HUMB-02,2,,1,Phyllodocidae,Y,Y,Y,burtoni green cross stripe.,GREG ROUSE,2026-08-11,,931,Phyllodocidae,Animalia,Annelida,Polychaeta,Phyllodocida,Phyllodocidae,,,,,2026-08-10,"Svetlana, Gustav",Crescent City N of Lighthouse,"boulders and rocks, with sand in between",,hand,,Family,
CAEU-0309,HUMB-2B,2B,,1,Syllid Syllis,Y,Y,Y,,GREG ROUSE,2026-08-11,,129680,Syllis,Animalia,Annelida,Polychaeta,Phyllodocida,Syllidae,Syllis,,,,2026-08-10,"Svetlana, Gustav",Crescent City N of Lighthouse,"boulders and rocks, with sand in between",Pterydophora holdfasts,sweat,,Genus,
CAEU-0310,HUMB-2B,2B,,1,Phyllodocidae,Y,Y,Y,2 stripes green dots,GREG ROUSE,2026-08-11,,931,Phyllodocidae,Animalia,Annelida,Polychaeta,Phyllodocida,Phyllodocidae,,,,,2026-08-10,"Svetlana, Gustav",Crescent City N of Lighthouse,"boulders and rocks, with sand in between",Pterydophora holdfasts,sweat,,Family,
CAEU-0311,HUMB 01,1,,11,Chone sp.,Y,Y,Y,"3 whole etoh, 5 whole form, 1 frozen",GREG ROUSE,2026-08-11,,129525,Chone,Animalia,Annelida,Polychaeta,Sabellida,Sabellidae,Chone,,,,2026-08-10,"Svetlana, Gustav",Crescent City Docks,docks,,hand,,Genus,
CAEU-0312,HUMB 01,1,,2,Flabelligera ?,Y,Y,Y,"1 Eth., 1 form.",GREG ROUSE,2026-08-11,,129291,Flabelligera,Animalia,Annelida,Polychaeta,Terebellida,Flabelligeridae,Flabelligera,,,,2026-08-10,"Svetlana, Gustav",Crescent City Docks,docks,,hand,,Genus,
CAEU-0313,HUMB 03,3,,1,Polynoidae,Y,Y,Y,"White, 1 only 1/2 F/E",GREG ROUSE,2026-08-11,,939,Polynoidae,Animalia,Annelida,Polychaeta,Phyllodocida,Polynoidae,,,,,2026-08-11,"Kathy Ann, Svetlana, John, Soma, Gustav, Yander, Terry, Robin, Siena, Ciara, Isabel, Julien",Luffenholtz Beach,"Rocky shore and beach mixed with rocky outcrops, cobble fields, tide pools, kelp and algal cover, low IT in some areas with urchin barrens",,,,Family,
CAEU-0314,HUMB 03,3,,3,Orbinid Naineris,Y,Y,Y,"1 whole, 1 ant. in Ethanol, 1 whole form.",GREG ROUSE,2026-08-11,,129419,Naineris,Animalia,Annelida,Polychaeta,,Orbiniidae,Naineris,,,,2026-08-11,"Kathy Ann, Svetlana, John, Soma, Gustav, Yander, Terry, Robin, Siena, Ciara, Isabel, Julien",Luffenholtz Beach,"Rocky shore and beach mixed with rocky outcrops, cobble fields, tide pools, kelp and algal cover, low IT in some areas with urchin barrens",,,,Genus,
CAEU-0315,HUMB 03,3,,1,Nereis '1',Y,Y,Y,"Ant. in Form., post. etoh. Broken",GREG ROUSE,2026-08-11,,129379,Nereis,Animalia,Annelida,Polychaeta,Phyllodocida,Nereididae,Nereis,,,,2026-08-11,"Kathy Ann, Svetlana, John, Soma, Gustav, Yander, Terry, Robin, Siena, Ciara, Isabel, Julien",Luffenholtz Beach,"Rocky shore and beach mixed with rocky outcrops, cobble fields, tide pools, kelp and algal cover, low IT in some areas with urchin barrens",,,,Genus,
CAEU-0316,HUMB 03,3,,1,Nereis 2,Y,Y,Y,epitoke: 1/2 F 1/2 eth Broken,GREG ROUSE,2026-08-11,,129379,Nereis,Animalia,Annelida,Polychaeta,Phyllodocida,Nereididae,Nereis,,,,2026-08-11,"Kathy Ann, Svetlana, John, Soma, Gustav, Yander, Terry, Robin, Siena, Ciara, Isabel, Julien",Luffenholtz Beach,"Rocky shore and beach mixed with rocky outcrops, cobble fields, tide pools, kelp and algal cover, low IT in some areas with urchin barrens",,,,Genus,
CAEU-0317,HUMB 03A,3A,,3,Nereis 3,Y,Y,Y,sub. F/E,GREG ROUSE,2026-08-11,,129379,Nereis,Animalia,Annelida,Polychaeta,Phyllodocida,Nereididae,Nereis,,,,2026-08-11,Svetlana,Luffenholtz Beach,"Rocky shore and beach mixed with rocky outcrops, cobble fields, tide pools, kelp and algal cover, low IT in some areas with urchin barrens",sand,shovel,,Genus,
CAEU-0318,HUMB 03,3,CAEU-0317,1,Nereis 3,N,Y,Y,F/E / CRYO,GREG ROUSE,2026-08-11,,129379,Nereis,Animalia,Annelida,Polychaeta,Phyllodocida,Nereididae,Nereis,,,,2026-08-11,"Kathy Ann, Svetlana, John, Soma, Gustav, Yander, Terry, Robin, Siena, Ciara, Isabel, Julien",Luffenholtz Beach,"Rocky shore and beach mixed with rocky outcrops, cobble fields, tide pools, kelp and algal cover, low IT in some areas with urchin barrens",,,,Genus,
CAEU-0319,HUMB 03,3,CAEU-0317,1,Nereis 3,N,Y,Y,F/E + cryo,GREG ROUSE,2026-08-11,,129379,Nereis,Animalia,Annelida,Polychaeta,Phyllodocida,Nereididae,Nereis,,,,2026-08-11,"Kathy Ann, Svetlana, John, Soma, Gustav, Yander, Terry, Robin, Siena, Ciara, Isabel, Julien",Luffenholtz Beach,"Rocky shore and beach mixed with rocky outcrops, cobble fields, tide pools, kelp and algal cover, low IT in some areas with urchin barrens",,,,Genus,
CAEU-0320,HUMB 03,3,,2,Eupolymnia/NEOAMPHITRITE?,N,Y,Y,1x 15ml Form./E / 1x Froze whole.,GREG ROUSE,2026-08-11,,129693,Eupolymnia,Animalia,Annelida,Polychaeta,Terebellida,Terebellidae,Eupolymnia,,,,2026-08-11,"Kathy Ann, Svetlana, John, Soma, Gustav, Yander, Terry, Robin, Siena, Ciara, Isabel, Julien",Luffenholtz Beach,"Rocky shore and beach mixed with rocky outcrops, cobble fields, tide pools, kelp and algal cover, low IT in some areas with urchin barrens",,,,Genus,
CAEU-0321,HUMB 035,35,,1,Arenicolidae Abarenicola,Y,,,F/E Missing head.,GREG ROUSE,2026-08-11,,129205,Abarenicola,Animalia,Annelida,Polychaeta,,Arenicolidae,Abarenicola,,,,,,,,,,,Genus,
CAEU-0322,HUMB 035,35,CAEU-0321,1,Arenicolidae Abarenicola,N,,,E incomplete,GREG ROUSE,2026-08-11,,129205,Abarenicola,Animalia,Annelida,Polychaeta,,Arenicolidae,Abarenicola,,,,,,,,,,,Genus,
CAEU-0323,HUMB 035,35,CAEU-0321,1,Arenicolidae Abarenicola,N,,,E incomplete,GREG ROUSE,2026-08-11,,129205,Abarenicola,Animalia,Annelida,Polychaeta,,Arenicolidae,Abarenicola,,,,,,,,,,,Genus,
CAEU-0324,HUMB 03,3,,1,Phascolosoma,Y,Y,Y,F/E 2ML,GREG ROUSE,2026-08-11,,136029,Phascolosoma,Animalia,Annelida,,Sipuncula,Phascolosomatidae,Phascolosoma,,,,2026-08-11,"Kathy Ann, Svetlana, John, Soma, Gustav, Yander, Terry, Robin, Siena, Ciara, Isabel, Julien",Luffenholtz Beach,"Rocky shore and beach mixed with rocky outcrops, cobble fields, tide pools, kelp and algal cover, low IT in some areas with urchin barrens",,,,Genus,
CAEU-0325,HUMB 03,3,,1,Themiste 1,Y,Y,Y,sub 2ml E / Rest Et.,GREG ROUSE,2026-08-11,,264942,Themiste,Animalia,Annelida,,Sipuncula,Golfingiidae,Themiste,,,,2026-08-11,"Kathy Ann, Svetlana, John, Soma, Gustav, Yander, Terry, Robin, Siena, Ciara, Isabel, Julien",Luffenholtz Beach,"Rocky shore and beach mixed with rocky outcrops, cobble fields, tide pools, kelp and algal cover, low IT in some areas with urchin barrens",,,,Genus,
CAEU-0326,HUMB 03,3,,1,Sipunculid Themiste 2,Y,Y,Y,sub 2ml E / Rest Et.,GREG ROUSE,2026-08-11,,264942,Themiste,Animalia,Annelida,,Sipuncula,Golfingiidae,Themiste,,,,2026-08-11,"Kathy Ann, Svetlana, John, Soma, Gustav, Yander, Terry, Robin, Siena, Ciara, Isabel, Julien",Luffenholtz Beach,"Rocky shore and beach mixed with rocky outcrops, cobble fields, tide pools, kelp and algal cover, low IT in some areas with urchin barrens",,,,Genus,
CAEU-0327,HUMB 03S,3S,,1,Scoletoma zonata,Y,Y,Y,Eth/Form,GREG ROUSE,2026-08-11,,1039075,Scoletoma zonata,Animalia,Annelida,Polychaeta,Eunicida,Lumbrineridae,Scoletoma,,zonata,,,,,,,,,Species,
CAEU-0328,HUMB 3 RO,3 RO,,1,Halosydna californica,Y,Y,Y,F/E,GREG ROUSE,2026-08-11,,1807520,Halosydna californica,Animalia,Annelida,Polychaeta,Phyllodocida,Polynoidae,Halosydna,,californica,,,,,,,,,Species,
CAEU-0329,HUMB 3S,3S,,2,Nephtys,Y,,Y,F/E 2nd specimen,GREG ROUSE,2026-08-11,,129370,Nephtys,Animalia,Annelida,Polychaeta,Phyllodocida,Nephtyidae,Nephtys,,,,,,,,,,,Genus,
CAEU-0330,HUMB 3,3,,1,Halosydna,,,,,GREG ROUSE,2026-08-11,,152404,Halosydna,Animalia,Annelida,Polychaeta,Phyllodocida,Polynoidae,Halosydna,,,,2026-08-11,"Kathy Ann, Svetlana, John, Soma, Gustav, Yander, Terry, Robin, Siena, Ciara, Isabel, Julien",Luffenholtz Beach,"Rocky shore and beach mixed with rocky outcrops, cobble fields, tide pools, kelp and algal cover, low IT in some areas with urchin barrens",,,,Genus,
CAEU-0331,03A,3A,,1,Carinoma sp.,✓,✓,✓,,Svetlana Maslakova,2026-08-11,,122378,Carinoma,Animalia,Nemertea,Palaeonemertea,Carinomiformes,Carinomidae,Carinoma,,,,2026-08-11,Svetlana,Luffenholtz Beach,"Rocky shore and beach mixed with rocky outcrops, cobble fields, tide pools, kelp and algal cover, low IT in some areas with urchin barrens",sand,shovel,,Genus,
CAEU-0332,03B,3B,,1,Emplectonema viride,✓,✓,✓,,Svetlana Maslakova,2026-08-11,,176676,Emplectonema viride,Animalia,Nemertea,Hoplonemertea,Monostilifera,Emplectonematidae,Emplectonema,,viride,,2026-08-11,Svetlana,Luffenholtz Beach,"Rocky shore and beach mixed with rocky outcrops, cobble fields, tide pools, kelp and algal cover, low IT in some areas with urchin barrens",high intertidal on rocks,hand,,Species,
CAEU-0333,03B,3B,,1,Emplectonema viride,✓,✓,✓,stylet photo,Svetlana Maslakova,2026-08-11,,176676,Emplectonema viride,Animalia,Nemertea,Hoplonemertea,Monostilifera,Emplectonematidae,Emplectonema,,viride,,2026-08-11,Svetlana,Luffenholtz Beach,"Rocky shore and beach mixed with rocky outcrops, cobble fields, tide pools, kelp and algal cover, low IT in some areas with urchin barrens",high intertidal on rocks,hand,,Species,
CAEU-0334,3,3,,1,Tenuilineus sp.?,✓,✓,✓,no stylet photo,Svetlana Maslakova,2026-08-11,,122368,Tenuilineus,Animalia,Nemertea,Pilidiophora,Heteronemertea,Lineidae,Tenuilineus,,,,2026-08-11,"Kathy Ann, Svetlana, John, Soma, Gustav, Yander, Terry, Robin, Siena, Ciara, Isabel, Julien",Luffenholtz Beach,"Rocky shore and beach mixed with rocky outcrops, cobble fields, tide pools, kelp and algal cover, low IT in some areas with urchin barrens",,,,Genus,
CAEU-0335,3,3,,1,Amphiporus aff. imparispinosus,✓,✓,✓,"ochre, white tip, no eyes",Svetlana Maslakova,2026-08-11,,122391,Amphiporus,Animalia,Nemertea,Hoplonemertea,Monostilifera,Amphiporidae,Amphiporus,,,,2026-08-11,"Kathy Ann, Svetlana, John, Soma, Gustav, Yander, Terry, Robin, Siena, Ciara, Isabel, Julien",Luffenholtz Beach,"Rocky shore and beach mixed with rocky outcrops, cobble fields, tide pools, kelp and algal cover, low IT in some areas with urchin barrens",,,,Genus,
CAEU-0336,3,3,,1,Amphiporus aff. imparispinosus,✓,✓,✓,,Svetlana Maslakova,2026-08-11,,122391,Amphiporus,Animalia,Nemertea,Hoplonemertea,Monostilifera,Amphiporidae,Amphiporus,,,,2026-08-11,"Kathy Ann, Svetlana, John, Soma, Gustav, Yander, Terry, Robin, Siena, Ciara, Isabel, Julien",Luffenholtz Beach,"Rocky shore and beach mixed with rocky outcrops, cobble fields, tide pools, kelp and algal cover, low IT in some areas with urchin barrens",,,,Genus,
CAEU-0337,3,3,,1,Amphiporus aff. imparispinosus,✓,✓,✓,,Svetlana Maslakova,2026-08-11,,122391,Amphiporus,Animalia,Nemertea,Hoplonemertea,Monostilifera,Amphiporidae,Amphiporus,,,,2026-08-11,"Kathy Ann, Svetlana, John, Soma, Gustav, Yander, Terry, Robin, Siena, Ciara, Isabel, Julien",Luffenholtz Beach,"Rocky shore and beach mixed with rocky outcrops, cobble fields, tide pools, kelp and algal cover, low IT in some areas with urchin barrens",,,,Genus,
CAEU-0338,3,3,,1,Amphiporus aff. imparispinosus,✓,✓,✓,,Svetlana Maslakova,2026-08-11,,122391,Amphiporus,Animalia,Nemertea,Hoplonemertea,Monostilifera,Amphiporidae,Amphiporus,,,,2026-08-11,"Kathy Ann, Svetlana, John, Soma, Gustav, Yander, Terry, Robin, Siena, Ciara, Isabel, Julien",Luffenholtz Beach,"Rocky shore and beach mixed with rocky outcrops, cobble fields, tide pools, kelp and algal cover, low IT in some areas with urchin barrens",,,,Genus,
CAEU-0339,3,3,,1,Tubulanus ruber,✓,✓,✓,,Svetlana Maslakova,2026-08-11,,1747390,Tubulanus ruber,Animalia,Nemertea,Palaeonemertea,Tubulaniformes,Tubulanidae,Tubulanus,,ruber,,2026-08-11,"Kathy Ann, Svetlana, John, Soma, Gustav, Yander, Terry, Robin, Siena, Ciara, Isabel, Julien",Luffenholtz Beach,"Rocky shore and beach mixed with rocky outcrops, cobble fields, tide pools, kelp and algal cover, low IT in some areas with urchin barrens",,,,Species,
CAEU-0340,02C,2C,,1,Tenuilineus cf. rubescens?,✓,✓,—,,Svetlana Maslakova,2026-08-11,,122368,Tenuilineus,Animalia,Nemertea,Pilidiophora,Heteronemertea,Lineidae,Tenuilineus,,,,2026-08-10,"Svetlana, Gustav",Crescent City N of Lighthouse,"boulders and rocks, with sand in between",coralline & red algal scrape,pick & sweat,,Genus,
CAEU-0341,02C,2C,,1,Zygonemertes sp.,✓,✓,—,"white, small, no stylet, eye photos!",Svetlana Maslakova,2026-08-11,,122400,Zygonemertes,Animalia,Nemertea,Hoplonemertea,Monostilifera,Zygonemertidae,Zygonemertes,,,,2026-08-10,"Svetlana, Gustav",Crescent City N of Lighthouse,"boulders and rocks, with sand in between",coralline & red algal scrape,pick & sweat,,Genus,
CAEU-0342,02C,2C,,1,Zygonemertes sp.,✓,✓,✓,"white, small, no stylet, eye photos!",Svetlana Maslakova,2026-08-11,,122400,Zygonemertes,Animalia,Nemertea,Hoplonemertea,Monostilifera,Zygonemertidae,Zygonemertes,,,,2026-08-10,"Svetlana, Gustav",Crescent City N of Lighthouse,"boulders and rocks, with sand in between",coralline & red algal scrape,pick & sweat,,Genus,
CAEU-0343,02C,2C,,1,Kurilonemertes phyllospadicola?,✓,✓,✓,"white, no stylets, voucher, promin. Snout",Svetlana Maslakova,2026-08-11,,1776934,Kurilonemertes phyllospadicola,Animalia,Nemertea,Hoplonemertea,Monostilifera,Oerstediidae,Kurilonemertes,,phyllospadicola,,2026-08-10,"Svetlana, Gustav",Crescent City N of Lighthouse,"boulders and rocks, with sand in between",coralline & red algal scrape,pick & sweat,,Species,
CAEU-0344,02C,2C,,1,Tetrastemma nigrifrons,✓,✓,—,"pale morph, no stylet, voucher",Svetlana Maslakova,2026-08-11,,162358,Tetrastemma nigrifrons,Animalia,Nemertea,Hoplonemertea,Monostilifera,Tetrastemmatidae,Tetrastemma,,nigrifrons,,2026-08-10,"Svetlana, Gustav",Crescent City N of Lighthouse,"boulders and rocks, with sand in between",coralline & red algal scrape,pick & sweat,,Species,
CAEU-0345,02C,2C,,1,Zygonemertes sp.,✓,✓,✓,yellowish,Svetlana Maslakova,2026-08-11,,122400,Zygonemertes,Animalia,Nemertea,Hoplonemertea,Monostilifera,Zygonemertidae,Zygonemertes,,,,2026-08-10,"Svetlana, Gustav",Crescent City N of Lighthouse,"boulders and rocks, with sand in between",coralline & red algal scrape,pick & sweat,,Genus,
CAEU-0346,02C,2C,,1,Tenuilineus rubescens,✓,✓,✓,grey,Svetlana Maslakova,2026-08-11,,147912,Lineus rubescens,Animalia,Nemertea,Pilidiophora,Heteronemertea,Lineidae,Lineus,,rubescens,,2026-08-10,"Svetlana, Gustav",Crescent City N of Lighthouse,"boulders and rocks, with sand in between",coralline & red algal scrape,pick & sweat,,Species,
CAEU-0347,02B,2B,,1,Lineidae,✓,✓,✓,"no ocelli, no cirrus, pointed head, yellowish-white",Svetlana Maslakova,2026-08-11,,122314,Lineidae,Animalia,Nemertea,Pilidiophora,Heteronemertea,Lineidae,,,,,2026-08-10,"Svetlana, Gustav",Crescent City N of Lighthouse,"boulders and rocks, with sand in between",Pterydophora holdfasts,sweat,,Family,
CAEU-0348,02B,2B,,1,Tenuilineus rubescens,✓,—,—,lost specimen,Svetlana Maslakova,2026-08-11,,147912,Lineus rubescens,Animalia,Nemertea,Pilidiophora,Heteronemertea,Lineidae,Lineus,,rubescens,,2026-08-10,"Svetlana, Gustav",Crescent City N of Lighthouse,"boulders and rocks, with sand in between",Pterydophora holdfasts,sweat,,Species,
CAEU-0349,02B,2B,,1,Zygonemertes sp.,✓,✓,—,"too small - no voucher. grey mottled, large eyes",Svetlana Maslakova,2026-08-11,,122400,Zygonemertes,Animalia,Nemertea,Hoplonemertea,Monostilifera,Zygonemertidae,Zygonemertes,,,,2026-08-10,"Svetlana, Gustav",Crescent City N of Lighthouse,"boulders and rocks, with sand in between",Pterydophora holdfasts,sweat,,Genus,
CAEU-0350,02B,2B,,1,Micrura wilsoni,✓,✓,✓,,Svetlana Maslakova,2026-08-11,,155917,Micrura wilsoni,Animalia,Nemertea,Pilidiophora,Heteronemertea,Lineidae,Micrura,,wilsoni,,2026-08-10,"Svetlana, Gustav",Crescent City N of Lighthouse,"boulders and rocks, with sand in between",Pterydophora holdfasts,sweat,,Species,
CAEU-0351,02B,2B,,1,Tubulanus sexlineatus,✓,✓,✓,,Svetlana Maslakova,2026-08-11,,147256,Tubulanus sexlineatus,Animalia,Nemertea,Palaeonemertea,Tubulaniformes,Tubulanidae,Tubulanus,,sexlineatus,,2026-08-10,"Svetlana, Gustav",Crescent City N of Lighthouse,"boulders and rocks, with sand in between",Pterydophora holdfasts,sweat,,Species,
CAEU-0352,02B,2B,,1,Tetrastemma nigrifrons,✓,✓,✓,,Svetlana Maslakova,2026-08-11,,162358,Tetrastemma nigrifrons,Animalia,Nemertea,Hoplonemertea,Monostilifera,Tetrastemmatidae,Tetrastemma,,nigrifrons,,2026-08-10,"Svetlana, Gustav",Crescent City N of Lighthouse,"boulders and rocks, with sand in between",Pterydophora holdfasts,sweat,,Species,
CAEU-0353,02B,2B,,1,Zygonemertes sp.,✓,✓,✓,pale greenish,Svetlana Maslakova,2026-08-11,,122400,Zygonemertes,Animalia,Nemertea,Hoplonemertea,Monostilifera,Zygonemertidae,Zygonemertes,,,,2026-08-10,"Svetlana, Gustav",Crescent City N of Lighthouse,"boulders and rocks, with sand in between",Pterydophora holdfasts,sweat,,Genus,
CAEU-0354,02B,2B,,1,Tenuilineus rubescens,✓,✓,✓,,Svetlana Maslakova,2026-08-11,,147912,Lineus rubescens,Animalia,Nemertea,Pilidiophora,Heteronemertea,Lineidae,Lineus,,rubescens,,2026-08-10,"Svetlana, Gustav",Crescent City N of Lighthouse,"boulders and rocks, with sand in between",Pterydophora holdfasts,sweat,,Species,
CAEU-0355,02B,2B,,1,Kurilonemertes phyllospadicola?,✓,✓,✓,,Svetlana Maslakova,2026-08-11,,1776934,Kurilonemertes phyllospadicola,Animalia,Nemertea,Hoplonemertea,Monostilifera,Oerstediidae,Kurilonemertes,,phyllospadicola,,2026-08-10,"Svetlana, Gustav",Crescent City N of Lighthouse,"boulders and rocks, with sand in between",Pterydophora holdfasts,sweat,,Species,
CAEU-0356,02B,2B,,1,Nemertellina sp.,✓,✓,—,"too small to subsample, stylets on whole mount",Svetlana Maslakova,2026-08-11,,1815692,Nemertellina,Animalia,Nemertea,Hoplonemertea,Monostilifera,Oerstediidae,Nemertellina,,,,2026-08-10,"Svetlana, Gustav",Crescent City N of Lighthouse,"boulders and rocks, with sand in between",Pterydophora holdfasts,sweat,,Genus,
CAEU-0357,02B,2B,,1,Zygonemertes sp.,✓,✓,✓,pale yellowish,Svetlana Maslakova,2026-08-11,,122400,Zygonemertes,Animalia,Nemertea,Hoplonemertea,Monostilifera,Zygonemertidae,Zygonemertes,,,,2026-08-10,"Svetlana, Gustav",Crescent City N of Lighthouse,"boulders and rocks, with sand in between",Pterydophora holdfasts,sweat,,Genus,
CAEU-0358,02B,2B,,1,Tenuilineus rubescens,✓,✓,✓,,Svetlana Maslakova,2026-08-11,,147912,Lineus rubescens,Animalia,Nemertea,Pilidiophora,Heteronemertea,Lineidae,Lineus,,rubescens,,2026-08-10,"Svetlana, Gustav",Crescent City N of Lighthouse,"boulders and rocks, with sand in between",Pterydophora holdfasts,sweat,,Species,
CAEU-0359,03C,3C,,1,Zygonemertes sp.,✓,✓,✓,yellowish,Svetlana Maslakova,2026-08-11,,122400,Zygonemertes,Animalia,Nemertea,Hoplonemertea,Monostilifera,Zygonemertidae,Zygonemertes,,,,2026-08-11,Svetlana,Luffenholtz Beach,"Rocky shore and beach mixed with rocky outcrops, cobble fields, tide pools, kelp and algal cover, low IT in some areas with urchin barrens","detached holdfasts, rootmass, well sanded, low IT on rocks",sweat,,Genus,
CAEU-0360,03C,3C,,1,Zygonemertes sp.,✓,✓,✓,yellowish,Svetlana Maslakova,2026-08-11,,122400,Zygonemertes,Animalia,Nemertea,Hoplonemertea,Monostilifera,Zygonemertidae,Zygonemertes,,,,2026-08-11,Svetlana,Luffenholtz Beach,"Rocky shore and beach mixed with rocky outcrops, cobble fields, tide pools, kelp and algal cover, low IT in some areas with urchin barrens","detached holdfasts, rootmass, well sanded, low IT on rocks",sweat,,Genus,
CAEU-0361,3,3,,1,Amphiporus formidabilis,✓,✓,✓,,Svetlana Maslakova,2026-08-11,,147983,Amphiporus formidabilis,Animalia,Nemertea,Hoplonemertea,Monostilifera,Amphiporidae,Amphiporus,,formidabilis,,2026-08-11,"Kathy Ann, Svetlana, John, Soma, Gustav, Yander, Terry, Robin, Siena, Ciara, Isabel, Julien",Luffenholtz Beach,"Rocky shore and beach mixed with rocky outcrops, cobble fields, tide pools, kelp and algal cover, low IT in some areas with urchin barrens",,,,Species,
CAEU-0362,3,3,,1,Paranemertes aff. peregrina,✓,✓,✓,no stylets,Svetlana Maslakova,2026-08-11,,122406,Paranemertes,Animalia,Nemertea,Hoplonemertea,Monostilifera,Neesiidae,Paranemertes,,,,2026-08-11,"Kathy Ann, Svetlana, John, Soma, Gustav, Yander, Terry, Robin, Siena, Ciara, Isabel, Julien",Luffenholtz Beach,"Rocky shore and beach mixed with rocky outcrops, cobble fields, tide pools, kelp and algal cover, low IT in some areas with urchin barrens",,,,Genus,
CAEU-0363,03C,3C,,1,Amphiporus aff. imparispinosus,✓,✓,✓,plain; 4 large eyes; tiny,Svetlana Maslakova,2026-08-11,,122391,Amphiporus,Animalia,Nemertea,Hoplonemertea,Monostilifera,Amphiporidae,Amphiporus,,,,2026-08-11,Svetlana,Luffenholtz Beach,"Rocky shore and beach mixed with rocky outcrops, cobble fields, tide pools, kelp and algal cover, low IT in some areas with urchin barrens","detached holdfasts, rootmass, well sanded, low IT on rocks",sweat,,Genus,
CAEU-0364,03C,3C,,1,Amphiporus aff. imparispinosus,✓,cryo2,✓,,Svetlana Maslakova,2026-08-11,,122391,Amphiporus,Animalia,Nemertea,Hoplonemertea,Monostilifera,Amphiporidae,Amphiporus,,,,2026-08-11,Svetlana,Luffenholtz Beach,"Rocky shore and beach mixed with rocky outcrops, cobble fields, tide pools, kelp and algal cover, low IT in some areas with urchin barrens","detached holdfasts, rootmass, well sanded, low IT on rocks",sweat,,Genus,
CAEU-0365,03C,3C,,1,Tubulanus sexlineatus,✓,cryo2,✓,,Svetlana Maslakova,2026-08-11,,147256,Tubulanus sexlineatus,Animalia,Nemertea,Palaeonemertea,Tubulaniformes,Tubulanidae,Tubulanus,,sexlineatus,,2026-08-11,Svetlana,Luffenholtz Beach,"Rocky shore and beach mixed with rocky outcrops, cobble fields, tide pools, kelp and algal cover, low IT in some areas with urchin barrens","detached holdfasts, rootmass, well sanded, low IT on rocks",sweat,,Species,
CAEU-0366,03C,3C,,1,Zygonemertes,✓,cryo2,✓,"large, yellowish, short stylet to B.",Svetlana Maslakova,2026-08-11,,122400,Zygonemertes,Animalia,Nemertea,Hoplonemertea,Monostilifera,Zygonemertidae,Zygonemertes,,,,2026-08-11,Svetlana,Luffenholtz Beach,"Rocky shore and beach mixed with rocky outcrops, cobble fields, tide pools, kelp and algal cover, low IT in some areas with urchin barrens","detached holdfasts, rootmass, well sanded, low IT on rocks",sweat,,Genus,
CAEU-0367,03C,3C,,1,Amphiporus sp.,✓,✓,✓,"no stylet photo slender, not imparispin.",Svetlana Maslakova,2026-08-11,,122391,Amphiporus,Animalia,Nemertea,Hoplonemertea,Monostilifera,Amphiporidae,Amphiporus,,,,2026-08-11,Svetlana,Luffenholtz Beach,"Rocky shore and beach mixed with rocky outcrops, cobble fields, tide pools, kelp and algal cover, low IT in some areas with urchin barrens","detached holdfasts, rootmass, well sanded, low IT on rocks",sweat,,Genus,
CAEU-0368,03C,3C,,1,Amphiporus aff. cruentatus,✓,✓,✓,,Svetlana Maslakova,2026-08-11,,122391,Amphiporus,Animalia,Nemertea,Hoplonemertea,Monostilifera,Amphiporidae,Amphiporus,,,,2026-08-11,Svetlana,Luffenholtz Beach,"Rocky shore and beach mixed with rocky outcrops, cobble fields, tide pools, kelp and algal cover, low IT in some areas with urchin barrens","detached holdfasts, rootmass, well sanded, low IT on rocks",sweat,,Genus,
CAEU-0369,03C,3C,,1,Paranemertes aff. peregrina,✓,cryo2,✓,"spiral stylets, damaged basis?",Svetlana Maslakova,2026-08-11,,122406,Paranemertes,Animalia,Nemertea,Hoplonemertea,Monostilifera,Neesiidae,Paranemertes,,,,2026-08-11,Svetlana,Luffenholtz Beach,"Rocky shore and beach mixed with rocky outcrops, cobble fields, tide pools, kelp and algal cover, low IT in some areas with urchin barrens","detached holdfasts, rootmass, well sanded, low IT on rocks",sweat,,Genus,
CAEU-0370,03C,3C,,1,Zygonemertes sp.,✓,✓,✓,"green, large",Svetlana Maslakova,2026-08-11,,122400,Zygonemertes,Animalia,Nemertea,Hoplonemertea,Monostilifera,Zygonemertidae,Zygonemertes,,,,2026-08-11,Svetlana,Luffenholtz Beach,"Rocky shore and beach mixed with rocky outcrops, cobble fields, tide pools, kelp and algal cover, low IT in some areas with urchin barrens","detached holdfasts, rootmass, well sanded, low IT on rocks",sweat,,Genus,
CAEU-0371,03C,3C,,1,Zygonemertes sp.,✓,cryo2,✓,"yellowish, large",Svetlana Maslakova,2026-08-11,,122400,Zygonemertes,Animalia,Nemertea,Hoplonemertea,Monostilifera,Zygonemertidae,Zygonemertes,,,,2026-08-11,Svetlana,Luffenholtz Beach,"Rocky shore and beach mixed with rocky outcrops, cobble fields, tide pools, kelp and algal cover, low IT in some areas with urchin barrens","detached holdfasts, rootmass, well sanded, low IT on rocks",sweat,,Genus,
CAEU-0372,03C,3C,,1,Tetrastemma nigrifrons,✓,✓,✓,dark morph,Svetlana Maslakova,2026-08-11,,162358,Tetrastemma nigrifrons,Animalia,Nemertea,Hoplonemertea,Monostilifera,Tetrastemmatidae,Tetrastemma,,nigrifrons,,2026-08-11,Svetlana,Luffenholtz Beach,"Rocky shore and beach mixed with rocky outcrops, cobble fields, tide pools, kelp and algal cover, low IT in some areas with urchin barrens","detached holdfasts, rootmass, well sanded, low IT on rocks",sweat,,Species,
CAEU-0373,03C,3C,,1,Tenuilineus rubescens,✓,✓,✓,pale morph. (or) small,Svetlana Maslakova,2026-08-11,,147912,Lineus rubescens,Animalia,Nemertea,Pilidiophora,Heteronemertea,Lineidae,Lineus,,rubescens,,2026-08-11,Svetlana,Luffenholtz Beach,"Rocky shore and beach mixed with rocky outcrops, cobble fields, tide pools, kelp and algal cover, low IT in some areas with urchin barrens","detached holdfasts, rootmass, well sanded, low IT on rocks",sweat,,Species,
CAEU-0374,03C,3C,,1,Zygonemertes sp.,✓,✓,✓,white small,Svetlana Maslakova,2026-08-11,,122400,Zygonemertes,Animalia,Nemertea,Hoplonemertea,Monostilifera,Zygonemertidae,Zygonemertes,,,,2026-08-11,Svetlana,Luffenholtz Beach,"Rocky shore and beach mixed with rocky outcrops, cobble fields, tide pools, kelp and algal cover, low IT in some areas with urchin barrens","detached holdfasts, rootmass, well sanded, low IT on rocks",sweat,,Genus,
CAEU-0375,03C,3C,,1,Zygonemertes sp.,✓,✓,✓,"orangeish, small, slender, rostr. fine",Svetlana Maslakova,2026-08-11,,122400,Zygonemertes,Animalia,Nemertea,Hoplonemertea,Monostilifera,Zygonemertidae,Zygonemertes,,,,2026-08-11,Svetlana,Luffenholtz Beach,"Rocky shore and beach mixed with rocky outcrops, cobble fields, tide pools, kelp and algal cover, low IT in some areas with urchin barrens","detached holdfasts, rootmass, well sanded, low IT on rocks",sweat,,Genus,
CAEU-0376,6,6,,1,Tubulanus ruber,✓,cryo2,✓,,Svetlana Maslakova,2026-08-11,,1747390,Tubulanus ruber,Animalia,Nemertea,Palaeonemertea,Tubulaniformes,Tubulanidae,Tubulanus,,ruber,,2026-08-12,"Kathy Ann, Svetlana, John, Soma, Gustav, Yander, Terry, Robin, Siena, Ciara, Isabel, Sadie, Julien",Old Home Beach,Rocky intertidal with rock ledges,,hand,,Species,
CAEU-0377,06A,6A,,1,Cerebratulus sp.,✓,cryo2,✓,BOBA008? californiensis?,Svetlana Maslakova,2026-08-11,,122348,Cerebratulus,Animalia,Nemertea,Pilidiophora,Heteronemertea,Lineidae,Cerebratulus,,,,2026-08-12,John,Old Home Beach,Rocky intertidal with rock ledges,sand,,,Genus,
CAEU-0378,06B,6B,,1,Nipponnemertes bimaculata,✓,✓,✓,,Svetlana Maslakova,2026-08-11,,156339,Nipponnemertes bimaculata,Animalia,Nemertea,Hoplonemertea,Monostilifera,Cratenemertidae,Nipponnemertes,,bimaculata,,2026-08-12,Gustav,Old Home Beach,Rocky intertidal with rock ledges,kelp holdfasts,sweat,,Species,
CAEU-0379,06B,6B,,1,Nipponnemertes bimaculata,✓,cryo2,✓,,Svetlana Maslakova,2026-08-11,,156339,Nipponnemertes bimaculata,Animalia,Nemertea,Hoplonemertea,Monostilifera,Cratenemertidae,Nipponnemertes,,bimaculata,,2026-08-12,Gustav,Old Home Beach,Rocky intertidal with rock ledges,kelp holdfasts,sweat,,Species,
CAEU-0380,06B,6B,,1,Nipponnemertes bimaculata,✓,✓,✓,,Svetlana Maslakova,2026-08-11,,156339,Nipponnemertes bimaculata,Animalia,Nemertea,Hoplonemertea,Monostilifera,Cratenemertidae,Nipponnemertes,,bimaculata,,2026-08-12,Gustav,Old Home Beach,Rocky intertidal with rock ledges,kelp holdfasts,sweat,,Species,
CAEU-0381,06B,6B,,1,Nipponnemertes bimaculata,✓,✓,✓,,Svetlana Maslakova,2026-08-11,,156339,Nipponnemertes bimaculata,Animalia,Nemertea,Hoplonemertea,Monostilifera,Cratenemertidae,Nipponnemertes,,bimaculata,,2026-08-12,Gustav,Old Home Beach,Rocky intertidal with rock ledges,kelp holdfasts,sweat,,Species,
CAEU-0382,06B,6B,,1,Micrura wilsoni,✓,,,missing specimen,Svetlana Maslakova,2026-08-11,,155917,Micrura wilsoni,Animalia,Nemertea,Pilidiophora,Heteronemertea,Lineidae,Micrura,,wilsoni,,2026-08-12,Gustav,Old Home Beach,Rocky intertidal with rock ledges,kelp holdfasts,sweat,,Species,
CAEU-0383,06B,6B,,1,Micrura wilsoni,✓,cryo2,,,Svetlana Maslakova,2026-08-11,,155917,Micrura wilsoni,Animalia,Nemertea,Pilidiophora,Heteronemertea,Lineidae,Micrura,,wilsoni,,2026-08-12,Gustav,Old Home Beach,Rocky intertidal with rock ledges,kelp holdfasts,sweat,,Species,
CAEU-0384,06B,6B,,1,Amphiporus aff. imparispinosus?,,,,,Svetlana Maslakova,2026-08-11,,122391,Amphiporus,Animalia,Nemertea,Hoplonemertea,Monostilifera,Amphiporidae,Amphiporus,,,,2026-08-12,Gustav,Old Home Beach,Rocky intertidal with rock ledges,kelp holdfasts,sweat,,Genus,
CAEU-0385,06B,6B,,1,Amphiporus aff. imparispinosus?,,,,,Svetlana Maslakova,2026-08-11,,122391,Amphiporus,Animalia,Nemertea,Hoplonemertea,Monostilifera,Amphiporidae,Amphiporus,,,,2026-08-12,Gustav,Old Home Beach,Rocky intertidal with rock ledges,kelp holdfasts,sweat,,Genus,
CAEU-0386,06B,6B,,1,Amphiporus aff. imparispinosus?,,,,,Svetlana Maslakova,2026-08-11,,122391,Amphiporus,Animalia,Nemertea,Hoplonemertea,Monostilifera,Amphiporidae,Amphiporus,,,,2026-08-12,Gustav,Old Home Beach,Rocky intertidal with rock ledges,kelp holdfasts,sweat,,Genus,
CAEU-0387,06B,6B,,1,Amphiporus formidabilis?,,,,Small indiv.,Svetlana Maslakova,2026-08-11,,147983,Amphiporus formidabilis,Animalia,Nemertea,Hoplonemertea,Monostilifera,Amphiporidae,Amphiporus,,formidabilis,,2026-08-12,Gustav,Old Home Beach,Rocky intertidal with rock ledges,kelp holdfasts,sweat,,Species,
CAEU-0388,7,7,,1,Tubulanus ruber,✓,✓,,,Svetlana Maslakova,2026-08-11,,1747390,Tubulanus ruber,Animalia,Nemertea,Palaeonemertea,Tubulaniformes,Tubulanidae,Tubulanus,,ruber,,2026-08-13,"Kathy Ann, Svetlana, John, Soma, Gustav, Yander, Terry, Robin, Siena, Ciara, Isabel, Sadie, Julien",Baker's Beach,"Rocky shore and beach mixed with rocky outcrops, cobble fields, tide pools, kelp and algal cover, low IT with urchin barrens",,"hand, general",,Species,
CAEU-0389,7,7,,1,Tubulanus ruber,✓,✓,,,Svetlana Maslakova,2026-08-11,,1747390,Tubulanus ruber,Animalia,Nemertea,Palaeonemertea,Tubulaniformes,Tubulanidae,Tubulanus,,ruber,,2026-08-13,"Kathy Ann, Svetlana, John, Soma, Gustav, Yander, Terry, Robin, Siena, Ciara, Isabel, Sadie, Julien",Baker's Beach,"Rocky shore and beach mixed with rocky outcrops, cobble fields, tide pools, kelp and algal cover, low IT with urchin barrens",,"hand, general",,Species,
CAEU-0390,07E,7E,,1,Carinoma?,✓,✓,,"headless piece, ripe ♀, dead by time I got to it :(",Svetlana Maslakova,2026-08-11,,122378,Carinoma,Animalia,Nemertea,Palaeonemertea,Carinomiformes,Carinomidae,Carinoma,,,,2026-08-13,Svetlana,Baker's Beach,"Rocky shore and beach mixed with rocky outcrops, cobble fields, tide pools, kelp and algal cover, low IT with urchin barrens",sandy beach,"shovel, hand",,Genus,
CAEU-0391,HUMB-03,3,,2,Ceratodoris rosacea,Y,Y,Y,TO CAS,Agarwal/Gosliner,2026-08-11,,1723348,Ceratodoris rosacea,Animalia,Mollusca,Gastropoda,Doridida,Goniodorididae,Ceratodoris,,rosacea,,2026-08-11,"Kathy Ann, Svetlana, John, Soma, Gustav, Yander, Terry, Robin, Siena, Ciara, Isabel, Julien",Luffenholtz Beach,"Rocky shore and beach mixed with rocky outcrops, cobble fields, tide pools, kelp and algal cover, low IT in some areas with urchin barrens",,,,Species,
CAEU-0392,HUMB-03,3,,5,Dirona albolineata,Y,Y,Y,TO CAS,Agarwal/Gosliner,2026-08-11,,581837,Dirona albolineata,Animalia,Mollusca,Gastropoda,Nudibranchia,Dironidae,Dirona,,albolineata,,2026-08-11,"Kathy Ann, Svetlana, John, Soma, Gustav, Yander, Terry, Robin, Siena, Ciara, Isabel, Julien",Luffenholtz Beach,"Rocky shore and beach mixed with rocky outcrops, cobble fields, tide pools, kelp and algal cover, low IT in some areas with urchin barrens",,,,Species,
CAEU-0393,HUMB-03,3,,5,Triopha catalinae,Y,Y,Y,TO CAS,Agarwal/Gosliner,2026-08-11,,531258,Triopha catalinae,Animalia,Mollusca,Gastropoda,Doridida,Polyceridae,Triopha,,catalinae,,2026-08-11,"Kathy Ann, Svetlana, John, Soma, Gustav, Yander, Terry, Robin, Siena, Ciara, Isabel, Julien",Luffenholtz Beach,"Rocky shore and beach mixed with rocky outcrops, cobble fields, tide pools, kelp and algal cover, low IT in some areas with urchin barrens",,,,Species,
CAEU-0394,HUMB-03,3,,1,Tritonia festiva,Y,Y,Y,TO CAS,Agarwal/Gosliner,2026-08-11,,549413,Tritonia festiva,Animalia,Mollusca,Gastropoda,Nudibranchia,Tritoniidae,Tritonia,,festiva,,2026-08-11,"Kathy Ann, Svetlana, John, Soma, Gustav, Yander, Terry, Robin, Siena, Ciara, Isabel, Julien",Luffenholtz Beach,"Rocky shore and beach mixed with rocky outcrops, cobble fields, tide pools, kelp and algal cover, low IT in some areas with urchin barrens",,,,Species,
CAEU-0395,HUMB-03,3,,1,Dialula sandiegensis,Y,Y,Y,TO CAS,Agarwal/Gosliner,2026-08-11,,536817,Diaulula sandiegensis,Animalia,Mollusca,Gastropoda,Doridida,Discodorididae,Diaulula,,sandiegensis,,2026-08-11,"Kathy Ann, Svetlana, John, Soma, Gustav, Yander, Terry, Robin, Siena, Ciara, Isabel, Julien",Luffenholtz Beach,"Rocky shore and beach mixed with rocky outcrops, cobble fields, tide pools, kelp and algal cover, low IT in some areas with urchin barrens",,,,Species,
CAEU-0396,HUMB-03,3,,1,Hallaxa chani,Y,Y,Y,TO CAS,Agarwal/Gosliner,2026-08-11,,581807,Hallaxa chani,Animalia,Mollusca,Gastropoda,Doridida,Actinocyclidae,Hallaxa,,chani,,2026-08-11,"Kathy Ann, Svetlana, John, Soma, Gustav, Yander, Terry, Robin, Siena, Ciara, Isabel, Julien",Luffenholtz Beach,"Rocky shore and beach mixed with rocky outcrops, cobble fields, tide pools, kelp and algal cover, low IT in some areas with urchin barrens",,,,Species,
CAEU-0397,HUMB-03,3,,1,Hermissenda opalescens,Y,Y,Y,TO CAS,Agarwal/Gosliner,2026-08-11,,877759,Hermissenda opalescens,Animalia,Mollusca,Gastropoda,Nudibranchia,Myrrhinidae,Hermissenda,,opalescens,,2026-08-11,"Kathy Ann, Svetlana, John, Soma, Gustav, Yander, Terry, Robin, Siena, Ciara, Isabel, Julien",Luffenholtz Beach,"Rocky shore and beach mixed with rocky outcrops, cobble fields, tide pools, kelp and algal cover, low IT in some areas with urchin barrens",,,,Species,
CAEU-0398,HUMB-03,3,,3,Triopha catalinae,Y,Y,Y,TO CAS,Agarwal/Gosliner,2026-08-11,,531258,Triopha catalinae,Animalia,Mollusca,Gastropoda,Doridida,Polyceridae,Triopha,,catalinae,,2026-08-11,"Kathy Ann, Svetlana, John, Soma, Gustav, Yander, Terry, Robin, Siena, Ciara, Isabel, Julien",Luffenholtz Beach,"Rocky shore and beach mixed with rocky outcrops, cobble fields, tide pools, kelp and algal cover, low IT in some areas with urchin barrens",,,,Species,
CAEU-0399,HUMB-03,3,,1,Aeolidia cf. loui,Y,Y,Y,TO CAS,Agarwal/Gosliner,2026-08-11,,137630,Aeolidia,Animalia,Mollusca,Gastropoda,Nudibranchia,Aeolidiidae,Aeolidia,,,,2026-08-11,"Kathy Ann, Svetlana, John, Soma, Gustav, Yander, Terry, Robin, Siena, Ciara, Isabel, Julien",Luffenholtz Beach,"Rocky shore and beach mixed with rocky outcrops, cobble fields, tide pools, kelp and algal cover, low IT in some areas with urchin barrens",,,,Genus,
CAEU-0400,HUMB-03,3,,1,Diaphorodoris lirulatocauda,Y,Y,Y,TO CAS,Agarwal/Gosliner,2026-08-11,,581691,Diaphorodoris lirulatocauda,Animalia,Mollusca,Gastropoda,Doridida,Calycidorididae,Diaphorodoris,,lirulatocauda,,2026-08-11,"Kathy Ann, Svetlana, John, Soma, Gustav, Yander, Terry, Robin, Siena, Ciara, Isabel, Julien",Luffenholtz Beach,"Rocky shore and beach mixed with rocky outcrops, cobble fields, tide pools, kelp and algal cover, low IT in some areas with urchin barrens",,,,Species,
CAEU-0401,HUMB-03,3,,5,Triopha maculata,Y,Y,Y,TO CAS,Agarwal/Gosliner,2026-08-11,,531262,Triopha maculata,Animalia,Mollusca,Gastropoda,Doridida,Polyceridae,Triopha,,maculata,,2026-08-11,"Kathy Ann, Svetlana, John, Soma, Gustav, Yander, Terry, Robin, Siena, Ciara, Isabel, Julien",Luffenholtz Beach,"Rocky shore and beach mixed with rocky outcrops, cobble fields, tide pools, kelp and algal cover, low IT in some areas with urchin barrens",,,,Species,
CAEU-0402,HUMB-03,3,,3,Dirona picta,Y,Y,Y,TO CAS,Agarwal/Gosliner,2026-08-11,,558927,Dirona picta,Animalia,Mollusca,Gastropoda,Nudibranchia,Dironidae,Dirona,,picta,,2026-08-11,"Kathy Ann, Svetlana, John, Soma, Gustav, Yander, Terry, Robin, Siena, Ciara, Isabel, Julien",Luffenholtz Beach,"Rocky shore and beach mixed with rocky outcrops, cobble fields, tide pools, kelp and algal cover, low IT in some areas with urchin barrens",,,,Species,
CAEU-0403,HUMB-03,3,,1,Peltodoris nobilis,Y,Y,Y,TO CAS one split as Doris montereyensis (411),Agarwal/Gosliner,2026-08-11,,594422,Peltodoris nobilis,Animalia,Mollusca,Gastropoda,Doridida,Discodorididae,Peltodoris,,nobilis,,2026-08-11,"Kathy Ann, Svetlana, John, Soma, Gustav, Yander, Terry, Robin, Siena, Ciara, Isabel, Julien",Luffenholtz Beach,"Rocky shore and beach mixed with rocky outcrops, cobble fields, tide pools, kelp and algal cover, low IT in some areas with urchin barrens",,,,Species,
CAEU-0404,HUMB-03,3,,1,Acanthodoris nanaimoensis,Y,Y,Y,TO CAS,Agarwal/Gosliner,2026-08-11,,535685,Acanthodoris nanaimoensis,Animalia,Mollusca,Gastropoda,Doridida,Acanthodorididae,Acanthodoris,,nanaimoensis,,2026-08-11,"Kathy Ann, Svetlana, John, Soma, Gustav, Yander, Terry, Robin, Siena, Ciara, Isabel, Julien",Luffenholtz Beach,"Rocky shore and beach mixed with rocky outcrops, cobble fields, tide pools, kelp and algal cover, low IT in some areas with urchin barrens",,,,Species,
CAEU-0405,HUMB-03,3,,1,Limacia cockerelli,Y,Y,Y,TO CAS,Agarwal/Gosliner,2026-08-11,,531202,Limacia cockerelli,Animalia,Mollusca,Gastropoda,Doridida,Polyceridae,Limacia,,cockerelli,,2026-08-11,"Kathy Ann, Svetlana, John, Soma, Gustav, Yander, Terry, Robin, Siena, Ciara, Isabel, Julien",Luffenholtz Beach,"Rocky shore and beach mixed with rocky outcrops, cobble fields, tide pools, kelp and algal cover, low IT in some areas with urchin barrens",,,,Species,
CAEU-0406,HUMB-03,3,,7,Triopha catalinae,Y,Y,Y,TO CAS,Agarwal/Gosliner,2026-08-11,,531258,Triopha catalinae,Animalia,Mollusca,Gastropoda,Doridida,Polyceridae,Triopha,,catalinae,,2026-08-11,"Kathy Ann, Svetlana, John, Soma, Gustav, Yander, Terry, Robin, Siena, Ciara, Isabel, Julien",Luffenholtz Beach,"Rocky shore and beach mixed with rocky outcrops, cobble fields, tide pools, kelp and algal cover, low IT in some areas with urchin barrens",,,,Species,
CAEU-0407,HUMB-03,3,,2,Triopha maculata,Y,Y,Y,TO CAS,Agarwal/Gosliner,2026-08-11,,531262,Triopha maculata,Animalia,Mollusca,Gastropoda,Doridida,Polyceridae,Triopha,,maculata,,2026-08-11,"Kathy Ann, Svetlana, John, Soma, Gustav, Yander, Terry, Robin, Siena, Ciara, Isabel, Julien",Luffenholtz Beach,"Rocky shore and beach mixed with rocky outcrops, cobble fields, tide pools, kelp and algal cover, low IT in some areas with urchin barrens",,,,Species,
CAEU-0408,HUMB-03,3,,1,Peltodoris nobilis,Y,Y,Y,TO CAS,Agarwal/Gosliner,2026-08-11,,594422,Peltodoris nobilis,Animalia,Mollusca,Gastropoda,Doridida,Discodorididae,Peltodoris,,nobilis,,2026-08-11,"Kathy Ann, Svetlana, John, Soma, Gustav, Yander, Terry, Robin, Siena, Ciara, Isabel, Julien",Luffenholtz Beach,"Rocky shore and beach mixed with rocky outcrops, cobble fields, tide pools, kelp and algal cover, low IT in some areas with urchin barrens",,,,Species,
CAEU-0409,HUMB-03,3,,3,Dialula sandiegensis,Y,Y,Y,TO CAS,Agarwal/Gosliner,2026-08-11,,536817,Diaulula sandiegensis,Animalia,Mollusca,Gastropoda,Doridida,Discodorididae,Diaulula,,sandiegensis,,2026-08-11,"Kathy Ann, Svetlana, John, Soma, Gustav, Yander, Terry, Robin, Siena, Ciara, Isabel, Julien",Luffenholtz Beach,"Rocky shore and beach mixed with rocky outcrops, cobble fields, tide pools, kelp and algal cover, low IT in some areas with urchin barrens",,,,Species,
CAEU-0410,HUMB-03,3,,2,Dirona albolineata,Y,Y,Y,TO CAS,Agarwal/Gosliner,2026-08-11,,581837,Dirona albolineata,Animalia,Mollusca,Gastropoda,Nudibranchia,Dironidae,Dirona,,albolineata,,2026-08-11,"Kathy Ann, Svetlana, John, Soma, Gustav, Yander, Terry, Robin, Siena, Ciara, Isabel, Julien",Luffenholtz Beach,"Rocky shore and beach mixed with rocky outcrops, cobble fields, tide pools, kelp and algal cover, low IT in some areas with urchin barrens",,,,Species,
CAEU-0411,HUMB-03,3,CAEU-0403,1,Doris montereyensis,Y,Y,Y,TO CAS,Agarwal/Gosliner,2026-08-11,,581816,Doris montereyensis,Animalia,Mollusca,Gastropoda,Doridida,Dorididae,Doris,,montereyensis,,2026-08-11,"Kathy Ann, Svetlana, John, Soma, Gustav, Yander, Terry, Robin, Siena, Ciara, Isabel, Julien",Luffenholtz Beach,"Rocky shore and beach mixed with rocky outcrops, cobble fields, tide pools, kelp and algal cover, low IT in some areas with urchin barrens",,,,Species,
CAEU-0412,HUMB-04,4,,1,Tenellia albocrusta,Y,Y,N,TO CAS Whole animal for molecular,Agarwal/Gosliner,2026-08-11,,986813,Tenellia albocrusta,Animalia,Mollusca,Gastropoda,Nudibranchia,Trinchesiidae,Tenellia,,albocrusta,,2026-08-11,"Greg, Dakota",Luffenholtz Beach,"Rocky shore and beach mixed with rocky outcrops, cobble fields, tide pools, kelp and algal cover, low IT in some areas with urchin barrens",,hand,,Species,
CAEU-0413,HUMB-04,4,,1,Diaulula odonhuei,Y,Y,Y,TO CAS,Agarwal/Gosliner,2026-08-11,,890436,Diaulula odonoghuei,Animalia,Mollusca,Gastropoda,Doridida,Discodorididae,Diaulula,,odonoghuei,,2026-08-11,"Greg, Dakota",Luffenholtz Beach,"Rocky shore and beach mixed with rocky outcrops, cobble fields, tide pools, kelp and algal cover, low IT in some areas with urchin barrens",,hand,,Species,
CAEU-0414,HUMB-04,4,,5,Dendronotus venustus,Y,Y,Y,TO CAS,Agarwal/Gosliner,2026-08-11,,548249,Dendronotus venustus,Animalia,Mollusca,Gastropoda,Nudibranchia,Dendronotidae,Dendronotus,,venustus,,2026-08-11,"Greg, Dakota",Luffenholtz Beach,"Rocky shore and beach mixed with rocky outcrops, cobble fields, tide pools, kelp and algal cover, low IT in some areas with urchin barrens",,hand,,Species,
CAEU-0415,HUMB-04,4,,3,Diaphorodoris lirulatocauda,Y,Y,Y,TO CAS,Agarwal/Gosliner,2026-08-11,,581691,Diaphorodoris lirulatocauda,Animalia,Mollusca,Gastropoda,Doridida,Calycidorididae,Diaphorodoris,,lirulatocauda,,2026-08-11,"Greg, Dakota",Luffenholtz Beach,"Rocky shore and beach mixed with rocky outcrops, cobble fields, tide pools, kelp and algal cover, low IT in some areas with urchin barrens",,hand,,Species,
CAEU-0416,HUMB-04,4,,3,Hermissenda opalescens,Y,Y,Y,TO CAS,Agarwal/Gosliner,2026-08-11,,877759,Hermissenda opalescens,Animalia,Mollusca,Gastropoda,Nudibranchia,Myrrhinidae,Hermissenda,,opalescens,,2026-08-11,"Greg, Dakota",Luffenholtz Beach,"Rocky shore and beach mixed with rocky outcrops, cobble fields, tide pools, kelp and algal cover, low IT in some areas with urchin barrens",,hand,,Species,
CAEU-0417,HUMB-04,4,,3,Polycera atra,Y,Y,Y,TO CAS,Agarwal/Gosliner,2026-08-11,,527533,Polycera atra,Animalia,Mollusca,Gastropoda,Doridida,Polyceridae,Polycera,,atra,,2026-08-11,"Greg, Dakota",Luffenholtz Beach,"Rocky shore and beach mixed with rocky outcrops, cobble fields, tide pools, kelp and algal cover, low IT in some areas with urchin barrens",,hand,,Species,
CAEU-0418,HUMB-04,4,,3,Hermissenda crassicornis,Y,Y,Y,TO CAS,Agarwal/Gosliner,2026-08-11,,367883,Hermissenda crassicornis,Animalia,Mollusca,Gastropoda,Nudibranchia,Myrrhinidae,Hermissenda,,crassicornis,,2026-08-11,"Greg, Dakota",Luffenholtz Beach,"Rocky shore and beach mixed with rocky outcrops, cobble fields, tide pools, kelp and algal cover, low IT in some areas with urchin barrens",,hand,,Species,
CAEU-0419,HUMB-04,4,,1,flatworm sp,Y,N,N,,Agarwal/Gosliner,2026-08-11,,793,Platyhelminthes,Animalia,Platyhelminthes,,,,,,,,2026-08-11,"Greg, Dakota",Luffenholtz Beach,"Rocky shore and beach mixed with rocky outcrops, cobble fields, tide pools, kelp and algal cover, low IT in some areas with urchin barrens",,hand,,Higher,
CAEU-0420,HUMB-04,4,,1,Triopha maculata,Y,Y,Y,dark form - TO CAS,Agarwal/Gosliner,2026-08-11,,531262,Triopha maculata,Animalia,Mollusca,Gastropoda,Doridida,Polyceridae,Triopha,,maculata,,2026-08-11,"Greg, Dakota",Luffenholtz Beach,"Rocky shore and beach mixed with rocky outcrops, cobble fields, tide pools, kelp and algal cover, low IT in some areas with urchin barrens",,hand,,Species,
CAEU-0421,CAEUK-02A,2A,,1,Odonthalia washingtoniensis,✓,✓,✓,"I-1,2 3-5m depth",Kathy Ann Miller,2026-08-11,,372622,Odonthalia washingtoniensis,Plantae,Rhodophyta,Florideophyceae,Ceramiales,Rhodomelaceae,Odonthalia,,washingtoniensis,,2026-08-10,"Svetlana, Gustav",Crescent City N of Lighthouse,"boulders and rocks, with sand in between",red algae,,,Species,
CAEU-0422,CAEUK-03,3,,1,Colpomenia peregrina,✓,✓,✓,"I-3,4",Kathy Ann Miller,2026-08-11,,145856,Colpomenia peregrina,Chromista,Ochrophyta,Phaeophyceae,Ectocarpales,Scytosiphonaceae,Colpomenia,,peregrina,,2026-08-11,"Kathy Ann, Svetlana, John, Soma, Gustav, Yander, Terry, Robin, Siena, Ciara, Isabel, Julien",Luffenholtz Beach,"Rocky shore and beach mixed with rocky outcrops, cobble fields, tide pools, kelp and algal cover, low IT in some areas with urchin barrens",,,,Species,
CAEU-0423,CAEUK-03,3,,1,Pelvetiopsis limitata,✓,✓,✓,"I-5,6",Kathy Ann Miller,2026-08-11,,372511,Pelvetiopsis limitata,Chromista,Ochrophyta,Phaeophyceae,Fucales,Fucaceae,Pelvetiopsis,,limitata,,2026-08-11,"Kathy Ann, Svetlana, John, Soma, Gustav, Yander, Terry, Robin, Siena, Ciara, Isabel, Julien",Luffenholtz Beach,"Rocky shore and beach mixed with rocky outcrops, cobble fields, tide pools, kelp and algal cover, low IT in some areas with urchin barrens",,,,Species,
CAEU-0424,CAEUK-03,3,,1,Hymenena (juvenile?),,,,"I-7,8",Kathy Ann Miller,2026-08-11,,369788,Hymenena,Plantae,Rhodophyta,Florideophyceae,Ceramiales,Delesseriaceae,Hymenena,,,,2026-08-11,"Kathy Ann, Svetlana, John, Soma, Gustav, Yander, Terry, Robin, Siena, Ciara, Isabel, Julien",Luffenholtz Beach,"Rocky shore and beach mixed with rocky outcrops, cobble fields, tide pools, kelp and algal cover, low IT in some areas with urchin barrens",,,,Genus,
CAEU-0425,CAEUK-03,3,,1,Hymenena flabelligera,,,,"I-9,10",Kathy Ann Miller,2026-08-11,,372588,Hymenena flabelligera,Plantae,Rhodophyta,Florideophyceae,Ceramiales,Delesseriaceae,Hymenena,,flabelligera,,2026-08-11,"Kathy Ann, Svetlana, John, Soma, Gustav, Yander, Terry, Robin, Siena, Ciara, Isabel, Julien",Luffenholtz Beach,"Rocky shore and beach mixed with rocky outcrops, cobble fields, tide pools, kelp and algal cover, low IT in some areas with urchin barrens",,,,Species,
CAEU-0426,CAEUK-03,3,,1,Plocamiocolax pulvinata,,,,"I-11,12",Kathy Ann Miller,2026-08-11,,372631,Plocamiocolax pulvinatus,Plantae,Rhodophyta,Florideophyceae,Plocamiales,Plocamiaceae,Plocamiocolax,,pulvinatus,,2026-08-11,"Kathy Ann, Svetlana, John, Soma, Gustav, Yander, Terry, Robin, Siena, Ciara, Isabel, Julien",Luffenholtz Beach,"Rocky shore and beach mixed with rocky outcrops, cobble fields, tide pools, kelp and algal cover, low IT in some areas with urchin barrens",,,,Species,
CAEU-0427,CAEUK-03,3,,1,Plocamium pacificum,,,,"I-13,14",Kathy Ann Miller,2026-08-11,,498042,Plocamium pacificum,Plantae,Rhodophyta,Florideophyceae,Plocamiales,Plocamiaceae,Plocamium,,pacificum,,2026-08-11,"Kathy Ann, Svetlana, John, Soma, Gustav, Yander, Terry, Robin, Siena, Ciara, Isabel, Julien",Luffenholtz Beach,"Rocky shore and beach mixed with rocky outcrops, cobble fields, tide pools, kelp and algal cover, low IT in some areas with urchin barrens",,,,Species,
CAEU-0428,CAEUK-03,3,,1,Prionitis lanceolata,,,,"I-15,16",Kathy Ann Miller,2026-08-11,,496247,Prionitis lanceolata,Plantae,Rhodophyta,Florideophyceae,Halymeniales,Halymeniaceae,Prionitis,,lanceolata,,2026-08-11,"Kathy Ann, Svetlana, John, Soma, Gustav, Yander, Terry, Robin, Siena, Ciara, Isabel, Julien",Luffenholtz Beach,"Rocky shore and beach mixed with rocky outcrops, cobble fields, tide pools, kelp and algal cover, low IT in some areas with urchin barrens",,,,Species,
CAEU-0429,CAEUK-03,3,,1,Ahnfeltiopsis linearis,,,,"I-17,18",Kathy Ann Miller,2026-08-11,,372234,Ahnfeltiopsis linearis,Plantae,Rhodophyta,Florideophyceae,Gigartinales,Phyllophoraceae,Ahnfeltiopsis,,linearis,,2026-08-11,"Kathy Ann, Svetlana, John, Soma, Gustav, Yander, Terry, Robin, Siena, Ciara, Isabel, Julien",Luffenholtz Beach,"Rocky shore and beach mixed with rocky outcrops, cobble fields, tide pools, kelp and algal cover, low IT in some areas with urchin barrens",,,,Species,
CAEU-0430,CAEUK-03,3,,1,Herposiphonia borealis,,,,"I-19,20",Kathy Ann Miller,2026-08-11,,205966,Herposiphonia,Plantae,Rhodophyta,Florideophyceae,Ceramiales,Rhodomelaceae,Herposiphonia,,,,2026-08-11,"Kathy Ann, Svetlana, John, Soma, Gustav, Yander, Terry, Robin, Siena, Ciara, Isabel, Julien",Luffenholtz Beach,"Rocky shore and beach mixed with rocky outcrops, cobble fields, tide pools, kelp and algal cover, low IT in some areas with urchin barrens",,,,Genus,
CAEU-0431,CAEUK-03,3,,1,Ptilota filicina,,,,"I-21,22",Kathy Ann Miller,2026-08-11,,372387,Ptilota filicina,Plantae,Rhodophyta,Florideophyceae,Ceramiales,Wrangeliaceae,Ptilota,,filicina,,2026-08-11,"Kathy Ann, Svetlana, John, Soma, Gustav, Yander, Terry, Robin, Siena, Ciara, Isabel, Julien",Luffenholtz Beach,"Rocky shore and beach mixed with rocky outcrops, cobble fields, tide pools, kelp and algal cover, low IT in some areas with urchin barrens",,,,Species,
CAEU-0432,CAEUK-03,3,,1,Constantinea simplex,,,,"I-23,24",Kathy Ann Miller,2026-08-11,,372553,Constantinea simplex,Plantae,Rhodophyta,Florideophyceae,Gigartinales,Dumontiaceae,Constantinea,,simplex,,2026-08-11,"Kathy Ann, Svetlana, John, Soma, Gustav, Yander, Terry, Robin, Siena, Ciara, Isabel, Julien",Luffenholtz Beach,"Rocky shore and beach mixed with rocky outcrops, cobble fields, tide pools, kelp and algal cover, low IT in some areas with urchin barrens",,,,Species,
CAEU-0433,CAEUK-03,3,,1,Cryptopleura violacea,,,,"I-25,26",Kathy Ann Miller,2026-08-11,,372562,Cryptopleura violacea,Plantae,Rhodophyta,Florideophyceae,Ceramiales,Delesseriaceae,Cryptopleura,,violacea,,2026-08-11,"Kathy Ann, Svetlana, John, Soma, Gustav, Yander, Terry, Robin, Siena, Ciara, Isabel, Julien",Luffenholtz Beach,"Rocky shore and beach mixed with rocky outcrops, cobble fields, tide pools, kelp and algal cover, low IT in some areas with urchin barrens",,,,Species,
CAEU-0434,CAEUK-03,3,,1,Plocamium oregonum,,,,"I-27,28",Kathy Ann Miller,2026-08-11,,372632,Plocamium oregonum,Plantae,Rhodophyta,Florideophyceae,Plocamiales,Plocamiaceae,Plocamium,,oregonum,,2026-08-11,"Kathy Ann, Svetlana, John, Soma, Gustav, Yander, Terry, Robin, Siena, Ciara, Isabel, Julien",Luffenholtz Beach,"Rocky shore and beach mixed with rocky outcrops, cobble fields, tide pools, kelp and algal cover, low IT in some areas with urchin barrens",,,,Species,
CAEU-0435,CAEUK-03,3,,1,Odonthalia floccosa,,,,"I-29,30",Kathy Ann Miller,2026-08-11,,372621,Odonthalia floccosa,Plantae,Rhodophyta,Florideophyceae,Ceramiales,Rhodomelaceae,Odonthalia,,floccosa,,2026-08-11,"Kathy Ann, Svetlana, John, Soma, Gustav, Yander, Terry, Robin, Siena, Ciara, Isabel, Julien",Luffenholtz Beach,"Rocky shore and beach mixed with rocky outcrops, cobble fields, tide pools, kelp and algal cover, low IT in some areas with urchin barrens",,,,Species,
CAEU-0436,CAEUK-03,3,,1,Odonthalia oregona,,,,"I-31,32",Kathy Ann Miller,2026-08-11,,497634,Odonthalia oregona,Plantae,Rhodophyta,Florideophyceae,Ceramiales,Rhodomelaceae,Odonthalia,,oregona,,2026-08-11,"Kathy Ann, Svetlana, John, Soma, Gustav, Yander, Terry, Robin, Siena, Ciara, Isabel, Julien",Luffenholtz Beach,"Rocky shore and beach mixed with rocky outcrops, cobble fields, tide pools, kelp and algal cover, low IT in some areas with urchin barrens",,,,Species,
CAEU-0437,CAEUK-03,3,,1,Neorhodomela larix,,,,"I-33,34",Kathy Ann Miller,2026-08-11,,372616,Neorhodomela larix,Plantae,Rhodophyta,Florideophyceae,Ceramiales,Rhodomelaceae,Neorhodomela,,larix,,2026-08-11,"Kathy Ann, Svetlana, John, Soma, Gustav, Yander, Terry, Robin, Siena, Ciara, Isabel, Julien",Luffenholtz Beach,"Rocky shore and beach mixed with rocky outcrops, cobble fields, tide pools, kelp and algal cover, low IT in some areas with urchin barrens",,,,Species,
CAEU-0438,CAEUK-03,3,,1,Mazzaella splendens,,,,"I-35,36",Kathy Ann Miller,2026-08-11,,372601,Mazzaella splendens,Plantae,Rhodophyta,Florideophyceae,Gigartinales,Gigartinaceae,Mazzaella,,splendens,,2026-08-11,"Kathy Ann, Svetlana, John, Soma, Gustav, Yander, Terry, Robin, Siena, Ciara, Isabel, Julien",Luffenholtz Beach,"Rocky shore and beach mixed with rocky outcrops, cobble fields, tide pools, kelp and algal cover, low IT in some areas with urchin barrens",,,,Species,
CAEU-0439,CAEUK-03,3,,1,Chondracanthus canaliculatus,,,,"I-37,38",Kathy Ann Miller,2026-08-11,,371723,Chondracanthus canaliculatus,Plantae,Rhodophyta,Florideophyceae,Gigartinales,Gigartinaceae,Chondracanthus,,canaliculatus,,2026-08-11,"Kathy Ann, Svetlana, John, Soma, Gustav, Yander, Terry, Robin, Siena, Ciara, Isabel, Julien",Luffenholtz Beach,"Rocky shore and beach mixed with rocky outcrops, cobble fields, tide pools, kelp and algal cover, low IT in some areas with urchin barrens",,,,Species,
CAEU-0440,CAEUK-03,3,,1,Neogastroclonium subarticulatum,,,,"I-39,40",Kathy Ann Miller,2026-08-11,,503971,Neogastroclonium subarticulatum,Plantae,Rhodophyta,Florideophyceae,Rhodymeniales,Champiaceae,Neogastroclonium,,subarticulatum,,2026-08-11,"Kathy Ann, Svetlana, John, Soma, Gustav, Yander, Terry, Robin, Siena, Ciara, Isabel, Julien",Luffenholtz Beach,"Rocky shore and beach mixed with rocky outcrops, cobble fields, tide pools, kelp and algal cover, low IT in some areas with urchin barrens",,,,Species,
CAEU-0441,CAEUK-03,3,,1,Ulva fenestrata,,,,"I-41,42",Kathy Ann Miller,2026-08-11,,211462,Ulva fenestrata,Plantae,Chlorophyta,Ulvophyceae,Ulvales,Ulvaceae,Ulva,,fenestrata,,2026-08-11,"Kathy Ann, Svetlana, John, Soma, Gustav, Yander, Terry, Robin, Siena, Ciara, Isabel, Julien",Luffenholtz Beach,"Rocky shore and beach mixed with rocky outcrops, cobble fields, tide pools, kelp and algal cover, low IT in some areas with urchin barrens",,,,Species,
CAEU-0442,CAEUK-03,3,,1,Ulva,,,,"I-43,44",Kathy Ann Miller,2026-08-11,,144296,Ulva,Plantae,Chlorophyta,Ulvophyceae,Ulvales,Ulvaceae,Ulva,,,,2026-08-11,"Kathy Ann, Svetlana, John, Soma, Gustav, Yander, Terry, Robin, Siena, Ciara, Isabel, Julien",Luffenholtz Beach,"Rocky shore and beach mixed with rocky outcrops, cobble fields, tide pools, kelp and algal cover, low IT in some areas with urchin barrens",,,,Genus,
CAEU-0443,CAEUK-03,3,,1,Mazzaella oregona,,,,"I-45,46",Kathy Ann Miller,2026-08-11,,376274,Mazzaella oregona,Plantae,Rhodophyta,Florideophyceae,Gigartinales,Gigartinaceae,Mazzaella,,oregona,,2026-08-11,"Kathy Ann, Svetlana, John, Soma, Gustav, Yander, Terry, Robin, Siena, Ciara, Isabel, Julien",Luffenholtz Beach,"Rocky shore and beach mixed with rocky outcrops, cobble fields, tide pools, kelp and algal cover, low IT in some areas with urchin barrens",,,,Species,
CAEU-0444,CAEUK-03,3,,1,Mastocarpus,,,,"I-47,48",Kathy Ann Miller,2026-08-11,,144163,Mastocarpus,Plantae,Rhodophyta,Florideophyceae,Gigartinales,Phyllophoraceae,Mastocarpus,,,,2026-08-11,"Kathy Ann, Svetlana, John, Soma, Gustav, Yander, Terry, Robin, Siena, Ciara, Isabel, Julien",Luffenholtz Beach,"Rocky shore and beach mixed with rocky outcrops, cobble fields, tide pools, kelp and algal cover, low IT in some areas with urchin barrens",,,,Genus,
CAEU-0445,CAEUK-03,3,,1,Phaeostrophion irregulare,,,,"I-49,50",Kathy Ann Miller,2026-08-11,,372516,Phaeostrophion irregulare,Chromista,Ochrophyta,Phaeophyceae,Phaeophyceae incertae sedis,Phaeostrophiaceae,Phaeostrophion,,irregulare,,2026-08-11,"Kathy Ann, Svetlana, John, Soma, Gustav, Yander, Terry, Robin, Siena, Ciara, Isabel, Julien",Luffenholtz Beach,"Rocky shore and beach mixed with rocky outcrops, cobble fields, tide pools, kelp and algal cover, low IT in some areas with urchin barrens",,,,Species,
CAEU-0446,CAEUK-03,3,,1,Desmarestia herbacea,,,,"I-51,52",Kathy Ann Miller,2026-08-11,,239201,Desmarestia herbacea,Chromista,Ochrophyta,Phaeophyceae,Desmarestiales,Desmarestiaceae,Desmarestia,,herbacea,,2026-08-11,"Kathy Ann, Svetlana, John, Soma, Gustav, Yander, Terry, Robin, Siena, Ciara, Isabel, Julien",Luffenholtz Beach,"Rocky shore and beach mixed with rocky outcrops, cobble fields, tide pools, kelp and algal cover, low IT in some areas with urchin barrens",,,,Species,
CAEU-0447,CAEUK-03,3,,1,Mastocarpus ?,,,,"I-53,54 no papillae",Kathy Ann Miller,2026-08-11,,144163,Mastocarpus,Plantae,Rhodophyta,Florideophyceae,Gigartinales,Phyllophoraceae,Mastocarpus,,,,2026-08-11,"Kathy Ann, Svetlana, John, Soma, Gustav, Yander, Terry, Robin, Siena, Ciara, Isabel, Julien",Luffenholtz Beach,"Rocky shore and beach mixed with rocky outcrops, cobble fields, tide pools, kelp and algal cover, low IT in some areas with urchin barrens",,,,Genus,
CAEU-0448,CAEUK-03,3,,1,Mastocarpus,,,,"I-55,56",Kathy Ann Miller,2026-08-11,,144163,Mastocarpus,Plantae,Rhodophyta,Florideophyceae,Gigartinales,Phyllophoraceae,Mastocarpus,,,,2026-08-11,"Kathy Ann, Svetlana, John, Soma, Gustav, Yander, Terry, Robin, Siena, Ciara, Isabel, Julien",Luffenholtz Beach,"Rocky shore and beach mixed with rocky outcrops, cobble fields, tide pools, kelp and algal cover, low IT in some areas with urchin barrens",,,,Genus,
CAEU-0449,CAEUK-03,3,,1,Pyropia,,,,"I-57,58",Kathy Ann Miller,2026-08-11,,603075,Pyropia,Plantae,Rhodophyta,Bangiophyceae,Bangiales,Bangiaceae,Pyropia,,,,2026-08-11,"Kathy Ann, Svetlana, John, Soma, Gustav, Yander, Terry, Robin, Siena, Ciara, Isabel, Julien",Luffenholtz Beach,"Rocky shore and beach mixed with rocky outcrops, cobble fields, tide pools, kelp and algal cover, low IT in some areas with urchin barrens",,,,Genus,
CAEU-0450,CAEUK-03,3,,1,Endocladia muricata,,,,"I-59,60",Kathy Ann Miller,2026-08-11,,372566,Endocladia muricata,Plantae,Rhodophyta,Florideophyceae,Gigartinales,Endocladiaceae,Endocladia,,muricata,,2026-08-11,"Kathy Ann, Svetlana, John, Soma, Gustav, Yander, Terry, Robin, Siena, Ciara, Isabel, Julien",Luffenholtz Beach,"Rocky shore and beach mixed with rocky outcrops, cobble fields, tide pools, kelp and algal cover, low IT in some areas with urchin barrens",,,,Species,
CAEU-0451,HUMB03,3,,1,Thorlaksonius depressus,/,X,/,good condition - could consider subsample 4 DNA,Siena McKim,2026-08-11,,549705,Thorlaksonius depressus,Animalia,Arthropoda,Malacostraca,Amphipoda,Pleustidae,Thorlaksonius,,depressus,,2026-08-11,"Kathy Ann, Svetlana, John, Soma, Gustav, Yander, Terry, Robin, Siena, Ciara, Isabel, Julien",Luffenholtz Beach,"Rocky shore and beach mixed with rocky outcrops, cobble fields, tide pools, kelp and algal cover, low IT in some areas with urchin barrens",,,,Species,
CAEU-0452,HUMB03,3,,1,Holopleustes aquipes,/,X,/,,Siena McKim,2026-08-11,,549724,Holopleustes aequipes,Animalia,Arthropoda,Malacostraca,Amphipoda,Pleustidae,Holopleustes,,aequipes,,2026-08-11,"Kathy Ann, Svetlana, John, Soma, Gustav, Yander, Terry, Robin, Siena, Ciara, Isabel, Julien",Luffenholtz Beach,"Rocky shore and beach mixed with rocky outcrops, cobble fields, tide pools, kelp and algal cover, low IT in some areas with urchin barrens",,,,Species,
CAEU-0453,HUMB03,3,,1,Holopleustes aquipes,/,/,X,,Siena McKim,2026-08-11,,549724,Holopleustes aequipes,Animalia,Arthropoda,Malacostraca,Amphipoda,Pleustidae,Holopleustes,,aequipes,,2026-08-11,"Kathy Ann, Svetlana, John, Soma, Gustav, Yander, Terry, Robin, Siena, Ciara, Isabel, Julien",Luffenholtz Beach,"Rocky shore and beach mixed with rocky outcrops, cobble fields, tide pools, kelp and algal cover, low IT in some areas with urchin barrens",,,,Species,
CAEU-0454,HUMB03,3,,1,Exacanthomysis davisi,/,X,/,,Siena McKim,2026-08-11,,226408,Exacanthomysis davisi,Animalia,Arthropoda,Malacostraca,Mysida,Mysidae,Exacanthomysis,,davisi,,2026-08-11,"Kathy Ann, Svetlana, John, Soma, Gustav, Yander, Terry, Robin, Siena, Ciara, Isabel, Julien",Luffenholtz Beach,"Rocky shore and beach mixed with rocky outcrops, cobble fields, tide pools, kelp and algal cover, low IT in some areas with urchin barrens",,,,Species,
CAEU-0455,HUMB03,3,,1,Ischyrocerus sp. 1,X,X,/,♀,Siena McKim,2026-08-11,,101569,Ischyrocerus,Animalia,Arthropoda,Malacostraca,Amphipoda,Ischyroceridae,Ischyrocerus,,,,2026-08-11,"Kathy Ann, Svetlana, John, Soma, Gustav, Yander, Terry, Robin, Siena, Ciara, Isabel, Julien",Luffenholtz Beach,"Rocky shore and beach mixed with rocky outcrops, cobble fields, tide pools, kelp and algal cover, low IT in some areas with urchin barrens",,,,Genus,
CAEU-0456,HUMB03,3,,1,Ischyrocerus sp. 1,/,X,/,"♀ a lot of babies, man dead",Siena McKim,2026-08-11,,101569,Ischyrocerus,Animalia,Arthropoda,Malacostraca,Amphipoda,Ischyroceridae,Ischyrocerus,,,,2026-08-11,"Kathy Ann, Svetlana, John, Soma, Gustav, Yander, Terry, Robin, Siena, Ciara, Isabel, Julien",Luffenholtz Beach,"Rocky shore and beach mixed with rocky outcrops, cobble fields, tide pools, kelp and algal cover, low IT in some areas with urchin barrens",,,,Genus,
CAEU-0457,HUMB03,3,,1,Thorlaksonius depressus,/,/,X,a lot of babies popping out,Siena McKim,2026-08-11,,549705,Thorlaksonius depressus,Animalia,Arthropoda,Malacostraca,Amphipoda,Pleustidae,Thorlaksonius,,depressus,,2026-08-11,"Kathy Ann, Svetlana, John, Soma, Gustav, Yander, Terry, Robin, Siena, Ciara, Isabel, Julien",Luffenholtz Beach,"Rocky shore and beach mixed with rocky outcrops, cobble fields, tide pools, kelp and algal cover, low IT in some areas with urchin barrens",,,,Species,
CAEU-0458,HUM03R,3R,,1,Peramphithoe mea,/,X,/,,Siena McKim,2026-08-11,,488577,Peramphithoe mea,Animalia,Arthropoda,Malacostraca,Amphipoda,Ampithoidae,Peramphithoe,,mea,,,,,,,,,Species,
CAEU-0459,HUM 03,3,,1,Ischyrocerus sp. 1,/,X,/,,Siena McKim,2026-08-11,,101569,Ischyrocerus,Animalia,Arthropoda,Malacostraca,Amphipoda,Ischyroceridae,Ischyrocerus,,,,2026-08-11,"Kathy Ann, Svetlana, John, Soma, Gustav, Yander, Terry, Robin, Siena, Ciara, Isabel, Julien",Luffenholtz Beach,"Rocky shore and beach mixed with rocky outcrops, cobble fields, tide pools, kelp and algal cover, low IT in some areas with urchin barrens",,,,Genus,
CAEU-0460,HUM 03,3,,1,Ischyrocerus sp. 1,X,/,X,,Siena McKim,2026-08-11,,101569,Ischyrocerus,Animalia,Arthropoda,Malacostraca,Amphipoda,Ischyroceridae,Ischyrocerus,,,,2026-08-11,"Kathy Ann, Svetlana, John, Soma, Gustav, Yander, Terry, Robin, Siena, Ciara, Isabel, Julien",Luffenholtz Beach,"Rocky shore and beach mixed with rocky outcrops, cobble fields, tide pools, kelp and algal cover, low IT in some areas with urchin barrens",,,,Genus,
CAEU-0461,HUM 03,3,,1,Ruffojassa angularis,/,X,/,,Siena McKim,2026-08-11,,889826,Ruffojassa angularis,Animalia,Arthropoda,Malacostraca,Amphipoda,Ischyroceridae,Ruffojassa,,angularis,,2026-08-11,"Kathy Ann, Svetlana, John, Soma, Gustav, Yander, Terry, Robin, Siena, Ciara, Isabel, Julien",Luffenholtz Beach,"Rocky shore and beach mixed with rocky outcrops, cobble fields, tide pools, kelp and algal cover, low IT in some areas with urchin barrens",,,,Species,
CAEU-0462,HUM 03,3,,1,Paracalliopiella pratti,/,X,/,,Siena McKim,2026-08-11,,430753,Paracalliopiella pratti,Animalia,Arthropoda,Malacostraca,Amphipoda,Calliopiidae,Paracalliopiella,,pratti,,2026-08-11,"Kathy Ann, Svetlana, John, Soma, Gustav, Yander, Terry, Robin, Siena, Ciara, Isabel, Julien",Luffenholtz Beach,"Rocky shore and beach mixed with rocky outcrops, cobble fields, tide pools, kelp and algal cover, low IT in some areas with urchin barrens",,,,Species,
CAEU-0463,HUM 03,3,,1,Paracalliopiella pratti,X,/,X,dead; not good shape,Siena McKim,2026-08-11,,430753,Paracalliopiella pratti,Animalia,Arthropoda,Malacostraca,Amphipoda,Calliopiidae,Paracalliopiella,,pratti,,2026-08-11,"Kathy Ann, Svetlana, John, Soma, Gustav, Yander, Terry, Robin, Siena, Ciara, Isabel, Julien",Luffenholtz Beach,"Rocky shore and beach mixed with rocky outcrops, cobble fields, tide pools, kelp and algal cover, low IT in some areas with urchin barrens",,,,Species,
CAEU-0464,HUM 03,3,CAEU-0457,1,Thorlaksonius depressus,/,X,/,baby of CAEU-0457,Siena McKim,2026-08-11,,549705,Thorlaksonius depressus,Animalia,Arthropoda,Malacostraca,Amphipoda,Pleustidae,Thorlaksonius,,depressus,,2026-08-11,"Kathy Ann, Svetlana, John, Soma, Gustav, Yander, Terry, Robin, Siena, Ciara, Isabel, Julien",Luffenholtz Beach,"Rocky shore and beach mixed with rocky outcrops, cobble fields, tide pools, kelp and algal cover, low IT in some areas with urchin barrens",,,,Species,
CAEU-0465,HUM 03,3,CAEU-0457,1,Thorlaksonius depressus,/,/,X,baby of CAEU-0457,Siena McKim,2026-08-11,,549705,Thorlaksonius depressus,Animalia,Arthropoda,Malacostraca,Amphipoda,Pleustidae,Thorlaksonius,,depressus,,2026-08-11,"Kathy Ann, Svetlana, John, Soma, Gustav, Yander, Terry, Robin, Siena, Ciara, Isabel, Julien",Luffenholtz Beach,"Rocky shore and beach mixed with rocky outcrops, cobble fields, tide pools, kelp and algal cover, low IT in some areas with urchin barrens",,,,Species,
CAEU-0466,HUM 03,3,,1,parallorchestes leblondei,/,X,/,,Siena McKim,2026-08-11,,395442,Parallorchestes leblondi,Animalia,Arthropoda,Malacostraca,Amphipoda,Hyalidae,Parallorchestes,,leblondi,,2026-08-11,"Kathy Ann, Svetlana, John, Soma, Gustav, Yander, Terry, Robin, Siena, Ciara, Isabel, Julien",Luffenholtz Beach,"Rocky shore and beach mixed with rocky outcrops, cobble fields, tide pools, kelp and algal cover, low IT in some areas with urchin barrens",,,,Species,
CAEU-0467,HUMB03R,3R,,1,Photis sp. 1,/,X,/,♀ good condition,Siena McKim,2026-08-11,,101563,Photis,Animalia,Arthropoda,Malacostraca,Amphipoda,Photidae,Photis,,,,,,,,,,,Genus,
CAEU-0468,HUMB03,3,,1,Paracalliopiella pratti,X,/,X,,Siena McKim,2026-08-11,,430753,Paracalliopiella pratti,Animalia,Arthropoda,Malacostraca,Amphipoda,Calliopiidae,Paracalliopiella,,pratti,,2026-08-11,"Kathy Ann, Svetlana, John, Soma, Gustav, Yander, Terry, Robin, Siena, Ciara, Isabel, Julien",Luffenholtz Beach,"Rocky shore and beach mixed with rocky outcrops, cobble fields, tide pools, kelp and algal cover, low IT in some areas with urchin barrens",,,,Species,
CAEU-0469,HUMB03,3,,1,Parallorchestes americana,/,X,/,♀,Siena McKim,2026-08-11,,1355661,Parallorchestes americana,Animalia,Arthropoda,Malacostraca,Amphipoda,Hyalidae,Parallorchestes,,americana,,2026-08-11,"Kathy Ann, Svetlana, John, Soma, Gustav, Yander, Terry, Robin, Siena, Ciara, Isabel, Julien",Luffenholtz Beach,"Rocky shore and beach mixed with rocky outcrops, cobble fields, tide pools, kelp and algal cover, low IT in some areas with urchin barrens",,,,Species,
CAEU-0470,HUMB03,3,,1,Protohyale frequens,/,X,/,♀,Siena McKim,2026-08-11,,491479,Protohyale (Protohyale) frequens,Animalia,Arthropoda,Malacostraca,Amphipoda,Hyalidae,Protohyale,Protohyale,frequens,,2026-08-11,"Kathy Ann, Svetlana, John, Soma, Gustav, Yander, Terry, Robin, Siena, Ciara, Isabel, Julien",Luffenholtz Beach,"Rocky shore and beach mixed with rocky outcrops, cobble fields, tide pools, kelp and algal cover, low IT in some areas with urchin barrens",,,,Species,
CAEU-0471,HUMB03,3,,1,Pontogeneia rostrata,/,X,/,♀,Siena McKim,2026-08-11,,550490,Pontogeneia rostrata,Animalia,Arthropoda,Malacostraca,Amphipoda,Pontogeneiidae,Pontogeneia,,rostrata,,2026-08-11,"Kathy Ann, Svetlana, John, Soma, Gustav, Yander, Terry, Robin, Siena, Ciara, Isabel, Julien",Luffenholtz Beach,"Rocky shore and beach mixed with rocky outcrops, cobble fields, tide pools, kelp and algal cover, low IT in some areas with urchin barrens",,,,Species,
CAEU-0472,HUMB03,3,,1,Pontogeneia rostrata,/,/,X,♀,Siena McKim,2026-08-11,,550490,Pontogeneia rostrata,Animalia,Arthropoda,Malacostraca,Amphipoda,Pontogeneiidae,Pontogeneia,,rostrata,,2026-08-11,"Kathy Ann, Svetlana, John, Soma, Gustav, Yander, Terry, Robin, Siena, Ciara, Isabel, Julien",Luffenholtz Beach,"Rocky shore and beach mixed with rocky outcrops, cobble fields, tide pools, kelp and algal cover, low IT in some areas with urchin barrens",,,,Species,
CAEU-0473,HUMB03,3,,1,Pontogeneia rostrata,X,X,/,,Siena McKim,2026-08-11,,550490,Pontogeneia rostrata,Animalia,Arthropoda,Malacostraca,Amphipoda,Pontogeneiidae,Pontogeneia,,rostrata,,2026-08-11,"Kathy Ann, Svetlana, John, Soma, Gustav, Yander, Terry, Robin, Siena, Ciara, Isabel, Julien",Luffenholtz Beach,"Rocky shore and beach mixed with rocky outcrops, cobble fields, tide pools, kelp and algal cover, low IT in some areas with urchin barrens",,,,Species,
CAEU-0474,HUMB03,3,,1,Pontogeneia rostrata,X,/,X,,Siena McKim,2026-08-11,,550490,Pontogeneia rostrata,Animalia,Arthropoda,Malacostraca,Amphipoda,Pontogeneiidae,Pontogeneia,,rostrata,,2026-08-11,"Kathy Ann, Svetlana, John, Soma, Gustav, Yander, Terry, Robin, Siena, Ciara, Isabel, Julien",Luffenholtz Beach,"Rocky shore and beach mixed with rocky outcrops, cobble fields, tide pools, kelp and algal cover, low IT in some areas with urchin barrens",,,,Species,
CAEU-0475,HUMB03,3,,3,Pontogeneia rostrata,X,X,/,bulk,Siena McKim,2026-08-11,,550490,Pontogeneia rostrata,Animalia,Arthropoda,Malacostraca,Amphipoda,Pontogeneiidae,Pontogeneia,,rostrata,,2026-08-11,"Kathy Ann, Svetlana, John, Soma, Gustav, Yander, Terry, Robin, Siena, Ciara, Isabel, Julien",Luffenholtz Beach,"Rocky shore and beach mixed with rocky outcrops, cobble fields, tide pools, kelp and algal cover, low IT in some areas with urchin barrens",,,,Species,
CAEU-0476,HUMB03,3,,3,Pontogeneia rostrata,/,X,/,host amphipod for worm 0477,Siena McKim,2026-08-11,,550490,Pontogeneia rostrata,Animalia,Arthropoda,Malacostraca,Amphipoda,Pontogeneiidae,Pontogeneia,,rostrata,,2026-08-11,"Kathy Ann, Svetlana, John, Soma, Gustav, Yander, Terry, Robin, Siena, Ciara, Isabel, Julien",Luffenholtz Beach,"Rocky shore and beach mixed with rocky outcrops, cobble fields, tide pools, kelp and algal cover, low IT in some areas with urchin barrens",,,,Species,
CAEU-0477,HUMB03,3,CAEU-0476,1,Kronborgia sp. 1,/,X,/,"tentative ID, found in pouch of 0476",Siena McKim,2026-08-11,,142279,Kronborgia,Animalia,Platyhelminthes,,Fecampiida,Fecampiidae,Kronborgia,,,,2026-08-11,"Kathy Ann, Svetlana, John, Soma, Gustav, Yander, Terry, Robin, Siena, Ciara, Isabel, Julien",Luffenholtz Beach,"Rocky shore and beach mixed with rocky outcrops, cobble fields, tide pools, kelp and algal cover, low IT in some areas with urchin barrens",,,,Genus,
CAEU-0478,HUM03A,3A,,1,Platyischnopidae,/,X,/,,Siena McKim,2026-08-11,,236742,Platyischnopidae,Animalia,Arthropoda,Malacostraca,Amphipoda,Platyischnopidae,,,,,2026-08-11,Svetlana,Luffenholtz Beach,"Rocky shore and beach mixed with rocky outcrops, cobble fields, tide pools, kelp and algal cover, low IT in some areas with urchin barrens",sand,shovel,,Family,
CAEU-0479,HUM03,3,,1,Protohyale frequens,/,/,X,♀,Siena McKim,2026-08-11,,491479,Protohyale (Protohyale) frequens,Animalia,Arthropoda,Malacostraca,Amphipoda,Hyalidae,Protohyale,Protohyale,frequens,,2026-08-11,"Kathy Ann, Svetlana, John, Soma, Gustav, Yander, Terry, Robin, Siena, Ciara, Isabel, Julien",Luffenholtz Beach,"Rocky shore and beach mixed with rocky outcrops, cobble fields, tide pools, kelp and algal cover, low IT in some areas with urchin barrens",,,,Species,
CAEU-0480,HUM03,3,CAEU-0456,6,Ischyrocerus sp. 1,X,/,X,babies,Siena McKim,2026-08-11,,101569,Ischyrocerus,Animalia,Arthropoda,Malacostraca,Amphipoda,Ischyroceridae,Ischyrocerus,,,,2026-08-11,"Kathy Ann, Svetlana, John, Soma, Gustav, Yander, Terry, Robin, Siena, Ciara, Isabel, Julien",Luffenholtz Beach,"Rocky shore and beach mixed with rocky outcrops, cobble fields, tide pools, kelp and algal cover, low IT in some areas with urchin barrens",,,,Genus,
CAEU-0481,3,3,,1,Leukoma staminea,/,/,/,,G. Paulay,2026-08-11,,507737,Leukoma staminea,Animalia,Mollusca,Bivalvia,Venerida,Veneridae,Leukoma,,staminea,,2026-08-11,"Kathy Ann, Svetlana, John, Soma, Gustav, Yander, Terry, Robin, Siena, Ciara, Isabel, Julien",Luffenholtz Beach,"Rocky shore and beach mixed with rocky outcrops, cobble fields, tide pools, kelp and algal cover, low IT in some areas with urchin barrens",,,,Species,
CAEU-0482,3,3,CAEU-0481,1,Leukoma staminea,/,/,/,,G. Paulay,2026-08-11,,507737,Leukoma staminea,Animalia,Mollusca,Bivalvia,Venerida,Veneridae,Leukoma,,staminea,,2026-08-11,"Kathy Ann, Svetlana, John, Soma, Gustav, Yander, Terry, Robin, Siena, Ciara, Isabel, Julien",Luffenholtz Beach,"Rocky shore and beach mixed with rocky outcrops, cobble fields, tide pools, kelp and algal cover, low IT in some areas with urchin barrens",,,,Species,
CAEU-0483,3,3,,1,Eupentacta,/,/,/,,G. Paulay,2026-08-11,,528610,Eupentacta,Animalia,Echinodermata,Holothuroidea,Dendrochirotida,Sclerodactylidae,Eupentacta,,,,2026-08-11,"Kathy Ann, Svetlana, John, Soma, Gustav, Yander, Terry, Robin, Siena, Ciara, Isabel, Julien",Luffenholtz Beach,"Rocky shore and beach mixed with rocky outcrops, cobble fields, tide pools, kelp and algal cover, low IT in some areas with urchin barrens",,,,Genus,
CAEU-0484,3,3,,1,Pisaster brevispinus,/,/,,,G. Paulay,2026-08-11,,240757,Pisaster brevispinus,Animalia,Echinodermata,Asteroidea,Forcipulatida,Asteriidae,Pisaster,,brevispinus,,2026-08-11,"Kathy Ann, Svetlana, John, Soma, Gustav, Yander, Terry, Robin, Siena, Ciara, Isabel, Julien",Luffenholtz Beach,"Rocky shore and beach mixed with rocky outcrops, cobble fields, tide pools, kelp and algal cover, low IT in some areas with urchin barrens",,,,Species,
CAEU-0485,3,3,,1,Idotea fewkesi?,/,/,/,♂ paired with CAEU-0486,G. Paulay,2026-08-11,,257347,Idotea fewkesi,Animalia,Arthropoda,Malacostraca,Isopoda,Idoteidae,Idotea,,fewkesi,,2026-08-11,"Kathy Ann, Svetlana, John, Soma, Gustav, Yander, Terry, Robin, Siena, Ciara, Isabel, Julien",Luffenholtz Beach,"Rocky shore and beach mixed with rocky outcrops, cobble fields, tide pools, kelp and algal cover, low IT in some areas with urchin barrens",,,,Species,
CAEU-0486,3,3,CAEU-0485,1,Idotea fewkesi?,/,/,/,♀ paired with CAEU-0485,G. Paulay,2026-08-11,,257347,Idotea fewkesi,Animalia,Arthropoda,Malacostraca,Isopoda,Idoteidae,Idotea,,fewkesi,,2026-08-11,"Kathy Ann, Svetlana, John, Soma, Gustav, Yander, Terry, Robin, Siena, Ciara, Isabel, Julien",Luffenholtz Beach,"Rocky shore and beach mixed with rocky outcrops, cobble fields, tide pools, kelp and algal cover, low IT in some areas with urchin barrens",,,,Species,
CAEU-0487,3,3,CAEU-0485,1,Idotea fewkesi?,/,/,/,,G. Paulay,2026-08-11,,257347,Idotea fewkesi,Animalia,Arthropoda,Malacostraca,Isopoda,Idoteidae,Idotea,,fewkesi,,2026-08-11,"Kathy Ann, Svetlana, John, Soma, Gustav, Yander, Terry, Robin, Siena, Ciara, Isabel, Julien",Luffenholtz Beach,"Rocky shore and beach mixed with rocky outcrops, cobble fields, tide pools, kelp and algal cover, low IT in some areas with urchin barrens",,,,Species,
CAEU-0488,3,3,,1,Ophiopholis kennerlyi,/,/,/,,G. Paulay,2026-08-11,,243916,Ophiopholis kennerlyi,Animalia,Echinodermata,Ophiuroidea,Amphilepidida,Ophiopholidae,Ophiopholis,,kennerlyi,,2026-08-11,"Kathy Ann, Svetlana, John, Soma, Gustav, Yander, Terry, Robin, Siena, Ciara, Isabel, Julien",Luffenholtz Beach,"Rocky shore and beach mixed with rocky outcrops, cobble fields, tide pools, kelp and algal cover, low IT in some areas with urchin barrens",,,,Species,
CAEU-0489,3,3,,1,Crangon,/,/,/,,G. Paulay,2026-08-11,,107007,Crangon,Animalia,Arthropoda,Malacostraca,Decapoda,Crangonidae,Crangon,,,,2026-08-11,"Kathy Ann, Svetlana, John, Soma, Gustav, Yander, Terry, Robin, Siena, Ciara, Isabel, Julien",Luffenholtz Beach,"Rocky shore and beach mixed with rocky outcrops, cobble fields, tide pools, kelp and algal cover, low IT in some areas with urchin barrens",,,,Genus,
CAEU-0490,3,3,,1,Eupentacta,/,/,/,,G. Paulay,2026-08-11,,528610,Eupentacta,Animalia,Echinodermata,Holothuroidea,Dendrochirotida,Sclerodactylidae,Eupentacta,,,,2026-08-11,"Kathy Ann, Svetlana, John, Soma, Gustav, Yander, Terry, Robin, Siena, Ciara, Isabel, Julien",Luffenholtz Beach,"Rocky shore and beach mixed with rocky outcrops, cobble fields, tide pools, kelp and algal cover, low IT in some areas with urchin barrens",,,,Genus,
CAEU-0491,3,3,,1,Lophopanopeus bellus,/,/,/,,G. Paulay,2026-08-11,,443976,Lophopanopeus bellus,Animalia,Arthropoda,Malacostraca,Decapoda,Panopeidae,Lophopanopeus,,bellus,,2026-08-11,"Kathy Ann, Svetlana, John, Soma, Gustav, Yander, Terry, Robin, Siena, Ciara, Isabel, Julien",Luffenholtz Beach,"Rocky shore and beach mixed with rocky outcrops, cobble fields, tide pools, kelp and algal cover, low IT in some areas with urchin barrens",,,,Species,
CAEU-0492,3,3,,1,Pagurus granosimanus,/,/,/,,G. Paulay,2026-08-11,,366694,Pagurus granosimanus,Animalia,Arthropoda,Malacostraca,Decapoda,Paguridae,Pagurus,,granosimanus,,2026-08-11,"Kathy Ann, Svetlana, John, Soma, Gustav, Yander, Terry, Robin, Siena, Ciara, Isabel, Julien",Luffenholtz Beach,"Rocky shore and beach mixed with rocky outcrops, cobble fields, tide pools, kelp and algal cover, low IT in some areas with urchin barrens",,,,Species,
CAEU-0493,3,3,CAEU-0491,1,Lophopanopeus bellus,/,/,/,,G. Paulay,2026-08-11,,443976,Lophopanopeus bellus,Animalia,Arthropoda,Malacostraca,Decapoda,Panopeidae,Lophopanopeus,,bellus,,2026-08-11,"Kathy Ann, Svetlana, John, Soma, Gustav, Yander, Terry, Robin, Siena, Ciara, Isabel, Julien",Luffenholtz Beach,"Rocky shore and beach mixed with rocky outcrops, cobble fields, tide pools, kelp and algal cover, low IT in some areas with urchin barrens",,,,Species,
CAEU-0494,3,3,,1,Pagurus hirsutiusculus,/,/,/,,G. Paulay,2026-08-11,,366699,Pagurus hirsutiusculus,Animalia,Arthropoda,Malacostraca,Decapoda,Paguridae,Pagurus,,hirsutiusculus,,2026-08-11,"Kathy Ann, Svetlana, John, Soma, Gustav, Yander, Terry, Robin, Siena, Ciara, Isabel, Julien",Luffenholtz Beach,"Rocky shore and beach mixed with rocky outcrops, cobble fields, tide pools, kelp and algal cover, low IT in some areas with urchin barrens",,,,Species,
CAEU-0495,3,3,,1,Evasterias troschelii,/,/,/,,G. Paulay,2026-08-11,,255040,Evasterias troschelii,Animalia,Echinodermata,Asteroidea,Forcipulatida,Asteriidae,Evasterias,,troschelii,,2026-08-11,"Kathy Ann, Svetlana, John, Soma, Gustav, Yander, Terry, Robin, Siena, Ciara, Isabel, Julien",Luffenholtz Beach,"Rocky shore and beach mixed with rocky outcrops, cobble fields, tide pools, kelp and algal cover, low IT in some areas with urchin barrens",,,,Species,
CAEU-0496,3,3,,1,Cancer jordani,/,/,/,,G. Paulay,2026-08-11,,452249,Cancer jordani,Animalia,Arthropoda,Malacostraca,Decapoda,Cancridae,Cancer,,jordani,,2026-08-11,"Kathy Ann, Svetlana, John, Soma, Gustav, Yander, Terry, Robin, Siena, Ciara, Isabel, Julien",Luffenholtz Beach,"Rocky shore and beach mixed with rocky outcrops, cobble fields, tide pools, kelp and algal cover, low IT in some areas with urchin barrens",,,,Species,
CAEU-0497,3,3,,1,Emerita analoga,/,/,/,,G. Paulay,2026-08-11,,467695,Emerita analoga,Animalia,Arthropoda,Malacostraca,Decapoda,Hippidae,Emerita,,analoga,,2026-08-11,"Kathy Ann, Svetlana, John, Soma, Gustav, Yander, Terry, Robin, Siena, Ciara, Isabel, Julien",Luffenholtz Beach,"Rocky shore and beach mixed with rocky outcrops, cobble fields, tide pools, kelp and algal cover, low IT in some areas with urchin barrens",,,,Species,
CAEU-0498,3,3,,1,Emerita analoga,/,/,/,,G. Paulay,2026-08-11,,467695,Emerita analoga,Animalia,Arthropoda,Malacostraca,Decapoda,Hippidae,Emerita,,analoga,,2026-08-11,"Kathy Ann, Svetlana, John, Soma, Gustav, Yander, Terry, Robin, Siena, Ciara, Isabel, Julien",Luffenholtz Beach,"Rocky shore and beach mixed with rocky outcrops, cobble fields, tide pools, kelp and algal cover, low IT in some areas with urchin barrens",,,,Species,
CAEU-0499,3,3,,1,Emerita analoga,/,/,/,,G. Paulay,2026-08-11,,467695,Emerita analoga,Animalia,Arthropoda,Malacostraca,Decapoda,Hippidae,Emerita,,analoga,,2026-08-11,"Kathy Ann, Svetlana, John, Soma, Gustav, Yander, Terry, Robin, Siena, Ciara, Isabel, Julien",Luffenholtz Beach,"Rocky shore and beach mixed with rocky outcrops, cobble fields, tide pools, kelp and algal cover, low IT in some areas with urchin barrens",,,,Species,
CAEU-0500,3,3,,bulk,Emerita analoga,X,X,/,,G. Paulay,2026-08-11,,467695,Emerita analoga,Animalia,Arthropoda,Malacostraca,Decapoda,Hippidae,Emerita,,analoga,,2026-08-11,"Kathy Ann, Svetlana, John, Soma, Gustav, Yander, Terry, Robin, Siena, Ciara, Isabel, Julien",Luffenholtz Beach,"Rocky shore and beach mixed with rocky outcrops, cobble fields, tide pools, kelp and algal cover, low IT in some areas with urchin barrens",,,,Species,
CAEU-0501,3,3,,1,Phascolosoma agassizii,Y,Y,Y,Subsample 2ml etoh / Rest E,G. Paulay,2026-08-11,,266496,Phascolosoma (Phascolosoma) agassizii,Animalia,Annelida,,Sipuncula,Phascolosomatidae,Phascolosoma,Phascolosoma,agassizii,,2026-08-11,"Kathy Ann, Svetlana, John, Soma, Gustav, Yander, Terry, Robin, Siena, Ciara, Isabel, Julien",Luffenholtz Beach,"Rocky shore and beach mixed with rocky outcrops, cobble fields, tide pools, kelp and algal cover, low IT in some areas with urchin barrens",,,,Species,
CAEU-0502,3,3,,1,Phascolosoma agassizii,Y,Y,Y,Subsample 2ml et. / Rest E,G. Paulay,2026-08-11,,266496,Phascolosoma (Phascolosoma) agassizii,Animalia,Annelida,,Sipuncula,Phascolosomatidae,Phascolosoma,Phascolosoma,agassizii,,2026-08-11,"Kathy Ann, Svetlana, John, Soma, Gustav, Yander, Terry, Robin, Siena, Ciara, Isabel, Julien",Luffenholtz Beach,"Rocky shore and beach mixed with rocky outcrops, cobble fields, tide pools, kelp and algal cover, low IT in some areas with urchin barrens",,,,Species,
CAEU-0503,3,3,,1,Phascolosoma agassizii,Y,Y,Y,Subsample 2ml etoh / Rest E,G. Paulay,2026-08-11,,266496,Phascolosoma (Phascolosoma) agassizii,Animalia,Annelida,,Sipuncula,Phascolosomatidae,Phascolosoma,Phascolosoma,agassizii,,2026-08-11,"Kathy Ann, Svetlana, John, Soma, Gustav, Yander, Terry, Robin, Siena, Ciara, Isabel, Julien",Luffenholtz Beach,"Rocky shore and beach mixed with rocky outcrops, cobble fields, tide pools, kelp and algal cover, low IT in some areas with urchin barrens",,,,Species,
CAEU-0504,3,3,,1,Henricia aff. pumila,/,/,/,,G. Paulay,2026-08-11,,123276,Henricia,Animalia,Echinodermata,Asteroidea,Spinulosida,Echinasteridae,Henricia,,,,2026-08-11,"Kathy Ann, Svetlana, John, Soma, Gustav, Yander, Terry, Robin, Siena, Ciara, Isabel, Julien",Luffenholtz Beach,"Rocky shore and beach mixed with rocky outcrops, cobble fields, tide pools, kelp and algal cover, low IT in some areas with urchin barrens",,,,Genus,
CAEU-0505,3,3,,1,Pugettia producta,/,/,/,,G. Paulay,2026-08-11,,240780,Pugettia producta,Animalia,Arthropoda,Malacostraca,Decapoda,Epialtidae,Pugettia,,producta,,2026-08-11,"Kathy Ann, Svetlana, John, Soma, Gustav, Yander, Terry, Robin, Siena, Ciara, Isabel, Julien",Luffenholtz Beach,"Rocky shore and beach mixed with rocky outcrops, cobble fields, tide pools, kelp and algal cover, low IT in some areas with urchin barrens",,,,Species,
CAEU-0506,3,3,CAEU-0505,1,Pugettia producta,/,/,/,,G. Paulay,2026-08-11,,240780,Pugettia producta,Animalia,Arthropoda,Malacostraca,Decapoda,Epialtidae,Pugettia,,producta,,2026-08-11,"Kathy Ann, Svetlana, John, Soma, Gustav, Yander, Terry, Robin, Siena, Ciara, Isabel, Julien",Luffenholtz Beach,"Rocky shore and beach mixed with rocky outcrops, cobble fields, tide pools, kelp and algal cover, low IT in some areas with urchin barrens",,,,Species,
CAEU-0507,3,3,,1,Cancer productus,/,/,/,juv.,G. Paulay,2026-08-11,,440382,Cancer productus,Animalia,Arthropoda,Malacostraca,Decapoda,Cancridae,Cancer,,productus,,2026-08-11,"Kathy Ann, Svetlana, John, Soma, Gustav, Yander, Terry, Robin, Siena, Ciara, Isabel, Julien",Luffenholtz Beach,"Rocky shore and beach mixed with rocky outcrops, cobble fields, tide pools, kelp and algal cover, low IT in some areas with urchin barrens",,,,Species,
CAEU-0508,3,3,,1,Glebocarcinus oregonensis,/,/,/,,G. Paulay,2026-08-11,,440384,Glebocarcinus oregonensis,Animalia,Arthropoda,Malacostraca,Decapoda,Cancridae,Glebocarcinus,,oregonensis,,2026-08-11,"Kathy Ann, Svetlana, John, Soma, Gustav, Yander, Terry, Robin, Siena, Ciara, Isabel, Julien",Luffenholtz Beach,"Rocky shore and beach mixed with rocky outcrops, cobble fields, tide pools, kelp and algal cover, low IT in some areas with urchin barrens",,,,Species,
CAEU-0509,3,3,CAEU-0491,1,Lophopanopeus bellus,/,/,/,,G. Paulay,2026-08-11,,443976,Lophopanopeus bellus,Animalia,Arthropoda,Malacostraca,Decapoda,Panopeidae,Lophopanopeus,,bellus,,2026-08-11,"Kathy Ann, Svetlana, John, Soma, Gustav, Yander, Terry, Robin, Siena, Ciara, Isabel, Julien",Luffenholtz Beach,"Rocky shore and beach mixed with rocky outcrops, cobble fields, tide pools, kelp and algal cover, low IT in some areas with urchin barrens",,,,Species,
CAEU-0510,3,3,,1,Dermasterias imbricata,/,/,/,,G. Paulay,2026-08-11,,240771,Dermasterias imbricata,Animalia,Echinodermata,Asteroidea,Valvatida,Asteropseidae,Dermasterias,,imbricata,,2026-08-11,"Kathy Ann, Svetlana, John, Soma, Gustav, Yander, Terry, Robin, Siena, Ciara, Isabel, Julien",Luffenholtz Beach,"Rocky shore and beach mixed with rocky outcrops, cobble fields, tide pools, kelp and algal cover, low IT in some areas with urchin barrens",,,,Species,
CAEU-0511,3,3,,1,Epitonium,,,,,Slapcinsky,2026-08-11,,137943,Epitonium,Animalia,Mollusca,Gastropoda,Caenogastropoda incertae sedis,Epitoniidae,Epitonium,,,,2026-08-11,"Kathy Ann, Svetlana, John, Soma, Gustav, Yander, Terry, Robin, Siena, Ciara, Isabel, Julien",Luffenholtz Beach,"Rocky shore and beach mixed with rocky outcrops, cobble fields, tide pools, kelp and algal cover, low IT in some areas with urchin barrens",,,,Genus,
CAEU-0512,3,3,,1,Amphissa,,,,pale,Slapcinsky,2026-08-11,,137801,Amphissa,Animalia,Mollusca,Gastropoda,Neogastropoda,Columbellidae,Amphissa,,,,2026-08-11,"Kathy Ann, Svetlana, John, Soma, Gustav, Yander, Terry, Robin, Siena, Ciara, Isabel, Julien",Luffenholtz Beach,"Rocky shore and beach mixed with rocky outcrops, cobble fields, tide pools, kelp and algal cover, low IT in some areas with urchin barrens",,,,Genus,
CAEU-0513,3,3,,1,Amphissa,,,,pale,Slapcinsky,2026-08-11,,137801,Amphissa,Animalia,Mollusca,Gastropoda,Neogastropoda,Columbellidae,Amphissa,,,,2026-08-11,"Kathy Ann, Svetlana, John, Soma, Gustav, Yander, Terry, Robin, Siena, Ciara, Isabel, Julien",Luffenholtz Beach,"Rocky shore and beach mixed with rocky outcrops, cobble fields, tide pools, kelp and algal cover, low IT in some areas with urchin barrens",,,,Genus,
CAEU-0514,3,3,,1,"Margarites ""trochidae""",,,,,Slapcinsky,2026-08-11,,138592,Margarites,Animalia,Mollusca,Gastropoda,Trochida,Margaritesidae,Margarites,,,,2026-08-11,"Kathy Ann, Svetlana, John, Soma, Gustav, Yander, Terry, Robin, Siena, Ciara, Isabel, Julien",Luffenholtz Beach,"Rocky shore and beach mixed with rocky outcrops, cobble fields, tide pools, kelp and algal cover, low IT in some areas with urchin barrens",,,,Genus,
CAEU-0515,3,3,,1,Littorinidae dark,,,,,Slapcinsky,2026-08-11,,119,Littorinidae,Animalia,Mollusca,Gastropoda,Littorinimorpha,Littorinidae,,,,,2026-08-11,"Kathy Ann, Svetlana, John, Soma, Gustav, Yander, Terry, Robin, Siena, Ciara, Isabel, Julien",Luffenholtz Beach,"Rocky shore and beach mixed with rocky outcrops, cobble fields, tide pools, kelp and algal cover, low IT in some areas with urchin barrens",,,,Family,
CAEU-0516,3,3,,1,Littorinidae dark,,,,,Slapcinsky,2026-08-11,,119,Littorinidae,Animalia,Mollusca,Gastropoda,Littorinimorpha,Littorinidae,,,,,2026-08-11,"Kathy Ann, Svetlana, John, Soma, Gustav, Yander, Terry, Robin, Siena, Ciara, Isabel, Julien",Luffenholtz Beach,"Rocky shore and beach mixed with rocky outcrops, cobble fields, tide pools, kelp and algal cover, low IT in some areas with urchin barrens",,,,Family,
CAEU-0517,3,3,,9,Littorinidae dark,,,,bulk,Slapcinsky,2026-08-11,,119,Littorinidae,Animalia,Mollusca,Gastropoda,Littorinimorpha,Littorinidae,,,,,2026-08-11,"Kathy Ann, Svetlana, John, Soma, Gustav, Yander, Terry, Robin, Siena, Ciara, Isabel, Julien",Luffenholtz Beach,"Rocky shore and beach mixed with rocky outcrops, cobble fields, tide pools, kelp and algal cover, low IT in some areas with urchin barrens",,,,Family,
CAEU-0518,3,3,,1,Amphissa,,,,dark,Slapcinsky,2026-08-11,,137801,Amphissa,Animalia,Mollusca,Gastropoda,Neogastropoda,Columbellidae,Amphissa,,,,2026-08-11,"Kathy Ann, Svetlana, John, Soma, Gustav, Yander, Terry, Robin, Siena, Ciara, Isabel, Julien",Luffenholtz Beach,"Rocky shore and beach mixed with rocky outcrops, cobble fields, tide pools, kelp and algal cover, low IT in some areas with urchin barrens",,,,Genus,
CAEU-0519,3,3,,1,Amphissa,,,,light,Slapcinsky,2026-08-11,,137801,Amphissa,Animalia,Mollusca,Gastropoda,Neogastropoda,Columbellidae,Amphissa,,,,2026-08-11,"Kathy Ann, Svetlana, John, Soma, Gustav, Yander, Terry, Robin, Siena, Ciara, Isabel, Julien",Luffenholtz Beach,"Rocky shore and beach mixed with rocky outcrops, cobble fields, tide pools, kelp and algal cover, low IT in some areas with urchin barrens",,,,Genus,
CAEU-0520,3,3,,1,Margarites,,,,looks like Calliostoma,Slapcinsky,2026-08-11,,138592,Margarites,Animalia,Mollusca,Gastropoda,Trochida,Margaritesidae,Margarites,,,,2026-08-11,"Kathy Ann, Svetlana, John, Soma, Gustav, Yander, Terry, Robin, Siena, Ciara, Isabel, Julien",Luffenholtz Beach,"Rocky shore and beach mixed with rocky outcrops, cobble fields, tide pools, kelp and algal cover, low IT in some areas with urchin barrens",,,,Genus,
CAEU-0521,3,3,,6,Margarites,,,,looks like Calliostoma,Slapcinsky,2026-08-11,,138592,Margarites,Animalia,Mollusca,Gastropoda,Trochida,Margaritesidae,Margarites,,,,2026-08-11,"Kathy Ann, Svetlana, John, Soma, Gustav, Yander, Terry, Robin, Siena, Ciara, Isabel, Julien",Luffenholtz Beach,"Rocky shore and beach mixed with rocky outcrops, cobble fields, tide pools, kelp and algal cover, low IT in some areas with urchin barrens",,,,Genus,
CAEU-0522,3,3,,1,Alia,,,,columbellidae,Slapcinsky,2026-08-11,,512256,Alia,Animalia,Mollusca,Gastropoda,Neogastropoda,Columbellidae,Alia,,,,2026-08-11,"Kathy Ann, Svetlana, John, Soma, Gustav, Yander, Terry, Robin, Siena, Ciara, Isabel, Julien",Luffenholtz Beach,"Rocky shore and beach mixed with rocky outcrops, cobble fields, tide pools, kelp and algal cover, low IT in some areas with urchin barrens",,,,Genus,
CAEU-0523,3,3,,1,Alia,,,,columbellidae,Slapcinsky,2026-08-11,,512256,Alia,Animalia,Mollusca,Gastropoda,Neogastropoda,Columbellidae,Alia,,,,2026-08-11,"Kathy Ann, Svetlana, John, Soma, Gustav, Yander, Terry, Robin, Siena, Ciara, Isabel, Julien",Luffenholtz Beach,"Rocky shore and beach mixed with rocky outcrops, cobble fields, tide pools, kelp and algal cover, low IT in some areas with urchin barrens",,,,Genus,
CAEU-0524,3,3,,2,Alia,,,,bulk,Slapcinsky,2026-08-11,,512256,Alia,Animalia,Mollusca,Gastropoda,Neogastropoda,Columbellidae,Alia,,,,2026-08-11,"Kathy Ann, Svetlana, John, Soma, Gustav, Yander, Terry, Robin, Siena, Ciara, Isabel, Julien",Luffenholtz Beach,"Rocky shore and beach mixed with rocky outcrops, cobble fields, tide pools, kelp and algal cover, low IT in some areas with urchin barrens",,,,Genus,
CAEU-0525,3,3,,1,Polyplacophora,,,,rays on valves / mantle spotted busted,Slapcinsky,2026-08-11,,55,Polyplacophora,Animalia,Mollusca,Polyplacophora,,,,,,,2026-08-11,"Kathy Ann, Svetlana, John, Soma, Gustav, Yander, Terry, Robin, Siena, Ciara, Isabel, Julien",Luffenholtz Beach,"Rocky shore and beach mixed with rocky outcrops, cobble fields, tide pools, kelp and algal cover, low IT in some areas with urchin barrens",,,,Higher,
CAEU-0526,3,3,,1,Polyplacophora,,,,rays on valves / mantle spotted busted,Slapcinsky,2026-08-11,,55,Polyplacophora,Animalia,Mollusca,Polyplacophora,,,,,,,2026-08-11,"Kathy Ann, Svetlana, John, Soma, Gustav, Yander, Terry, Robin, Siena, Ciara, Isabel, Julien",Luffenholtz Beach,"Rocky shore and beach mixed with rocky outcrops, cobble fields, tide pools, kelp and algal cover, low IT in some areas with urchin barrens",,,,Higher,
CAEU-0527,3,3,,1,Katharina,,,,black polyplacophora,Slapcinsky,2026-08-11,,385566,Katharina,Animalia,Mollusca,Polyplacophora,Chitonida,Mopaliidae,Katharina,,,,2026-08-11,"Kathy Ann, Svetlana, John, Soma, Gustav, Yander, Terry, Robin, Siena, Ciara, Isabel, Julien",Luffenholtz Beach,"Rocky shore and beach mixed with rocky outcrops, cobble fields, tide pools, kelp and algal cover, low IT in some areas with urchin barrens",,,,Genus,
CAEU-0528,3,3,,1,Calliostoma,,,,plain,Slapcinsky,2026-08-11,,138584,Calliostoma,Animalia,Mollusca,Gastropoda,Trochida,Calliostomatidae,Calliostoma,,,,2026-08-11,"Kathy Ann, Svetlana, John, Soma, Gustav, Yander, Terry, Robin, Siena, Ciara, Isabel, Julien",Luffenholtz Beach,"Rocky shore and beach mixed with rocky outcrops, cobble fields, tide pools, kelp and algal cover, low IT in some areas with urchin barrens",,,,Genus,
CAEU-0529,3,3,,1,Calliostoma,,,,plain,Slapcinsky,2026-08-11,,138584,Calliostoma,Animalia,Mollusca,Gastropoda,Trochida,Calliostomatidae,Calliostoma,,,,2026-08-11,"Kathy Ann, Svetlana, John, Soma, Gustav, Yander, Terry, Robin, Siena, Ciara, Isabel, Julien",Luffenholtz Beach,"Rocky shore and beach mixed with rocky outcrops, cobble fields, tide pools, kelp and algal cover, low IT in some areas with urchin barrens",,,,Genus,
CAEU-0530,3,3,,1,Calliostoma blue line,,,,blue stripe,Slapcinsky,2026-08-11,,138584,Calliostoma,Animalia,Mollusca,Gastropoda,Trochida,Calliostomatidae,Calliostoma,,,,2026-08-11,"Kathy Ann, Svetlana, John, Soma, Gustav, Yander, Terry, Robin, Siena, Ciara, Isabel, Julien",Luffenholtz Beach,"Rocky shore and beach mixed with rocky outcrops, cobble fields, tide pools, kelp and algal cover, low IT in some areas with urchin barrens",,,,Genus,
CAEU-0531,3,3,,1,Tegula brunnea,,,,,Slapcinsky,2026-08-11,,534187,Tegula brunnea,Animalia,Mollusca,Gastropoda,Trochida,Tegulidae,Tegula,,brunnea,,2026-08-11,"Kathy Ann, Svetlana, John, Soma, Gustav, Yander, Terry, Robin, Siena, Ciara, Isabel, Julien",Luffenholtz Beach,"Rocky shore and beach mixed with rocky outcrops, cobble fields, tide pools, kelp and algal cover, low IT in some areas with urchin barrens",,,,Species,
CAEU-0532,3,3,,1,Tegula brunnea,,,,,Slapcinsky,2026-08-11,,534187,Tegula brunnea,Animalia,Mollusca,Gastropoda,Trochida,Tegulidae,Tegula,,brunnea,,2026-08-11,"Kathy Ann, Svetlana, John, Soma, Gustav, Yander, Terry, Robin, Siena, Ciara, Isabel, Julien",Luffenholtz Beach,"Rocky shore and beach mixed with rocky outcrops, cobble fields, tide pools, kelp and algal cover, low IT in some areas with urchin barrens",,,,Species,
CAEU-0533,3,3,,1,Lacuna,,,,large groove umbilicus,Slapcinsky,2026-08-11,,138099,Lacuna,Animalia,Mollusca,Gastropoda,Littorinimorpha,Littorinidae,Lacuna,,,,2026-08-11,"Kathy Ann, Svetlana, John, Soma, Gustav, Yander, Terry, Robin, Siena, Ciara, Isabel, Julien",Luffenholtz Beach,"Rocky shore and beach mixed with rocky outcrops, cobble fields, tide pools, kelp and algal cover, low IT in some areas with urchin barrens",,,,Genus,
CAEU-0534,3,3,,1,Polyplacophora,,,,grey + light grey stripe / velvet,Slapcinsky,2026-08-11,,55,Polyplacophora,Animalia,Mollusca,Polyplacophora,,,,,,,2026-08-11,"Kathy Ann, Svetlana, John, Soma, Gustav, Yander, Terry, Robin, Siena, Ciara, Isabel, Julien",Luffenholtz Beach,"Rocky shore and beach mixed with rocky outcrops, cobble fields, tide pools, kelp and algal cover, low IT in some areas with urchin barrens",,,,Higher,
CAEU-0535,3,3,,1,Polyplacophora,,,,grey + light grey stripe / velvet,Slapcinsky,2026-08-11,,55,Polyplacophora,Animalia,Mollusca,Polyplacophora,,,,,,,2026-08-11,"Kathy Ann, Svetlana, John, Soma, Gustav, Yander, Terry, Robin, Siena, Ciara, Isabel, Julien",Luffenholtz Beach,"Rocky shore and beach mixed with rocky outcrops, cobble fields, tide pools, kelp and algal cover, low IT in some areas with urchin barrens",,,,Higher,
CAEU-0536,3,3,,1,Acmaea,,,,cap white animal,Slapcinsky,2026-08-11,,137616,Acmaea,Animalia,Mollusca,Gastropoda,Nacellida,Acmaeidae,Acmaea,,,,2026-08-11,"Kathy Ann, Svetlana, John, Soma, Gustav, Yander, Terry, Robin, Siena, Ciara, Isabel, Julien",Luffenholtz Beach,"Rocky shore and beach mixed with rocky outcrops, cobble fields, tide pools, kelp and algal cover, low IT in some areas with urchin barrens",,,,Genus,
CAEU-0537,3,3,,1,Polyplacophora,,,,grooved valve pustuled edge,Slapcinsky,2026-08-11,,55,Polyplacophora,Animalia,Mollusca,Polyplacophora,,,,,,,2026-08-11,"Kathy Ann, Svetlana, John, Soma, Gustav, Yander, Terry, Robin, Siena, Ciara, Isabel, Julien",Luffenholtz Beach,"Rocky shore and beach mixed with rocky outcrops, cobble fields, tide pools, kelp and algal cover, low IT in some areas with urchin barrens",,,,Higher,
CAEU-0538,3,3,,1,Polyplacophora,,,,grooved valve pustuled edge,Slapcinsky,2026-08-11,,55,Polyplacophora,Animalia,Mollusca,Polyplacophora,,,,,,,2026-08-11,"Kathy Ann, Svetlana, John, Soma, Gustav, Yander, Terry, Robin, Siena, Ciara, Isabel, Julien",Luffenholtz Beach,"Rocky shore and beach mixed with rocky outcrops, cobble fields, tide pools, kelp and algal cover, low IT in some areas with urchin barrens",,,,Higher,
CAEU-0539,3,3,,1,Polyplacophora,,,,wood like stripes,Slapcinsky,2026-08-11,,55,Polyplacophora,Animalia,Mollusca,Polyplacophora,,,,,,,2026-08-11,"Kathy Ann, Svetlana, John, Soma, Gustav, Yander, Terry, Robin, Siena, Ciara, Isabel, Julien",Luffenholtz Beach,"Rocky shore and beach mixed with rocky outcrops, cobble fields, tide pools, kelp and algal cover, low IT in some areas with urchin barrens",,,,Higher,
CAEU-0540,3,3,,1,Polyplacophora,,,,wide flat plates,Slapcinsky,2026-08-11,,55,Polyplacophora,Animalia,Mollusca,Polyplacophora,,,,,,,2026-08-11,"Kathy Ann, Svetlana, John, Soma, Gustav, Yander, Terry, Robin, Siena, Ciara, Isabel, Julien",Luffenholtz Beach,"Rocky shore and beach mixed with rocky outcrops, cobble fields, tide pools, kelp and algal cover, low IT in some areas with urchin barrens",,,,Higher,
CAEU-0541,3,3,,1,Leucosolenia,/,/,/,under rock,G. Paulay,2026-08-11,,131715,Leucosolenia,Animalia,Porifera,Calcarea,Leucosolenida,Leucosoleniidae,Leucosolenia,,,,2026-08-11,"Kathy Ann, Svetlana, John, Soma, Gustav, Yander, Terry, Robin, Siena, Ciara, Isabel, Julien",Luffenholtz Beach,"Rocky shore and beach mixed with rocky outcrops, cobble fields, tide pools, kelp and algal cover, low IT in some areas with urchin barrens",,,,Genus,
CAEU-0542,3,3,,1,Crangon,/,/,/,,G. Paulay,2026-08-11,,107007,Crangon,Animalia,Arthropoda,Malacostraca,Decapoda,Crangonidae,Crangon,,,,2026-08-11,"Kathy Ann, Svetlana, John, Soma, Gustav, Yander, Terry, Robin, Siena, Ciara, Isabel, Julien",Luffenholtz Beach,"Rocky shore and beach mixed with rocky outcrops, cobble fields, tide pools, kelp and algal cover, low IT in some areas with urchin barrens",,,,Genus,
CAEU-0543,3,3,,1,Ophiopholis kennerlyi,/,/,/,,G. Paulay,2026-08-11,,243916,Ophiopholis kennerlyi,Animalia,Echinodermata,Ophiuroidea,Amphilepidida,Ophiopholidae,Ophiopholis,,kennerlyi,,2026-08-11,"Kathy Ann, Svetlana, John, Soma, Gustav, Yander, Terry, Robin, Siena, Ciara, Isabel, Julien",Luffenholtz Beach,"Rocky shore and beach mixed with rocky outcrops, cobble fields, tide pools, kelp and algal cover, low IT in some areas with urchin barrens",,,,Species,
CAEU-0544,3,3,,1,Amphiuridae,/,/,/,,G. Paulay,2026-08-11,,123206,Amphiuridae,Animalia,Echinodermata,Ophiuroidea,Amphilepidida,Amphiuridae,,,,,2026-08-11,"Kathy Ann, Svetlana, John, Soma, Gustav, Yander, Terry, Robin, Siena, Ciara, Isabel, Julien",Luffenholtz Beach,"Rocky shore and beach mixed with rocky outcrops, cobble fields, tide pools, kelp and algal cover, low IT in some areas with urchin barrens",,,,Family,
CAEU-0545,3,3,,1,Amphiuridae,/,/,/,,G. Paulay,2026-08-11,,123206,Amphiuridae,Animalia,Echinodermata,Ophiuroidea,Amphilepidida,Amphiuridae,,,,,2026-08-11,"Kathy Ann, Svetlana, John, Soma, Gustav, Yander, Terry, Robin, Siena, Ciara, Isabel, Julien",Luffenholtz Beach,"Rocky shore and beach mixed with rocky outcrops, cobble fields, tide pools, kelp and algal cover, low IT in some areas with urchin barrens",,,,Family,
CAEU-0546,3,3,,1,Frustellidra spinifera,/,/,/,,G. Paulay,2026-08-11,,470659,Flustrellidra spinifera,Animalia,Bryozoa,Gymnolaemata,Ctenostomatida,Flustrellidridae,Flustrellidra,,spinifera,,2026-08-11,"Kathy Ann, Svetlana, John, Soma, Gustav, Yander, Terry, Robin, Siena, Ciara, Isabel, Julien",Luffenholtz Beach,"Rocky shore and beach mixed with rocky outcrops, cobble fields, tide pools, kelp and algal cover, low IT in some areas with urchin barrens",,,,Species,
CAEU-0547,3,3,,1,Pachycheles rudis,/,/,/,,G. Paulay,2026-08-11,,492861,Pachycheles rudis,Animalia,Arthropoda,Malacostraca,Decapoda,Porcellanidae,Pachycheles,,rudis,,2026-08-11,"Kathy Ann, Svetlana, John, Soma, Gustav, Yander, Terry, Robin, Siena, Ciara, Isabel, Julien",Luffenholtz Beach,"Rocky shore and beach mixed with rocky outcrops, cobble fields, tide pools, kelp and algal cover, low IT in some areas with urchin barrens",,,,Species,
CAEU-0548,3,3,CAEU-0547,1,Pachycheles rudis,/,/,/,,G. Paulay,2026-08-11,,492861,Pachycheles rudis,Animalia,Arthropoda,Malacostraca,Decapoda,Porcellanidae,Pachycheles,,rudis,,2026-08-11,"Kathy Ann, Svetlana, John, Soma, Gustav, Yander, Terry, Robin, Siena, Ciara, Isabel, Julien",Luffenholtz Beach,"Rocky shore and beach mixed with rocky outcrops, cobble fields, tide pools, kelp and algal cover, low IT in some areas with urchin barrens",,,,Species,
CAEU-0549,3,3,CAEU-0547,1,Pachycheles rudis,/,/,/,,G. Paulay,2026-08-11,,492861,Pachycheles rudis,Animalia,Arthropoda,Malacostraca,Decapoda,Porcellanidae,Pachycheles,,rudis,,2026-08-11,"Kathy Ann, Svetlana, John, Soma, Gustav, Yander, Terry, Robin, Siena, Ciara, Isabel, Julien",Luffenholtz Beach,"Rocky shore and beach mixed with rocky outcrops, cobble fields, tide pools, kelp and algal cover, low IT in some areas with urchin barrens",,,,Species,
CAEU-0550,3,3,CAEU-0547,bulk,Pachycheles rudis,X,X,/,,G. Paulay,2026-08-11,,492861,Pachycheles rudis,Animalia,Arthropoda,Malacostraca,Decapoda,Porcellanidae,Pachycheles,,rudis,,2026-08-11,"Kathy Ann, Svetlana, John, Soma, Gustav, Yander, Terry, Robin, Siena, Ciara, Isabel, Julien",Luffenholtz Beach,"Rocky shore and beach mixed with rocky outcrops, cobble fields, tide pools, kelp and algal cover, low IT in some areas with urchin barrens",,,,Species,
CAEU-0551,3,3,,1,Pagurus granosimanus,/,/,/,,G. Paulay,2026-08-11,,366694,Pagurus granosimanus,Animalia,Arthropoda,Malacostraca,Decapoda,Paguridae,Pagurus,,granosimanus,,2026-08-11,"Kathy Ann, Svetlana, John, Soma, Gustav, Yander, Terry, Robin, Siena, Ciara, Isabel, Julien",Luffenholtz Beach,"Rocky shore and beach mixed with rocky outcrops, cobble fields, tide pools, kelp and algal cover, low IT in some areas with urchin barrens",,,,Species,
CAEU-0552,3,3,,bulk,Pagurus granosimanus,X,X,/,,G. Paulay,2026-08-11,,366694,Pagurus granosimanus,Animalia,Arthropoda,Malacostraca,Decapoda,Paguridae,Pagurus,,granosimanus,,2026-08-11,"Kathy Ann, Svetlana, John, Soma, Gustav, Yander, Terry, Robin, Siena, Ciara, Isabel, Julien",Luffenholtz Beach,"Rocky shore and beach mixed with rocky outcrops, cobble fields, tide pools, kelp and algal cover, low IT in some areas with urchin barrens",,,,Species,
CAEU-0553,3,3,,1,Heptacarpus? A,/,/,/,,G. Paulay,2026-08-11,,248339,Heptacarpus,Animalia,Arthropoda,Malacostraca,Decapoda,Thoridae,Heptacarpus,,,,2026-08-11,"Kathy Ann, Svetlana, John, Soma, Gustav, Yander, Terry, Robin, Siena, Ciara, Isabel, Julien",Luffenholtz Beach,"Rocky shore and beach mixed with rocky outcrops, cobble fields, tide pools, kelp and algal cover, low IT in some areas with urchin barrens",,,,Genus,
CAEU-0554,3,3,,1,Heptacarpus? B,/,/,/,,G. Paulay,2026-08-11,,248339,Heptacarpus,Animalia,Arthropoda,Malacostraca,Decapoda,Thoridae,Heptacarpus,,,,2026-08-11,"Kathy Ann, Svetlana, John, Soma, Gustav, Yander, Terry, Robin, Siena, Ciara, Isabel, Julien",Luffenholtz Beach,"Rocky shore and beach mixed with rocky outcrops, cobble fields, tide pools, kelp and algal cover, low IT in some areas with urchin barrens",,,,Genus,
CAEU-0555,3,3,,1,Petrolisthes manimaculis,/,/,/,,G. Paulay,2026-08-11,,431859,Petrolisthes manimaculis,Animalia,Arthropoda,Malacostraca,Decapoda,Porcellanidae,Petrolisthes,,manimaculis,,2026-08-11,"Kathy Ann, Svetlana, John, Soma, Gustav, Yander, Terry, Robin, Siena, Ciara, Isabel, Julien",Luffenholtz Beach,"Rocky shore and beach mixed with rocky outcrops, cobble fields, tide pools, kelp and algal cover, low IT in some areas with urchin barrens",,,,Species,
CAEU-0556,3,3,,1,Petrolisthes manimaculis,/,/,/,,G. Paulay,2026-08-11,,431859,Petrolisthes manimaculis,Animalia,Arthropoda,Malacostraca,Decapoda,Porcellanidae,Petrolisthes,,manimaculis,,2026-08-11,"Kathy Ann, Svetlana, John, Soma, Gustav, Yander, Terry, Robin, Siena, Ciara, Isabel, Julien",Luffenholtz Beach,"Rocky shore and beach mixed with rocky outcrops, cobble fields, tide pools, kelp and algal cover, low IT in some areas with urchin barrens",,,,Species,
CAEU-0557,3,3,,bulk,Petrolisthes manimaculis,X,X,/,,G. Paulay,2026-08-11,,431859,Petrolisthes manimaculis,Animalia,Arthropoda,Malacostraca,Decapoda,Porcellanidae,Petrolisthes,,manimaculis,,2026-08-11,"Kathy Ann, Svetlana, John, Soma, Gustav, Yander, Terry, Robin, Siena, Ciara, Isabel, Julien",Luffenholtz Beach,"Rocky shore and beach mixed with rocky outcrops, cobble fields, tide pools, kelp and algal cover, low IT in some areas with urchin barrens",,,,Species,
CAEU-0558,3,3,,1,Halicystus,/,/,/,,G. Paulay,2026-08-11,,381432,Halicystis,Plantae,Chlorophyta,Ulvophyceae,Bryopsidales,Derbesiaceae,Halicystis,,,,2026-08-11,"Kathy Ann, Svetlana, John, Soma, Gustav, Yander, Terry, Robin, Siena, Ciara, Isabel, Julien",Luffenholtz Beach,"Rocky shore and beach mixed with rocky outcrops, cobble fields, tide pools, kelp and algal cover, low IT in some areas with urchin barrens",,,,Genus,
CAEU-0559,3,3,,1,Heptacarpus? A,/,/,/,,G. Paulay,2026-08-11,,248339,Heptacarpus,Animalia,Arthropoda,Malacostraca,Decapoda,Thoridae,Heptacarpus,,,,2026-08-11,"Kathy Ann, Svetlana, John, Soma, Gustav, Yander, Terry, Robin, Siena, Ciara, Isabel, Julien",Luffenholtz Beach,"Rocky shore and beach mixed with rocky outcrops, cobble fields, tide pools, kelp and algal cover, low IT in some areas with urchin barrens",,,,Genus,
CAEU-0560,3,3,,1,Aplidium solidum,/,/,/,,G. Paulay,2026-08-11,,215889,Aplidium solidum,Animalia,Chordata,Ascidiacea,Aplousobranchia,Polyclinidae,Aplidium,,solidum,,2026-08-11,"Kathy Ann, Svetlana, John, Soma, Gustav, Yander, Terry, Robin, Siena, Ciara, Isabel, Julien",Luffenholtz Beach,"Rocky shore and beach mixed with rocky outcrops, cobble fields, tide pools, kelp and algal cover, low IT in some areas with urchin barrens",,,,Species,
CAEU-0561,3,3,,1,Aplidium californicum?,/,/,/,,G. Paulay,2026-08-11,,249827,Aplidium californicum,Animalia,Chordata,Ascidiacea,Aplousobranchia,Polyclinidae,Aplidium,,californicum,,2026-08-11,"Kathy Ann, Svetlana, John, Soma, Gustav, Yander, Terry, Robin, Siena, Ciara, Isabel, Julien",Luffenholtz Beach,"Rocky shore and beach mixed with rocky outcrops, cobble fields, tide pools, kelp and algal cover, low IT in some areas with urchin barrens",,,,Species,
CAEU-0562,3,3,,1,Amphipholis squamata?,/,/,/,,G. Paulay,2026-08-11,,125064,Amphipholis squamata,Animalia,Echinodermata,Ophiuroidea,Amphilepidida,Amphiuridae,Amphipholis,,squamata,,2026-08-11,"Kathy Ann, Svetlana, John, Soma, Gustav, Yander, Terry, Robin, Siena, Ciara, Isabel, Julien",Luffenholtz Beach,"Rocky shore and beach mixed with rocky outcrops, cobble fields, tide pools, kelp and algal cover, low IT in some areas with urchin barrens",,,,Species,
CAEU-0563,3,3,,1,Amphiuridae,/,/,/,,G. Paulay,2026-08-11,,123206,Amphiuridae,Animalia,Echinodermata,Ophiuroidea,Amphilepidida,Amphiuridae,,,,,2026-08-11,"Kathy Ann, Svetlana, John, Soma, Gustav, Yander, Terry, Robin, Siena, Ciara, Isabel, Julien",Luffenholtz Beach,"Rocky shore and beach mixed with rocky outcrops, cobble fields, tide pools, kelp and algal cover, low IT in some areas with urchin barrens",,,,Family,
CAEU-0564,3,3,,1,Penitella penita,/,/,/,,G. Paulay,2026-08-11,,507013,Penitella penita,Animalia,Mollusca,Bivalvia,Myida,Pholadidae,Penitella,,penita,,2026-08-11,"Kathy Ann, Svetlana, John, Soma, Gustav, Yander, Terry, Robin, Siena, Ciara, Isabel, Julien",Luffenholtz Beach,"Rocky shore and beach mixed with rocky outcrops, cobble fields, tide pools, kelp and algal cover, low IT in some areas with urchin barrens",,,,Species,
CAEU-0565,3,3,,1,,/,/,/,,G. Paulay,2026-08-11,,,,,,,,,,,,,2026-08-11,"Kathy Ann, Svetlana, John, Soma, Gustav, Yander, Terry, Robin, Siena, Ciara, Isabel, Julien",Luffenholtz Beach,"Rocky shore and beach mixed with rocky outcrops, cobble fields, tide pools, kelp and algal cover, low IT in some areas with urchin barrens",,,,,
CAEU-0566,3,3,,1,Hiatella,/,/,/,,G. Paulay,2026-08-11,,138068,Hiatella,Animalia,Mollusca,Bivalvia,Adapedonta,Hiatellidae,Hiatella,,,,2026-08-11,"Kathy Ann, Svetlana, John, Soma, Gustav, Yander, Terry, Robin, Siena, Ciara, Isabel, Julien",Luffenholtz Beach,"Rocky shore and beach mixed with rocky outcrops, cobble fields, tide pools, kelp and algal cover, low IT in some areas with urchin barrens",,,,Genus,
CAEU-0567,3,3,,1,Hiatella,/,/,/,,G. Paulay,2026-08-11,,138068,Hiatella,Animalia,Mollusca,Bivalvia,Adapedonta,Hiatellidae,Hiatella,,,,2026-08-11,"Kathy Ann, Svetlana, John, Soma, Gustav, Yander, Terry, Robin, Siena, Ciara, Isabel, Julien",Luffenholtz Beach,"Rocky shore and beach mixed with rocky outcrops, cobble fields, tide pools, kelp and algal cover, low IT in some areas with urchin barrens",,,,Genus,
CAEU-0568,3,3,,1,Ophiopholis kennerlyi,/,/,/,,G. Paulay,2026-08-11,,243916,Ophiopholis kennerlyi,Animalia,Echinodermata,Ophiuroidea,Amphilepidida,Ophiopholidae,Ophiopholis,,kennerlyi,,2026-08-11,"Kathy Ann, Svetlana, John, Soma, Gustav, Yander, Terry, Robin, Siena, Ciara, Isabel, Julien",Luffenholtz Beach,"Rocky shore and beach mixed with rocky outcrops, cobble fields, tide pools, kelp and algal cover, low IT in some areas with urchin barrens",,,,Species,
CAEU-0569,3,3,,1,Pugettia producte,/,/,/,,G. Paulay,2026-08-11,,240780,Pugettia producta,Animalia,Arthropoda,Malacostraca,Decapoda,Epialtidae,Pugettia,,producta,,2026-08-11,"Kathy Ann, Svetlana, John, Soma, Gustav, Yander, Terry, Robin, Siena, Ciara, Isabel, Julien",Luffenholtz Beach,"Rocky shore and beach mixed with rocky outcrops, cobble fields, tide pools, kelp and algal cover, low IT in some areas with urchin barrens",,,,Species,
CAEU-0570,3,3,,1,Eurylepta californica,/,/,/,,G. Paulay,2026-08-11,,483790,Eurylepta californica,Animalia,Platyhelminthes,,Polycladida,Euryleptidae,Eurylepta,,californica,,2026-08-11,"Kathy Ann, Svetlana, John, Soma, Gustav, Yander, Terry, Robin, Siena, Ciara, Isabel, Julien",Luffenholtz Beach,"Rocky shore and beach mixed with rocky outcrops, cobble fields, tide pools, kelp and algal cover, low IT in some areas with urchin barrens",,,,Species,
CAEU-0571,3,3,,1,Betaeus setosus,/,/,/,w/ Pachycheles rudis,G. Paulay,2026-08-11,,515050,Betaeus setosus,Animalia,Arthropoda,Malacostraca,Decapoda,Alpheidae,Betaeus,,setosus,,2026-08-11,"Kathy Ann, Svetlana, John, Soma, Gustav, Yander, Terry, Robin, Siena, Ciara, Isabel, Julien",Luffenholtz Beach,"Rocky shore and beach mixed with rocky outcrops, cobble fields, tide pools, kelp and algal cover, low IT in some areas with urchin barrens",,,,Species,
CAEU-0572,3,3,,1,Amphiuridae,/,/,/,,G. Paulay,2026-08-11,,123206,Amphiuridae,Animalia,Echinodermata,Ophiuroidea,Amphilepidida,Amphiuridae,,,,,2026-08-11,"Kathy Ann, Svetlana, John, Soma, Gustav, Yander, Terry, Robin, Siena, Ciara, Isabel, Julien",Luffenholtz Beach,"Rocky shore and beach mixed with rocky outcrops, cobble fields, tide pools, kelp and algal cover, low IT in some areas with urchin barrens",,,,Family,
CAEU-0573,3,3,,1,Cancer jordani,/,/,/,,G. Paulay,2026-08-11,,452249,Cancer jordani,Animalia,Arthropoda,Malacostraca,Decapoda,Cancridae,Cancer,,jordani,,2026-08-11,"Kathy Ann, Svetlana, John, Soma, Gustav, Yander, Terry, Robin, Siena, Ciara, Isabel, Julien",Luffenholtz Beach,"Rocky shore and beach mixed with rocky outcrops, cobble fields, tide pools, kelp and algal cover, low IT in some areas with urchin barrens",,,,Species,
CAEU-0574,3,3,,1,Pododesmus macrochisma,/,/,/,,G. Paulay,2026-08-11,,758426,Pododesmus macrochisma,Animalia,Mollusca,Bivalvia,Pectinida,Anomiidae,Pododesmus,,macrochisma,,2026-08-11,"Kathy Ann, Svetlana, John, Soma, Gustav, Yander, Terry, Robin, Siena, Ciara, Isabel, Julien",Luffenholtz Beach,"Rocky shore and beach mixed with rocky outcrops, cobble fields, tide pools, kelp and algal cover, low IT in some areas with urchin barrens",,,,Species,
CAEU-0575,3,3,CAEU-0574,1,Pododesmus macrochisma,/,/,/,,G. Paulay,2026-08-11,,758426,Pododesmus macrochisma,Animalia,Mollusca,Bivalvia,Pectinida,Anomiidae,Pododesmus,,macrochisma,,2026-08-11,"Kathy Ann, Svetlana, John, Soma, Gustav, Yander, Terry, Robin, Siena, Ciara, Isabel, Julien",Luffenholtz Beach,"Rocky shore and beach mixed with rocky outcrops, cobble fields, tide pools, kelp and algal cover, low IT in some areas with urchin barrens",,,,Species,
CAEU-0576,3,3,CAEU-0574,1,Pododesmus macrochisma,/,/,/,,G. Paulay,2026-08-11,,758426,Pododesmus macrochisma,Animalia,Mollusca,Bivalvia,Pectinida,Anomiidae,Pododesmus,,macrochisma,,2026-08-11,"Kathy Ann, Svetlana, John, Soma, Gustav, Yander, Terry, Robin, Siena, Ciara, Isabel, Julien",Luffenholtz Beach,"Rocky shore and beach mixed with rocky outcrops, cobble fields, tide pools, kelp and algal cover, low IT in some areas with urchin barrens",,,,Species,
CAEU-0577,3,3,,1,Pagurus hirsutiusculus,/,/,/,,G. Paulay,2026-08-11,,366699,Pagurus hirsutiusculus,Animalia,Arthropoda,Malacostraca,Decapoda,Paguridae,Pagurus,,hirsutiusculus,,2026-08-11,"Kathy Ann, Svetlana, John, Soma, Gustav, Yander, Terry, Robin, Siena, Ciara, Isabel, Julien",Luffenholtz Beach,"Rocky shore and beach mixed with rocky outcrops, cobble fields, tide pools, kelp and algal cover, low IT in some areas with urchin barrens",,,,Species,
CAEU-0578,3,3,,1,Pagurus hirsutiusculus,/,/,/,,G. Paulay,2026-08-11,,366699,Pagurus hirsutiusculus,Animalia,Arthropoda,Malacostraca,Decapoda,Paguridae,Pagurus,,hirsutiusculus,,2026-08-11,"Kathy Ann, Svetlana, John, Soma, Gustav, Yander, Terry, Robin, Siena, Ciara, Isabel, Julien",Luffenholtz Beach,"Rocky shore and beach mixed with rocky outcrops, cobble fields, tide pools, kelp and algal cover, low IT in some areas with urchin barrens",,,,Species,
CAEU-0579,3,3,,1,Idotea wosnesenskii,/,/,/,,G. Paulay,2026-08-11,,711956,Idotea wosnesenskii,Animalia,Arthropoda,Malacostraca,Isopoda,Idoteidae,Idotea,,wosnesenskii,,2026-08-11,"Kathy Ann, Svetlana, John, Soma, Gustav, Yander, Terry, Robin, Siena, Ciara, Isabel, Julien",Luffenholtz Beach,"Rocky shore and beach mixed with rocky outcrops, cobble fields, tide pools, kelp and algal cover, low IT in some areas with urchin barrens",,,,Species,
CAEU-0580,3,3,,1,Sycon?,/,/,/,,G. Paulay,2026-08-11,,131723,Sycon,Animalia,Porifera,Calcarea,Leucosolenida,Syconidae,Sycon,,,,2026-08-11,"Kathy Ann, Svetlana, John, Soma, Gustav, Yander, Terry, Robin, Siena, Ciara, Isabel, Julien",Luffenholtz Beach,"Rocky shore and beach mixed with rocky outcrops, cobble fields, tide pools, kelp and algal cover, low IT in some areas with urchin barrens",,,,Genus,
CAEU-0581,3RO,3RO,,1,Cucumaria,/,/,/,Juv. miniata?,G. Paulay,2026-08-11,,123479,Cucumaria,Animalia,Echinodermata,Holothuroidea,Dendrochirotida,Cucumariidae,Cucumaria,,,,,,,,,,,Genus,
CAEU-0582,3,3,,1,Eurylepta aurantiaca,/,/,/,,G. Paulay,2026-08-11,,483788,Eurylepta aurantiaca,Animalia,Platyhelminthes,,Polycladida,Euryleptidae,Eurylepta,,aurantiaca,,2026-08-11,"Kathy Ann, Svetlana, John, Soma, Gustav, Yander, Terry, Robin, Siena, Ciara, Isabel, Julien",Luffenholtz Beach,"Rocky shore and beach mixed with rocky outcrops, cobble fields, tide pools, kelp and algal cover, low IT in some areas with urchin barrens",,,,Species,
CAEU-0583,2B,2B,,1,Hiatella,/,/,/,,G. Paulay,2026-08-11,,138068,Hiatella,Animalia,Mollusca,Bivalvia,Adapedonta,Hiatellidae,Hiatella,,,,2026-08-10,"Svetlana, Gustav",Crescent City N of Lighthouse,"boulders and rocks, with sand in between",Pterydophora holdfasts,sweat,,Genus,
CAEU-0584,3,3,,1,Notoplana?,/,/,/,,G. Paulay,2026-08-11,,142231,Notoplana,Animalia,Platyhelminthes,,Polycladida,Notoplanidae,Notoplana,,,,2026-08-11,"Kathy Ann, Svetlana, John, Soma, Gustav, Yander, Terry, Robin, Siena, Ciara, Isabel, Julien",Luffenholtz Beach,"Rocky shore and beach mixed with rocky outcrops, cobble fields, tide pools, kelp and algal cover, low IT in some areas with urchin barrens",,,,Genus,
CAEU-0585,3,3,,1,Chlamys,/,/,/,,G. Paulay,2026-08-11,,138315,Chlamys,Animalia,Mollusca,Bivalvia,Pectinida,Pectinidae,Chlamys,,,,2026-08-11,"Kathy Ann, Svetlana, John, Soma, Gustav, Yander, Terry, Robin, Siena, Ciara, Isabel, Julien",Luffenholtz Beach,"Rocky shore and beach mixed with rocky outcrops, cobble fields, tide pools, kelp and algal cover, low IT in some areas with urchin barrens",,,,Genus,
CAEU-0586,3,3,,1,Pugettia richii?,/,/,/,dead when fixed,G. Paulay,2026-08-11,,441490,Pugettia richii,Animalia,Arthropoda,Malacostraca,Decapoda,Epialtidae,Pugettia,,richii,,2026-08-11,"Kathy Ann, Svetlana, John, Soma, Gustav, Yander, Terry, Robin, Siena, Ciara, Isabel, Julien",Luffenholtz Beach,"Rocky shore and beach mixed with rocky outcrops, cobble fields, tide pools, kelp and algal cover, low IT in some areas with urchin barrens",,,,Species,
CAEU-0587,3,3,,1,Crassadoma gigantea?,/,/,/,juv.?,G. Paulay,2026-08-11,,240774,Crassadoma gigantea,Animalia,Mollusca,Bivalvia,Pectinida,Pectinidae,Crassadoma,,gigantea,,2026-08-11,"Kathy Ann, Svetlana, John, Soma, Gustav, Yander, Terry, Robin, Siena, Ciara, Isabel, Julien",Luffenholtz Beach,"Rocky shore and beach mixed with rocky outcrops, cobble fields, tide pools, kelp and algal cover, low IT in some areas with urchin barrens",,,,Species,
CAEU-0588,3,3,,1,Hiatella B??,/,/,/,nestled in Penitella burrows,G. Paulay,2026-08-11,,138068,Hiatella,Animalia,Mollusca,Bivalvia,Adapedonta,Hiatellidae,Hiatella,,,,2026-08-11,"Kathy Ann, Svetlana, John, Soma, Gustav, Yander, Terry, Robin, Siena, Ciara, Isabel, Julien",Luffenholtz Beach,"Rocky shore and beach mixed with rocky outcrops, cobble fields, tide pools, kelp and algal cover, low IT in some areas with urchin barrens",,,,Genus,
CAEU-0589,3,3,,1,Hiatella B??,/,/,/,nestled in Penitella burrows,G. Paulay,2026-08-11,,138068,Hiatella,Animalia,Mollusca,Bivalvia,Adapedonta,Hiatellidae,Hiatella,,,,2026-08-11,"Kathy Ann, Svetlana, John, Soma, Gustav, Yander, Terry, Robin, Siena, Ciara, Isabel, Julien",Luffenholtz Beach,"Rocky shore and beach mixed with rocky outcrops, cobble fields, tide pools, kelp and algal cover, low IT in some areas with urchin barrens",,,,Genus,
CAEU-0590,3,3,,1,Hiatella B??,/,/,/,nestled in Penitella burrows,G. Paulay,2026-08-11,,138068,Hiatella,Animalia,Mollusca,Bivalvia,Adapedonta,Hiatellidae,Hiatella,,,,2026-08-11,"Kathy Ann, Svetlana, John, Soma, Gustav, Yander, Terry, Robin, Siena, Ciara, Isabel, Julien",Luffenholtz Beach,"Rocky shore and beach mixed with rocky outcrops, cobble fields, tide pools, kelp and algal cover, low IT in some areas with urchin barrens",,,,Genus,
CAEU-0591,4,4,,1,Polyorchis penicillatus,/,/,/,,G. Paulay,2026-08-11,,290843,Polyorchis penicillatus,Animalia,Cnidaria,Hydrozoa,Anthoathecata,Corynidae,Polyorchis,,penicillatus,,2026-08-11,"Greg, Dakota",Luffenholtz Beach,"Rocky shore and beach mixed with rocky outcrops, cobble fields, tide pools, kelp and algal cover, low IT in some areas with urchin barrens",,hand,,Species,
CAEU-0592,4,4,CAEU-0591,1,Polyorchis penicillatus,/,/,/,,G. Paulay,2026-08-11,,290843,Polyorchis penicillatus,Animalia,Cnidaria,Hydrozoa,Anthoathecata,Corynidae,Polyorchis,,penicillatus,,2026-08-11,"Greg, Dakota",Luffenholtz Beach,"Rocky shore and beach mixed with rocky outcrops, cobble fields, tide pools, kelp and algal cover, low IT in some areas with urchin barrens",,hand,,Species,
CAEU-0593,4,4,CAEU-0591,1,Polyorchis penicillatus,/,/,/,,G. Paulay,2026-08-11,,290843,Polyorchis penicillatus,Animalia,Cnidaria,Hydrozoa,Anthoathecata,Corynidae,Polyorchis,,penicillatus,,2026-08-11,"Greg, Dakota",Luffenholtz Beach,"Rocky shore and beach mixed with rocky outcrops, cobble fields, tide pools, kelp and algal cover, low IT in some areas with urchin barrens",,hand,,Species,
CAEU-0594,4,4,CAEU-0591,1,Polyorchis penicillatus,/,/,/,,G. Paulay,2026-08-11,,290843,Polyorchis penicillatus,Animalia,Cnidaria,Hydrozoa,Anthoathecata,Corynidae,Polyorchis,,penicillatus,,2026-08-11,"Greg, Dakota",Luffenholtz Beach,"Rocky shore and beach mixed with rocky outcrops, cobble fields, tide pools, kelp and algal cover, low IT in some areas with urchin barrens",,hand,,Species,
CAEU-0595,4,4,,1,Pleurobrachia bachei,/,/,/,lost,G. Paulay,2026-08-11,,265191,Pleurobrachia bachei,Animalia,Ctenophora,Tentaculata,Cydippida,Cydippidae,Pleurobrachia,,bachei,,2026-08-11,"Greg, Dakota",Luffenholtz Beach,"Rocky shore and beach mixed with rocky outcrops, cobble fields, tide pools, kelp and algal cover, low IT in some areas with urchin barrens",,hand,,Species,
CAEU-0596,4,4,CAEU-0595,1,Pleurobrachia bachei,/,/,/,lost,G. Paulay,2026-08-11,,265191,Pleurobrachia bachei,Animalia,Ctenophora,Tentaculata,Cydippida,Cydippidae,Pleurobrachia,,bachei,,2026-08-11,"Greg, Dakota",Luffenholtz Beach,"Rocky shore and beach mixed with rocky outcrops, cobble fields, tide pools, kelp and algal cover, low IT in some areas with urchin barrens",,hand,,Species,
CAEU-0597,4,4,CAEU-0595,1,Pleurobrachia bachei,/,/,/,?lost,G. Paulay,2026-08-11,,265191,Pleurobrachia bachei,Animalia,Ctenophora,Tentaculata,Cydippida,Cydippidae,Pleurobrachia,,bachei,,2026-08-11,"Greg, Dakota",Luffenholtz Beach,"Rocky shore and beach mixed with rocky outcrops, cobble fields, tide pools, kelp and algal cover, low IT in some areas with urchin barrens",,hand,,Species,
CAEU-0598,4,4,CAEU-0595,1,Pleurobrachia bachei,/,/,/,?lost,G. Paulay,2026-08-11,,265191,Pleurobrachia bachei,Animalia,Ctenophora,Tentaculata,Cydippida,Cydippidae,Pleurobrachia,,bachei,,2026-08-11,"Greg, Dakota",Luffenholtz Beach,"Rocky shore and beach mixed with rocky outcrops, cobble fields, tide pools, kelp and algal cover, low IT in some areas with urchin barrens",,hand,,Species,
CAEU-0599,4,4,CAEU-0595,bulk,Pleurobrachia bachei,X,X,/,?lost,G. Paulay,2026-08-11,,265191,Pleurobrachia bachei,Animalia,Ctenophora,Tentaculata,Cydippida,Cydippidae,Pleurobrachia,,bachei,,2026-08-11,"Greg, Dakota",Luffenholtz Beach,"Rocky shore and beach mixed with rocky outcrops, cobble fields, tide pools, kelp and algal cover, low IT in some areas with urchin barrens",,hand,,Species,
CAEU-0600,4,4,CAEU-0591,bulk,Polyorchis penicillatus,X,X,/,,G. Paulay,2026-08-11,,290843,Polyorchis penicillatus,Animalia,Cnidaria,Hydrozoa,Anthoathecata,Corynidae,Polyorchis,,penicillatus,,2026-08-11,"Greg, Dakota",Luffenholtz Beach,"Rocky shore and beach mixed with rocky outcrops, cobble fields, tide pools, kelp and algal cover, low IT in some areas with urchin barrens",,hand,,Species,
CAEU-0601,HUMB-04,4,,1,Flatworm sp.,N,N,N,,Agarwal/Gosliner,2026-08-11,,793,Platyhelminthes,Animalia,Platyhelminthes,,,,,,,,2026-08-11,"Greg, Dakota",Luffenholtz Beach,"Rocky shore and beach mixed with rocky outcrops, cobble fields, tide pools, kelp and algal cover, low IT in some areas with urchin barrens",,hand,,Higher,
CAEU-0602,HUMB-04,4,,2,Geitodoris heathi,Y,Y,Y,TO CAS,Agarwal/Gosliner,2026-08-11,,579047,Geitodoris heathi,Animalia,Mollusca,Gastropoda,Doridida,Discodorididae,Geitodoris,,heathi,,2026-08-11,"Greg, Dakota",Luffenholtz Beach,"Rocky shore and beach mixed with rocky outcrops, cobble fields, tide pools, kelp and algal cover, low IT in some areas with urchin barrens",,hand,,Species,
CAEU-0603,,,,,,,,,,,,,,,,,,,,,,,,,,,,,,,,
CAEU-0604,HUMB-04,4,CAEU-0602,,sponge sp,N,N,N,,Agarwal/Gosliner,2026-08-11,,558,Porifera,Animalia,Porifera,,,,,,,,2026-08-11,"Greg, Dakota",Luffenholtz Beach,"Rocky shore and beach mixed with rocky outcrops, cobble fields, tide pools, kelp and algal cover, low IT in some areas with urchin barrens",,hand,,Higher,
CAEU-0605,HUMB-04,4,CAEU-0604,,Bryozoa,N,N,N,,Agarwal/Gosliner,2026-08-11,,146142,Bryozoa,Animalia,Bryozoa,,,,,,,,2026-08-11,"Greg, Dakota",Luffenholtz Beach,"Rocky shore and beach mixed with rocky outcrops, cobble fields, tide pools, kelp and algal cover, low IT in some areas with urchin barrens",,hand,,Higher,
CAEU-0606,HUMB-03,3,,3,Dirona picta,Y,Y,Y,TO CAS,Agarwal/Gosliner,2026-08-11,,558927,Dirona picta,Animalia,Mollusca,Gastropoda,Nudibranchia,Dironidae,Dirona,,picta,,2026-08-11,"Kathy Ann, Svetlana, John, Soma, Gustav, Yander, Terry, Robin, Siena, Ciara, Isabel, Julien",Luffenholtz Beach,"Rocky shore and beach mixed with rocky outcrops, cobble fields, tide pools, kelp and algal cover, low IT in some areas with urchin barrens",,,,Species,
CAEU-0607,HUMB-03D,3D,,27,Hermaea vancouverensis,Y,Y,Y,TO CAS - 2 animals whole for molecular,Agarwal/Gosliner,2026-08-11,,494539,Hermaea vancouverensis,Animalia,Mollusca,Gastropoda,,Hermaeidae,Hermaea,,vancouverensis,,2026-08-11,Svetlana,Luffenholtz Beach,"Rocky shore and beach mixed with rocky outcrops, cobble fields, tide pools, kelp and algal cover, low IT in some areas with urchin barrens",diverse red algae,sweat,,Species,
CAEU-0608,HUMB-03D,3D,,5,Hermaea vancouverensis,Y,Y,Y,TO CAS - 1 animal whole for molecular,Agarwal/Gosliner,2026-08-11,,494539,Hermaea vancouverensis,Animalia,Mollusca,Gastropoda,,Hermaeidae,Hermaea,,vancouverensis,,2026-08-11,Svetlana,Luffenholtz Beach,"Rocky shore and beach mixed with rocky outcrops, cobble fields, tide pools, kelp and algal cover, low IT in some areas with urchin barrens",diverse red algae,sweat,,Species,
CAEU-0609,HUMB-06,6,,2,Diaphana californica,Y,Y,Y,TO CAS 1 animal whole for molecular,Agarwal/Gosliner,2026-08-11,,509649,Diaphana californica,Animalia,Mollusca,Gastropoda,Cephalaspidea,Diaphanidae,Diaphana,,californica,,2026-08-12,"Kathy Ann, Svetlana, John, Soma, Gustav, Yander, Terry, Robin, Siena, Ciara, Isabel, Sadie, Julien",Old Home Beach,Rocky intertidal with rock ledges,,hand,,Species,
CAEU-0610,HUMB-06,6,,4,Triopha maculata,Y,Y,Y,"TO CAS yellow form, 1 whole for molecular",Agarwal/Gosliner,2026-08-11,,531262,Triopha maculata,Animalia,Mollusca,Gastropoda,Doridida,Polyceridae,Triopha,,maculata,,2026-08-12,"Kathy Ann, Svetlana, John, Soma, Gustav, Yander, Terry, Robin, Siena, Ciara, Isabel, Sadie, Julien",Old Home Beach,Rocky intertidal with rock ledges,,hand,,Species,
CAEU-0611,HUMB-06,6,,1,Corambe steinbergae,Y,Y,N,TO CAS whole animal for molecular,Agarwal/Gosliner,2026-08-11,,535679,Corambe steinbergae,Animalia,Mollusca,Gastropoda,Doridida,Corambidae,Corambe,,steinbergae,,2026-08-12,"Kathy Ann, Svetlana, John, Soma, Gustav, Yander, Terry, Robin, Siena, Ciara, Isabel, Sadie, Julien",Old Home Beach,Rocky intertidal with rock ledges,,hand,,Species,
CAEU-0612,HUMB-06,6,,7,Coryphella fisheri,Y,Y,Y,TO CAS,Agarwal/Gosliner,2026-08-11,,1044782,Coryphella fisheri,Animalia,Mollusca,Gastropoda,Nudibranchia,Flabellinidae,Coryphella,,fisheri,,2026-08-12,"Kathy Ann, Svetlana, John, Soma, Gustav, Yander, Terry, Robin, Siena, Ciara, Isabel, Sadie, Julien",Old Home Beach,Rocky intertidal with rock ledges,,hand,,Species,
CAEU-0613,HUMB-06,6,,4,Diaphorodoris lirulatocauda,Y,Y,Y,TO CAS 1 whole animal for molecular,Agarwal/Gosliner,2026-08-11,,581691,Diaphorodoris lirulatocauda,Animalia,Mollusca,Gastropoda,Doridida,Calycidorididae,Diaphorodoris,,lirulatocauda,,2026-08-12,"Kathy Ann, Svetlana, John, Soma, Gustav, Yander, Terry, Robin, Siena, Ciara, Isabel, Sadie, Julien",Old Home Beach,Rocky intertidal with rock ledges,,hand,,Species,
CAEU-0614,HUMB-06,6,,2,Rostanga pulchra,Y,Y,Y,TO CAS,Agarwal/Gosliner,2026-08-11,,533391,Rostanga pulchra,Animalia,Mollusca,Gastropoda,Doridida,Discodorididae,Rostanga,,pulchra,,2026-08-12,"Kathy Ann, Svetlana, John, Soma, Gustav, Yander, Terry, Robin, Siena, Ciara, Isabel, Sadie, Julien",Old Home Beach,Rocky intertidal with rock ledges,,hand,,Species,
CAEU-0615,HUMB-06,6,,1,Tenellia albocrusta,Y,Y,Y,TO CAS,Agarwal/Gosliner,2026-08-11,,986813,Tenellia albocrusta,Animalia,Mollusca,Gastropoda,Nudibranchia,Trinchesiidae,Tenellia,,albocrusta,,2026-08-12,"Kathy Ann, Svetlana, John, Soma, Gustav, Yander, Terry, Robin, Siena, Ciara, Isabel, Sadie, Julien",Old Home Beach,Rocky intertidal with rock ledges,,hand,,Species,
CAEU-0616,HUMB-06,6,,1,Tenellia flavovulta,Y,Y,Y,TO CAS,Agarwal/Gosliner,2026-08-11,,890622,Tenellia flavovulta,Animalia,Mollusca,Gastropoda,Nudibranchia,Trinchesiidae,Tenellia,,flavovulta,,2026-08-12,"Kathy Ann, Svetlana, John, Soma, Gustav, Yander, Terry, Robin, Siena, Ciara, Isabel, Sadie, Julien",Old Home Beach,Rocky intertidal with rock ledges,,hand,,Species,
CAEU-0617,HUMB-06,6,,2,Dirona albolineata,Y,Y,Y,TO CAS,Agarwal/Gosliner,2026-08-11,,581837,Dirona albolineata,Animalia,Mollusca,Gastropoda,Nudibranchia,Dironidae,Dirona,,albolineata,,2026-08-12,"Kathy Ann, Svetlana, John, Soma, Gustav, Yander, Terry, Robin, Siena, Ciara, Isabel, Sadie, Julien",Old Home Beach,Rocky intertidal with rock ledges,,hand,,Species,
CAEU-0618,HUMB-06,6,,5,Ceratodoris rosacea,Y,Y,Y,TO CAS,Agarwal/Gosliner,2026-08-11,,1723348,Ceratodoris rosacea,Animalia,Mollusca,Gastropoda,Doridida,Goniodorididae,Ceratodoris,,rosacea,,2026-08-12,"Kathy Ann, Svetlana, John, Soma, Gustav, Yander, Terry, Robin, Siena, Ciara, Isabel, Sadie, Julien",Old Home Beach,Rocky intertidal with rock ledges,,hand,,Species,
CAEU-0619,HUMB-06,6,,2,Acanthodoris nanaimoensis,Y,Y,Y,TO CAS,Agarwal/Gosliner,2026-08-11,,535685,Acanthodoris nanaimoensis,Animalia,Mollusca,Gastropoda,Doridida,Acanthodorididae,Acanthodoris,,nanaimoensis,,2026-08-12,"Kathy Ann, Svetlana, John, Soma, Gustav, Yander, Terry, Robin, Siena, Ciara, Isabel, Sadie, Julien",Old Home Beach,Rocky intertidal with rock ledges,,hand,,Species,
CAEU-0620,HUMB-06,6,,1,Diaulula sandiegensis,Y,Y,Y,TO CAS,Agarwal/Gosliner,2026-08-11,,536817,Diaulula sandiegensis,Animalia,Mollusca,Gastropoda,Doridida,Discodorididae,Diaulula,,sandiegensis,,2026-08-12,"Kathy Ann, Svetlana, John, Soma, Gustav, Yander, Terry, Robin, Siena, Ciara, Isabel, Sadie, Julien",Old Home Beach,Rocky intertidal with rock ledges,,hand,,Species,
CAEU-0621,HUMB-06,6,,1,Diaulula odonoghuei,Y,Y,Y,TO CAS,Agarwal/Gosliner,2026-08-11,,890436,Diaulula odonoghuei,Animalia,Mollusca,Gastropoda,Doridida,Discodorididae,Diaulula,,odonoghuei,,2026-08-12,"Kathy Ann, Svetlana, John, Soma, Gustav, Yander, Terry, Robin, Siena, Ciara, Isabel, Sadie, Julien",Old Home Beach,Rocky intertidal with rock ledges,,hand,,Species,
CAEU-0622,HUMB-06,6,,1,Acanthodoris nanaimoensis,Y,Y,Y,TO CAS - underside of head looks like Acanthodoris! top priority!,Agarwal/Gosliner,2026-08-11,,535685,Acanthodoris nanaimoensis,Animalia,Mollusca,Gastropoda,Doridida,Acanthodorididae,Acanthodoris,,nanaimoensis,,2026-08-12,"Kathy Ann, Svetlana, John, Soma, Gustav, Yander, Terry, Robin, Siena, Ciara, Isabel, Sadie, Julien",Old Home Beach,Rocky intertidal with rock ledges,,hand,,Species,
CAEU-0623,HUMB-06,6,,1,Tenellia spadix,Y,Y,Y,TO CAS,Agarwal/Gosliner,2026-08-11,,1783851,Tenellia spadix,Animalia,Mollusca,Gastropoda,Nudibranchia,Trinchesiidae,Tenellia,,spadix,,2026-08-12,"Kathy Ann, Svetlana, John, Soma, Gustav, Yander, Terry, Robin, Siena, Ciara, Isabel, Sadie, Julien",Old Home Beach,Rocky intertidal with rock ledges,,hand,,Species,
CAEU-0624,HUMB-06,6,,1,Hermissenda opalescens,Y,Y,Y,TO CAS,Agarwal/Gosliner,2026-08-11,,877759,Hermissenda opalescens,Animalia,Mollusca,Gastropoda,Nudibranchia,Myrrhinidae,Hermissenda,,opalescens,,2026-08-12,"Kathy Ann, Svetlana, John, Soma, Gustav, Yander, Terry, Robin, Siena, Ciara, Isabel, Sadie, Julien",Old Home Beach,Rocky intertidal with rock ledges,,hand,,Species,
CAEU-0625,HUMB-06,6,,2,Hermissenda crassicornis,Y,Y,Y,TO CAS 1 animal whole for molecular,Agarwal/Gosliner,2026-08-11,,367883,Hermissenda crassicornis,Animalia,Mollusca,Gastropoda,Nudibranchia,Myrrhinidae,Hermissenda,,crassicornis,,2026-08-12,"Kathy Ann, Svetlana, John, Soma, Gustav, Yander, Terry, Robin, Siena, Ciara, Isabel, Sadie, Julien",Old Home Beach,Rocky intertidal with rock ledges,,hand,,Species,
CAEU-0626,HUMB-06,6,,4,Triopha maculata,Y,Y,Y,orange form. 1 animal whole for molecular. TO CAS,Agarwal/Gosliner,2026-08-11,,531262,Triopha maculata,Animalia,Mollusca,Gastropoda,Doridida,Polyceridae,Triopha,,maculata,,2026-08-12,"Kathy Ann, Svetlana, John, Soma, Gustav, Yander, Terry, Robin, Siena, Ciara, Isabel, Sadie, Julien",Old Home Beach,Rocky intertidal with rock ledges,,hand,,Species,
CAEU-0627,HUMB-06,6,,3,Triopha catalinae,Y,Y,Y,TO CAS,Agarwal/Gosliner,2026-08-11,,531258,Triopha catalinae,Animalia,Mollusca,Gastropoda,Doridida,Polyceridae,Triopha,,catalinae,,2026-08-12,"Kathy Ann, Svetlana, John, Soma, Gustav, Yander, Terry, Robin, Siena, Ciara, Isabel, Sadie, Julien",Old Home Beach,Rocky intertidal with rock ledges,,hand,,Species,
CAEU-0628,HUMB-06,6,,1,Coryphella fisheri,Y,Y,N,TO CAS whole animal for molecular,Agarwal/Gosliner,2026-08-11,,1044782,Coryphella fisheri,Animalia,Mollusca,Gastropoda,Nudibranchia,Flabellinidae,Coryphella,,fisheri,,2026-08-12,"Kathy Ann, Svetlana, John, Soma, Gustav, Yander, Terry, Robin, Siena, Ciara, Isabel, Sadie, Julien",Old Home Beach,Rocky intertidal with rock ledges,,hand,,Species,
CAEU-0629,HUMB-06,6,,1,Tenellia flavovulta,Y,Y,Y,TO CAS,Agarwal/Gosliner,2026-08-11,,890622,Tenellia flavovulta,Animalia,Mollusca,Gastropoda,Nudibranchia,Trinchesiidae,Tenellia,,flavovulta,,2026-08-12,"Kathy Ann, Svetlana, John, Soma, Gustav, Yander, Terry, Robin, Siena, Ciara, Isabel, Sadie, Julien",Old Home Beach,Rocky intertidal with rock ledges,,hand,,Species,
CAEU-0630,HUMB-06,6,,1,Tenellia lagunae,Y,Y,Y,TO CAS,Agarwal/Gosliner,2026-08-11,,890626,Tenellia lagunae,Animalia,Mollusca,Gastropoda,Nudibranchia,Trinchesiidae,Tenellia,,lagunae,,2026-08-12,"Kathy Ann, Svetlana, John, Soma, Gustav, Yander, Terry, Robin, Siena, Ciara, Isabel, Sadie, Julien",Old Home Beach,Rocky intertidal with rock ledges,,hand,,Species,
CAEU-0631,3,3,,1,Tricellaria?,/,/,/,,C. McKim,2026-08-11,,110868,Tricellaria,Animalia,Bryozoa,Gymnolaemata,Cheilostomatida,Candidae,Tricellaria,,,,2026-08-11,"Kathy Ann, Svetlana, John, Soma, Gustav, Yander, Terry, Robin, Siena, Ciara, Isabel, Julien",Luffenholtz Beach,"Rocky shore and beach mixed with rocky outcrops, cobble fields, tide pools, kelp and algal cover, low IT in some areas with urchin barrens",,,,Genus,
CAEU-0632,3,3,CAEU-0631,1,Tricellaria?,/,/,/,,C. McKim,2026-08-11,,110868,Tricellaria,Animalia,Bryozoa,Gymnolaemata,Cheilostomatida,Candidae,Tricellaria,,,,2026-08-11,"Kathy Ann, Svetlana, John, Soma, Gustav, Yander, Terry, Robin, Siena, Ciara, Isabel, Julien",Luffenholtz Beach,"Rocky shore and beach mixed with rocky outcrops, cobble fields, tide pools, kelp and algal cover, low IT in some areas with urchin barrens",,,,Genus,
CAEU-0633,3,3,,1,Cheilostomatida,/,/,/,,C. McKim,2026-08-11,,110722,Cheilostomatida,Animalia,Bryozoa,Gymnolaemata,Cheilostomatida,,,,,,2026-08-11,"Kathy Ann, Svetlana, John, Soma, Gustav, Yander, Terry, Robin, Siena, Ciara, Isabel, Julien",Luffenholtz Beach,"Rocky shore and beach mixed with rocky outcrops, cobble fields, tide pools, kelp and algal cover, low IT in some areas with urchin barrens",,,,Higher,
CAEU-0634,3,3,,1,Calcarea,/,/,/,Leucosolenia sp. A?,C. McKim,2026-08-11,,559,Calcarea,Animalia,Porifera,Calcarea,,,,,,,2026-08-11,"Kathy Ann, Svetlana, John, Soma, Gustav, Yander, Terry, Robin, Siena, Ciara, Isabel, Julien",Luffenholtz Beach,"Rocky shore and beach mixed with rocky outcrops, cobble fields, tide pools, kelp and algal cover, low IT in some areas with urchin barrens",,,,Higher,
CAEU-0635,3,3,,1,Cheilostomatida,/,/,/,,C. McKim,2026-08-11,,110722,Cheilostomatida,Animalia,Bryozoa,Gymnolaemata,Cheilostomatida,,,,,,2026-08-11,"Kathy Ann, Svetlana, John, Soma, Gustav, Yander, Terry, Robin, Siena, Ciara, Isabel, Julien",Luffenholtz Beach,"Rocky shore and beach mixed with rocky outcrops, cobble fields, tide pools, kelp and algal cover, low IT in some areas with urchin barrens",,,,Higher,
CAEU-0636,3,3,,1,Integripelta bilabiata,/,/,/,,C. McKim,2026-08-11,,466975,Integripelta bilabiata,Animalia,Bryozoa,Gymnolaemata,Cheilostomatida,Eurystomellidae,Integripelta,,bilabiata,,2026-08-11,"Kathy Ann, Svetlana, John, Soma, Gustav, Yander, Terry, Robin, Siena, Ciara, Isabel, Julien",Luffenholtz Beach,"Rocky shore and beach mixed with rocky outcrops, cobble fields, tide pools, kelp and algal cover, low IT in some areas with urchin barrens",,,,Species,
CAEU-0637,3,3,,1,Cheilostomatida,/,/,/,,C. McKim,2026-08-11,,110722,Cheilostomatida,Animalia,Bryozoa,Gymnolaemata,Cheilostomatida,,,,,,2026-08-11,"Kathy Ann, Svetlana, John, Soma, Gustav, Yander, Terry, Robin, Siena, Ciara, Isabel, Julien",Luffenholtz Beach,"Rocky shore and beach mixed with rocky outcrops, cobble fields, tide pools, kelp and algal cover, low IT in some areas with urchin barrens",,,,Higher,
CAEU-0638,3,3,,1,Celleporella hyalina,/,/,/,,C. McKim,2026-08-11,,111397,Celleporella hyalina,Animalia,Bryozoa,Gymnolaemata,Cheilostomatida,Hippothoidae,Celleporella,,hyalina,,2026-08-11,"Kathy Ann, Svetlana, John, Soma, Gustav, Yander, Terry, Robin, Siena, Ciara, Isabel, Julien",Luffenholtz Beach,"Rocky shore and beach mixed with rocky outcrops, cobble fields, tide pools, kelp and algal cover, low IT in some areas with urchin barrens",,,,Species,
CAEU-0639,3,3,,1,Cheilostomatida,/,/,/,,C. McKim,2026-08-11,,110722,Cheilostomatida,Animalia,Bryozoa,Gymnolaemata,Cheilostomatida,,,,,,2026-08-11,"Kathy Ann, Svetlana, John, Soma, Gustav, Yander, Terry, Robin, Siena, Ciara, Isabel, Julien",Luffenholtz Beach,"Rocky shore and beach mixed with rocky outcrops, cobble fields, tide pools, kelp and algal cover, low IT in some areas with urchin barrens",,,,Higher,
CAEU-0640,3,3,,1,Cheilostomatida,/,/,/,,C. McKim,2026-08-11,,110722,Cheilostomatida,Animalia,Bryozoa,Gymnolaemata,Cheilostomatida,,,,,,2026-08-11,"Kathy Ann, Svetlana, John, Soma, Gustav, Yander, Terry, Robin, Siena, Ciara, Isabel, Julien",Luffenholtz Beach,"Rocky shore and beach mixed with rocky outcrops, cobble fields, tide pools, kelp and algal cover, low IT in some areas with urchin barrens",,,,Higher,
CAEU-0641,3,3,,1,Integripelta bilabiata,/,/,/,,C. McKim,2026-08-11,,466975,Integripelta bilabiata,Animalia,Bryozoa,Gymnolaemata,Cheilostomatida,Eurystomellidae,Integripelta,,bilabiata,,2026-08-11,"Kathy Ann, Svetlana, John, Soma, Gustav, Yander, Terry, Robin, Siena, Ciara, Isabel, Julien",Luffenholtz Beach,"Rocky shore and beach mixed with rocky outcrops, cobble fields, tide pools, kelp and algal cover, low IT in some areas with urchin barrens",,,,Species,
CAEU-0642,3,3,CAEU-0639,1,Cheilostomatida,/,/,/,,C. McKim,2026-08-11,,110722,Cheilostomatida,Animalia,Bryozoa,Gymnolaemata,Cheilostomatida,,,,,,2026-08-11,"Kathy Ann, Svetlana, John, Soma, Gustav, Yander, Terry, Robin, Siena, Ciara, Isabel, Julien",Luffenholtz Beach,"Rocky shore and beach mixed with rocky outcrops, cobble fields, tide pools, kelp and algal cover, low IT in some areas with urchin barrens",,,,Higher,
CAEU-0643,3,3,,1,Idotea montereyensis?,/,/,/,wide phenotype,C. McKim,2026-08-11,,294995,Idotea montereyensis,Animalia,Arthropoda,Malacostraca,Isopoda,Idoteidae,Idotea,,montereyensis,,2026-08-11,"Kathy Ann, Svetlana, John, Soma, Gustav, Yander, Terry, Robin, Siena, Ciara, Isabel, Julien",Luffenholtz Beach,"Rocky shore and beach mixed with rocky outcrops, cobble fields, tide pools, kelp and algal cover, low IT in some areas with urchin barrens",,,,Species,
CAEU-0644,3,3,,1,Idotea montereyensis?,/,/,/,wide phenotype,C. McKim,2026-08-11,,294995,Idotea montereyensis,Animalia,Arthropoda,Malacostraca,Isopoda,Idoteidae,Idotea,,montereyensis,,2026-08-11,"Kathy Ann, Svetlana, John, Soma, Gustav, Yander, Terry, Robin, Siena, Ciara, Isabel, Julien",Luffenholtz Beach,"Rocky shore and beach mixed with rocky outcrops, cobble fields, tide pools, kelp and algal cover, low IT in some areas with urchin barrens",,,,Species,
CAEU-0645,3,3,,1,Idotea sp. A,/,/,/,,C. McKim,2026-08-11,,118454,Idotea,Animalia,Arthropoda,Malacostraca,Isopoda,Idoteidae,Idotea,,,,2026-08-11,"Kathy Ann, Svetlana, John, Soma, Gustav, Yander, Terry, Robin, Siena, Ciara, Isabel, Julien",Luffenholtz Beach,"Rocky shore and beach mixed with rocky outcrops, cobble fields, tide pools, kelp and algal cover, low IT in some areas with urchin barrens",,,,Genus,
CAEU-0646,3,3,,1,Idotea sp. A,/,/,/,,C. McKim,2026-08-11,,118454,Idotea,Animalia,Arthropoda,Malacostraca,Isopoda,Idoteidae,Idotea,,,,2026-08-11,"Kathy Ann, Svetlana, John, Soma, Gustav, Yander, Terry, Robin, Siena, Ciara, Isabel, Julien",Luffenholtz Beach,"Rocky shore and beach mixed with rocky outcrops, cobble fields, tide pools, kelp and algal cover, low IT in some areas with urchin barrens",,,,Genus,
CAEU-0647,3,3,,1,Idotea sp. A,/,/,/,,C. McKim,2026-08-11,,118454,Idotea,Animalia,Arthropoda,Malacostraca,Isopoda,Idoteidae,Idotea,,,,2026-08-11,"Kathy Ann, Svetlana, John, Soma, Gustav, Yander, Terry, Robin, Siena, Ciara, Isabel, Julien",Luffenholtz Beach,"Rocky shore and beach mixed with rocky outcrops, cobble fields, tide pools, kelp and algal cover, low IT in some areas with urchin barrens",,,,Genus,
CAEU-0648,3,3,,1,Idotea fewkesi?,/,/,/,,C. McKim,2026-08-11,,257347,Idotea fewkesi,Animalia,Arthropoda,Malacostraca,Isopoda,Idoteidae,Idotea,,fewkesi,,2026-08-11,"Kathy Ann, Svetlana, John, Soma, Gustav, Yander, Terry, Robin, Siena, Ciara, Isabel, Julien",Luffenholtz Beach,"Rocky shore and beach mixed with rocky outcrops, cobble fields, tide pools, kelp and algal cover, low IT in some areas with urchin barrens",,,,Species,
CAEU-0649,3,3,CAEU-0645,1,Idotea sp. A,/,/,/,,C. McKim,2026-08-11,,118454,Idotea,Animalia,Arthropoda,Malacostraca,Isopoda,Idoteidae,Idotea,,,,2026-08-11,"Kathy Ann, Svetlana, John, Soma, Gustav, Yander, Terry, Robin, Siena, Ciara, Isabel, Julien",Luffenholtz Beach,"Rocky shore and beach mixed with rocky outcrops, cobble fields, tide pools, kelp and algal cover, low IT in some areas with urchin barrens",,,,Genus,
CAEU-0650,3,3,CAEU-0646,1,Idotea sp. A,/,/,/,,C. McKim,2026-08-11,,118454,Idotea,Animalia,Arthropoda,Malacostraca,Isopoda,Idoteidae,Idotea,,,,2026-08-11,"Kathy Ann, Svetlana, John, Soma, Gustav, Yander, Terry, Robin, Siena, Ciara, Isabel, Julien",Luffenholtz Beach,"Rocky shore and beach mixed with rocky outcrops, cobble fields, tide pools, kelp and algal cover, low IT in some areas with urchin barrens",,,,Genus,
CAEU-0651,3,3,CAEU-0647,1,Idotea sp. A,/,/,/,,C. McKim,2026-08-11,,118454,Idotea,Animalia,Arthropoda,Malacostraca,Isopoda,Idoteidae,Idotea,,,,2026-08-11,"Kathy Ann, Svetlana, John, Soma, Gustav, Yander, Terry, Robin, Siena, Ciara, Isabel, Julien",Luffenholtz Beach,"Rocky shore and beach mixed with rocky outcrops, cobble fields, tide pools, kelp and algal cover, low IT in some areas with urchin barrens",,,,Genus,
CAEU-0652,3,3,CAEU-0648,1,Idotea fewkesi?,/,/,/,,C. McKim,2026-08-11,,257347,Idotea fewkesi,Animalia,Arthropoda,Malacostraca,Isopoda,Idoteidae,Idotea,,fewkesi,,2026-08-11,"Kathy Ann, Svetlana, John, Soma, Gustav, Yander, Terry, Robin, Siena, Ciara, Isabel, Julien",Luffenholtz Beach,"Rocky shore and beach mixed with rocky outcrops, cobble fields, tide pools, kelp and algal cover, low IT in some areas with urchin barrens",,,,Species,
CAEU-0653,3,3,CAEU-0648,1,Idotea fewkesi?,/,/,/,,C. McKim,2026-08-11,,257347,Idotea fewkesi,Animalia,Arthropoda,Malacostraca,Isopoda,Idoteidae,Idotea,,fewkesi,,2026-08-11,"Kathy Ann, Svetlana, John, Soma, Gustav, Yander, Terry, Robin, Siena, Ciara, Isabel, Julien",Luffenholtz Beach,"Rocky shore and beach mixed with rocky outcrops, cobble fields, tide pools, kelp and algal cover, low IT in some areas with urchin barrens",,,,Species,
CAEU-0654,3,3,CAEU-0648,1,Idotea fewkesi?,/,/,/,,C. McKim,2026-08-11,,257347,Idotea fewkesi,Animalia,Arthropoda,Malacostraca,Isopoda,Idoteidae,Idotea,,fewkesi,,2026-08-11,"Kathy Ann, Svetlana, John, Soma, Gustav, Yander, Terry, Robin, Siena, Ciara, Isabel, Julien",Luffenholtz Beach,"Rocky shore and beach mixed with rocky outcrops, cobble fields, tide pools, kelp and algal cover, low IT in some areas with urchin barrens",,,,Species,
CAEU-0655,3C,3C,,1,Strongylocentrotus purpuratus,/,/,/,,C. McKim,2026-08-11,,240747,Strongylocentrotus purpuratus,Animalia,Echinodermata,Echinoidea,Camarodonta,Strongylocentrotidae,Strongylocentrotus,,purpuratus,,2026-08-11,Svetlana,Luffenholtz Beach,"Rocky shore and beach mixed with rocky outcrops, cobble fields, tide pools, kelp and algal cover, low IT in some areas with urchin barrens","detached holdfasts, rootmass, well sanded, low IT on rocks",sweat,,Species,
CAEU-0656,3C,3C,,1,Strongylocentrotus purpuratus,/,/,/,,C. McKim,2026-08-11,,240747,Strongylocentrotus purpuratus,Animalia,Echinodermata,Echinoidea,Camarodonta,Strongylocentrotidae,Strongylocentrotus,,purpuratus,,2026-08-11,Svetlana,Luffenholtz Beach,"Rocky shore and beach mixed with rocky outcrops, cobble fields, tide pools, kelp and algal cover, low IT in some areas with urchin barrens","detached holdfasts, rootmass, well sanded, low IT on rocks",sweat,,Species,
CAEU-0657,6,6,,1,Integripelta bilabiata,/,/,/,,C. McKim,2026-08-11,,466975,Integripelta bilabiata,Animalia,Bryozoa,Gymnolaemata,Cheilostomatida,Eurystomellidae,Integripelta,,bilabiata,,2026-08-12,"Kathy Ann, Svetlana, John, Soma, Gustav, Yander, Terry, Robin, Siena, Ciara, Isabel, Sadie, Julien",Old Home Beach,Rocky intertidal with rock ledges,,hand,,Species,
CAEU-0658,6,6,CAEU-0657,1,Integripelta bilabiata,/,/,/,,C. McKim,2026-08-11,,466975,Integripelta bilabiata,Animalia,Bryozoa,Gymnolaemata,Cheilostomatida,Eurystomellidae,Integripelta,,bilabiata,,2026-08-12,"Kathy Ann, Svetlana, John, Soma, Gustav, Yander, Terry, Robin, Siena, Ciara, Isabel, Sadie, Julien",Old Home Beach,Rocky intertidal with rock ledges,,hand,,Species,
CAEU-0659,6,6,,1,Membranipora membranacea,/,/,/,,C. McKim,2026-08-11,,111411,Membranipora membranacea,Animalia,Bryozoa,Gymnolaemata,Cheilostomatida,Membraniporidae,Membranipora,,membranacea,,2026-08-12,"Kathy Ann, Svetlana, John, Soma, Gustav, Yander, Terry, Robin, Siena, Ciara, Isabel, Sadie, Julien",Old Home Beach,Rocky intertidal with rock ledges,,hand,,Species,
CAEU-0660,6,6,,1,Crisia?,/,/,/,,C. McKim,2026-08-11,,111032,Crisia,Animalia,Bryozoa,Stenolaemata,Cyclostomatida,Crisiidae,Crisia,,,,2026-08-12,"Kathy Ann, Svetlana, John, Soma, Gustav, Yander, Terry, Robin, Siena, Ciara, Isabel, Sadie, Julien",Old Home Beach,Rocky intertidal with rock ledges,,hand,,Genus,
CAEU-0661,CA Euk 03,3,,,Analipus japonicus,✓,✓,✓,"I 51,52 crust only",K.A. Miller,2026-08-12,,371891,Analipus japonicus,Chromista,Ochrophyta,Phaeophyceae,Ralfsiales,Ralfsiaceae,Analipus,,japonicus,,2026-08-11,"Kathy Ann, Svetlana, John, Soma, Gustav, Yander, Terry, Robin, Siena, Ciara, Isabel, Julien",Luffenholtz Beach,"Rocky shore and beach mixed with rocky outcrops, cobble fields, tide pools, kelp and algal cover, low IT in some areas with urchin barrens",,,,Species,
CAEU-0662,CA Euk 03,3,,,Mastocarpus,,,,"I 53,54",K.A. Miller,2026-08-12,,144163,Mastocarpus,Plantae,Rhodophyta,Florideophyceae,Gigartinales,Phyllophoraceae,Mastocarpus,,,,2026-08-11,"Kathy Ann, Svetlana, John, Soma, Gustav, Yander, Terry, Robin, Siena, Ciara, Isabel, Julien",Luffenholtz Beach,"Rocky shore and beach mixed with rocky outcrops, cobble fields, tide pools, kelp and algal cover, low IT in some areas with urchin barrens",,,,Genus,
CAEU-0663,CA Euk 03,3,,,Mastocarpus,,,,"I 55,56",K.A. Miller,2026-08-12,,144163,Mastocarpus,Plantae,Rhodophyta,Florideophyceae,Gigartinales,Phyllophoraceae,Mastocarpus,,,,2026-08-11,"Kathy Ann, Svetlana, John, Soma, Gustav, Yander, Terry, Robin, Siena, Ciara, Isabel, Julien",Luffenholtz Beach,"Rocky shore and beach mixed with rocky outcrops, cobble fields, tide pools, kelp and algal cover, low IT in some areas with urchin barrens",,,,Genus,
CAEU-0664,CA Euk 03,3,,,Pyropia,,,,"I 57,58",K.A. Miller,2026-08-12,,603075,Pyropia,Plantae,Rhodophyta,Bangiophyceae,Bangiales,Bangiaceae,Pyropia,,,,2026-08-11,"Kathy Ann, Svetlana, John, Soma, Gustav, Yander, Terry, Robin, Siena, Ciara, Isabel, Julien",Luffenholtz Beach,"Rocky shore and beach mixed with rocky outcrops, cobble fields, tide pools, kelp and algal cover, low IT in some areas with urchin barrens",,,,Genus,
CAEU-0665,CA Euk 03,3,,,Pyropia,,,,"I 59,60",K.A. Miller,2026-08-12,,603075,Pyropia,Plantae,Rhodophyta,Bangiophyceae,Bangiales,Bangiaceae,Pyropia,,,,2026-08-11,"Kathy Ann, Svetlana, John, Soma, Gustav, Yander, Terry, Robin, Siena, Ciara, Isabel, Julien",Luffenholtz Beach,"Rocky shore and beach mixed with rocky outcrops, cobble fields, tide pools, kelp and algal cover, low IT in some areas with urchin barrens",,,,Genus,
CAEU-0666,CA Euk 03,3,,,Corallina,,,,"I 61,62",K.A. Miller,2026-08-12,,144007,Corallina,Plantae,Rhodophyta,Florideophyceae,Corallinales,Corallinaceae,Corallina,,,,2026-08-11,"Kathy Ann, Svetlana, John, Soma, Gustav, Yander, Terry, Robin, Siena, Ciara, Isabel, Julien",Luffenholtz Beach,"Rocky shore and beach mixed with rocky outcrops, cobble fields, tide pools, kelp and algal cover, low IT in some areas with urchin barrens",,,,Genus,
CAEU-0667,CA Euk 06,6,,,Osmundea spectabilis,,,,,K.A. Miller,2026-08-12,,372624,Osmundea spectabilis,Plantae,Rhodophyta,Florideophyceae,Ceramiales,Rhodomelaceae,Osmundea,,spectabilis,,2026-08-12,"Kathy Ann, Svetlana, John, Soma, Gustav, Yander, Terry, Robin, Siena, Ciara, Isabel, Sadie, Julien",Old Home Beach,Rocky intertidal with rock ledges,,hand,,Species,
CAEU-0668,CA Euk 06,6,CAEU-0667,,Heterojanczewskia gardneri,,,,tiny!,K.A. Miller,2026-08-12,,372837,Laurencia gardneri,Plantae,Rhodophyta,Florideophyceae,Ceramiales,Rhodomelaceae,Laurencia,,gardneri,,2026-08-12,"Kathy Ann, Svetlana, John, Soma, Gustav, Yander, Terry, Robin, Siena, Ciara, Isabel, Sadie, Julien",Old Home Beach,Rocky intertidal with rock ledges,,hand,,Species,
CAEU-0669,CA Euk 06,6,,,Alaria marginata,,,,,K.A. Miller,2026-08-12,,371791,Alaria marginata,Chromista,Ochrophyta,Phaeophyceae,Laminariales,Alariaceae,Alaria,,marginata,,2026-08-12,"Kathy Ann, Svetlana, John, Soma, Gustav, Yander, Terry, Robin, Siena, Ciara, Isabel, Sadie, Julien",Old Home Beach,Rocky intertidal with rock ledges,,hand,,Species,
CAEU-0670,CA Euk 06,6,,,Nereocystis luetkeana,,,,,K.A. Miller,2026-08-12,,240752,Nereocystis luetkeana,Chromista,Ochrophyta,Phaeophyceae,Laminariales,Laminariaceae,Nereocystis,,luetkeana,,2026-08-12,"Kathy Ann, Svetlana, John, Soma, Gustav, Yander, Terry, Robin, Siena, Ciara, Isabel, Sadie, Julien",Old Home Beach,Rocky intertidal with rock ledges,,hand,,Species,
CAEU-0671,CA Euk 06,6,,,Laminaria sinclairii,,,,,K.A. Miller,2026-08-12,,372507,Laminaria sinclairii,Chromista,Ochrophyta,Phaeophyceae,Laminariales,Laminariaceae,Laminaria,,sinclairii,,2026-08-12,"Kathy Ann, Svetlana, John, Soma, Gustav, Yander, Terry, Robin, Siena, Ciara, Isabel, Sadie, Julien",Old Home Beach,Rocky intertidal with rock ledges,,hand,,Species,
CAEU-0672,CA Euk 06,6,,,Egregia menziesii,,,,,K.A. Miller,2026-08-12,,372502,Egregia menziesii,Chromista,Ochrophyta,Phaeophyceae,Laminariales,Lessoniaceae,Egregia,,menziesii,,2026-08-12,"Kathy Ann, Svetlana, John, Soma, Gustav, Yander, Terry, Robin, Siena, Ciara, Isabel, Sadie, Julien",Old Home Beach,Rocky intertidal with rock ledges,,hand,,Species,
CAEU-0673,CA Euk 06,6,,,Fucus distichus,,,,,K.A. Miller,2026-08-12,,145544,Fucus distichus,Chromista,Ochrophyta,Phaeophyceae,Fucales,Fucaceae,Fucus,,distichus,,2026-08-12,"Kathy Ann, Svetlana, John, Soma, Gustav, Yander, Terry, Robin, Siena, Ciara, Isabel, Sadie, Julien",Old Home Beach,Rocky intertidal with rock ledges,,hand,,Species,
CAEU-0674,CA Euk 06,6,,,Colpomenia peregrina,,,,,K.A. Miller,2026-08-12,,145856,Colpomenia peregrina,Chromista,Ochrophyta,Phaeophyceae,Ectocarpales,Scytosiphonaceae,Colpomenia,,peregrina,,2026-08-12,"Kathy Ann, Svetlana, John, Soma, Gustav, Yander, Terry, Robin, Siena, Ciara, Isabel, Sadie, Julien",Old Home Beach,Rocky intertidal with rock ledges,,hand,,Species,
CAEU-0675,CA Euk 06,6,,,Pterygophora californica,,,,,K.A. Miller,2026-08-12,3121,240750,Pterygophora californica,Chromista,Ochrophyta,Phaeophyceae,Laminariales,Alariaceae,Pterygophora,,californica,,2026-08-12,"Kathy Ann, Svetlana, John, Soma, Gustav, Yander, Terry, Robin, Siena, Ciara, Isabel, Sadie, Julien",Old Home Beach,Rocky intertidal with rock ledges,,hand,,Species,
CAEU-0676,CA Euk 06,6,,,Cryptopleura lobulifera,,,,,K.A. Miller,2026-08-12,3122,372560,Cryptopleura lobulifera,Plantae,Rhodophyta,Florideophyceae,Ceramiales,Delesseriaceae,Cryptopleura,,lobulifera,,2026-08-12,"Kathy Ann, Svetlana, John, Soma, Gustav, Yander, Terry, Robin, Siena, Ciara, Isabel, Sadie, Julien",Old Home Beach,Rocky intertidal with rock ledges,,hand,,Species,
CAEU-0677,CA Euk 06,6,,,Neogastroclonium subarticulatum,,,,,K.A. Miller,2026-08-12,3123,503971,Neogastroclonium subarticulatum,Plantae,Rhodophyta,Florideophyceae,Rhodymeniales,Champiaceae,Neogastroclonium,,subarticulatum,,2026-08-12,"Kathy Ann, Svetlana, John, Soma, Gustav, Yander, Terry, Robin, Siena, Ciara, Isabel, Sadie, Julien",Old Home Beach,Rocky intertidal with rock ledges,,hand,,Species,
CAEU-0678,CA Euk 06,6,,,Gelidium coulteri,,,,,K.A. Miller,2026-08-12,3124,372573,Gelidium coulteri,Plantae,Rhodophyta,Florideophyceae,Gelidiales,Gelidiaceae,Gelidium,,coulteri,,2026-08-12,"Kathy Ann, Svetlana, John, Soma, Gustav, Yander, Terry, Robin, Siena, Ciara, Isabel, Sadie, Julien",Old Home Beach,Rocky intertidal with rock ledges,,hand,,Species,
CAEU-0679,CA Euk 06,6,,,Petalonia fascia,,,,,K.A. Miller,2026-08-12,3125,145863,Petalonia fascia,Chromista,Ochrophyta,Phaeophyceae,Ectocarpales,Scytosiphonaceae,Petalonia,,fascia,,2026-08-12,"Kathy Ann, Svetlana, John, Soma, Gustav, Yander, Terry, Robin, Siena, Ciara, Isabel, Sadie, Julien",Old Home Beach,Rocky intertidal with rock ledges,,hand,,Species,
CAEU-0680,CA Euk 06,6,,,Acrosiphonia coalita,,,,,K.A. Miller,2026-08-12,3126,366445,Acrosiphonia coalita,Plantae,Chlorophyta,Chlorophyceae,Acrosiphoniales,Acrosiphoniaceae,Acrosiphonia,,coalita,,2026-08-12,"Kathy Ann, Svetlana, John, Soma, Gustav, Yander, Terry, Robin, Siena, Ciara, Isabel, Sadie, Julien",Old Home Beach,Rocky intertidal with rock ledges,,hand,,Species,
CAEU-0681,CA Euk 06,6,,,Analipus japonicus,,,,,K.A. Miller,2026-08-12,3127,371891,Analipus japonicus,Chromista,Ochrophyta,Phaeophyceae,Ralfsiales,Ralfsiaceae,Analipus,,japonicus,,2026-08-12,"Kathy Ann, Svetlana, John, Soma, Gustav, Yander, Terry, Robin, Siena, Ciara, Isabel, Sadie, Julien",Old Home Beach,Rocky intertidal with rock ledges,,hand,,Species,
CAEU-0682,CA Euk 06,6,,,Mastocarpus,,,,Box 2,K.A. Miller,2026-08-12,3128,144163,Mastocarpus,Plantae,Rhodophyta,Florideophyceae,Gigartinales,Phyllophoraceae,Mastocarpus,,,,2026-08-12,"Kathy Ann, Svetlana, John, Soma, Gustav, Yander, Terry, Robin, Siena, Ciara, Isabel, Sadie, Julien",Old Home Beach,Rocky intertidal with rock ledges,,hand,,Genus,
CAEU-0683,CA Euk 06,6,,,Cryptosiphonia woodii,,,,,K.A. Miller,2026-08-12,3129,372563,Cryptosiphonia woodii,Plantae,Rhodophyta,Florideophyceae,Gigartinales,Dumontiaceae,Cryptosiphonia,,woodii,,2026-08-12,"Kathy Ann, Svetlana, John, Soma, Gustav, Yander, Terry, Robin, Siena, Ciara, Isabel, Sadie, Julien",Old Home Beach,Rocky intertidal with rock ledges,,hand,,Species,
CAEU-0684,CA Euk 06,6,,,Odonthalia floccosa,,,,,K.A. Miller,2026-08-12,3130,372621,Odonthalia floccosa,Plantae,Rhodophyta,Florideophyceae,Ceramiales,Rhodomelaceae,Odonthalia,,floccosa,,2026-08-12,"Kathy Ann, Svetlana, John, Soma, Gustav, Yander, Terry, Robin, Siena, Ciara, Isabel, Sadie, Julien",Old Home Beach,Rocky intertidal with rock ledges,,hand,,Species,
CAEU-0685,CA Euk 06,6,,,Symphyocladia dendroidea,,,,,K.A. Miller,2026-08-12,3131,1313050,Symphyocladia dendroidea,Plantae,Rhodophyta,Florideophyceae,Ceramiales,Rhodomelaceae,Symphyocladia,,dendroidea,,2026-08-12,"Kathy Ann, Svetlana, John, Soma, Gustav, Yander, Terry, Robin, Siena, Ciara, Isabel, Sadie, Julien",Old Home Beach,Rocky intertidal with rock ledges,,hand,,Species,
CAEU-0686,CA Euk 06,6,,,Polysiphonia,,,,,K.A. Miller,2026-08-12,3132,143853,Polysiphonia,Plantae,Rhodophyta,Florideophyceae,Ceramiales,Rhodomelaceae,Polysiphonia,,,,2026-08-12,"Kathy Ann, Svetlana, John, Soma, Gustav, Yander, Terry, Robin, Siena, Ciara, Isabel, Sadie, Julien",Old Home Beach,Rocky intertidal with rock ledges,,hand,,Genus,
CAEU-0687,CA Euk 06,6,,,Pyropia lanceolata?,,,,"red, linear",K.A. Miller,2026-08-12,3133,626058,Pyropia lanceolata,Plantae,Rhodophyta,Bangiophyceae,Bangiales,Bangiaceae,Pyropia,,lanceolata,,2026-08-12,"Kathy Ann, Svetlana, John, Soma, Gustav, Yander, Terry, Robin, Siena, Ciara, Isabel, Sadie, Julien",Old Home Beach,Rocky intertidal with rock ledges,,hand,,Species,
CAEU-0688,CA Euk 06,6,,,Ulva stenophylla,,,,could be U. taeniata,K.A. Miller,2026-08-12,3134,371789,Ulva stenophylla,Plantae,Chlorophyta,Ulvophyceae,Ulvales,Ulvaceae,Ulva,,stenophylla,,2026-08-12,"Kathy Ann, Svetlana, John, Soma, Gustav, Yander, Terry, Robin, Siena, Ciara, Isabel, Sadie, Julien",Old Home Beach,Rocky intertidal with rock ledges,,hand,,Species,
CAEU-0689,CA Euk 06,6,,,Ulva intestinalis,,,,,K.A. Miller,2026-08-12,3135,234471,Ulva intestinalis,Plantae,Chlorophyta,Ulvophyceae,Ulvales,Ulvaceae,Ulva,,intestinalis,,2026-08-12,"Kathy Ann, Svetlana, John, Soma, Gustav, Yander, Terry, Robin, Siena, Ciara, Isabel, Sadie, Julien",Old Home Beach,Rocky intertidal with rock ledges,,hand,,Species,
CAEU-0690,CA Euk 06,6,,,Kornmannia,,,,,K.A. Miller,2026-08-12,3136,144289,Kornmannia,Plantae,Chlorophyta,Ulvophyceae,Ulvales,Kornmanniaceae,Kornmannia,,,,2026-08-12,"Kathy Ann, Svetlana, John, Soma, Gustav, Yander, Terry, Robin, Siena, Ciara, Isabel, Sadie, Julien",Old Home Beach,Rocky intertidal with rock ledges,,hand,,Genus,
CAEU-0691,HUMB-03A,3A,,1,Vejdovskya? sp. 2,y,,y,"WM, not sure genus ID",Yander L. Diez,2026-08-12,,142296,Vejdovskya,Animalia,Platyhelminthes,,Rhabdocoela,Provorticidae,Vejdovskya,,,,2026-08-11,Svetlana,Luffenholtz Beach,"Rocky shore and beach mixed with rocky outcrops, cobble fields, tide pools, kelp and algal cover, low IT in some areas with urchin barrens",sand,shovel,,Genus,
CAEU-0692,HUMB-03A,3A,,1,Schizorhynchia sp. 1,y,y,,eth,Yander L. Diez,2026-08-12,,155663,Schizorhynchia,Animalia,Platyhelminthes,,Rhabdocoela,,,,,,2026-08-11,Svetlana,Luffenholtz Beach,"Rocky shore and beach mixed with rocky outcrops, cobble fields, tide pools, kelp and algal cover, low IT in some areas with urchin barrens",sand,shovel,,Higher,
CAEU-0693,HUMB-03A,3A,,1,Gnathorhynchidae sp. 1,y,y,,"eth, subadult",Yander L. Diez,2026-08-12,,142094,Gnathorhynchidae,Animalia,Platyhelminthes,,Rhabdocoela,Gnathorhynchidae,,,,,2026-08-11,Svetlana,Luffenholtz Beach,"Rocky shore and beach mixed with rocky outcrops, cobble fields, tide pools, kelp and algal cover, low IT in some areas with urchin barrens",sand,shovel,,Family,
CAEU-0694,HUMB-03A,3A,,1,Schizorhynchia sp. 1,y,,y,WM,Yander L. Diez,2026-08-12,,155663,Schizorhynchia,Animalia,Platyhelminthes,,Rhabdocoela,,,,,,2026-08-11,Svetlana,Luffenholtz Beach,"Rocky shore and beach mixed with rocky outcrops, cobble fields, tide pools, kelp and algal cover, low IT in some areas with urchin barrens",sand,shovel,,Higher,
CAEU-0695,HUMB-03A,3A,,1,Pseudoinvenusta paranida,y,y,,eth,Yander L. Diez,2026-08-12,,1823419,Pseudoinvenusta paracnida,Animalia,Platyhelminthes,,Proseriata,Coelogynoporidae,Pseudoinvenusta,,paracnida,,2026-08-11,Svetlana,Luffenholtz Beach,"Rocky shore and beach mixed with rocky outcrops, cobble fields, tide pools, kelp and algal cover, low IT in some areas with urchin barrens",sand,shovel,,Species,
CAEU-0696,HUMB-03A,3A,,1,Annelida sp. 1,y,y,,eth,Yander L. Diez,2026-08-12,,882,Annelida,Animalia,Annelida,,,,,,,,2026-08-11,Svetlana,Luffenholtz Beach,"Rocky shore and beach mixed with rocky outcrops, cobble fields, tide pools, kelp and algal cover, low IT in some areas with urchin barrens",sand,shovel,,Higher,
CAEU-0697,HUMB-03A,3A,,1,Gnathorhynchidae sp. 1,y,y,,eth,Yander L. Diez,2026-08-12,,142094,Gnathorhynchidae,Animalia,Platyhelminthes,,Rhabdocoela,Gnathorhynchidae,,,,,2026-08-11,Svetlana,Luffenholtz Beach,"Rocky shore and beach mixed with rocky outcrops, cobble fields, tide pools, kelp and algal cover, low IT in some areas with urchin barrens",sand,shovel,,Family,
CAEU-0698,HUMB-03A,3A,,1,Cicerina sp. 1,y,,y,WM,Yander L. Diez,2026-08-12,,142311,Cicerina,Animalia,Platyhelminthes,,Rhabdocoela,Cicerinidae,Cicerina,,,,2026-08-11,Svetlana,Luffenholtz Beach,"Rocky shore and beach mixed with rocky outcrops, cobble fields, tide pools, kelp and algal cover, low IT in some areas with urchin barrens",sand,shovel,,Genus,
CAEU-0699,HUMB-03A,3A,,1,Proseriata sp. 1,y,y,y,"eth+WM, cut in half, head missing",Yander L. Diez,2026-08-12,,142027,Proseriata,Animalia,Platyhelminthes,,Proseriata,,,,,,2026-08-11,Svetlana,Luffenholtz Beach,"Rocky shore and beach mixed with rocky outcrops, cobble fields, tide pools, kelp and algal cover, low IT in some areas with urchin barrens",sand,shovel,,Higher,
CAEU-0700,HUMB-03A,3A,,1,Schizorhynchia sp. 1,y,,y,WM,Yander L. Diez,2026-08-12,,155663,Schizorhynchia,Animalia,Platyhelminthes,,Rhabdocoela,,,,,,2026-08-11,Svetlana,Luffenholtz Beach,"Rocky shore and beach mixed with rocky outcrops, cobble fields, tide pools, kelp and algal cover, low IT in some areas with urchin barrens",sand,shovel,,Higher,
CAEU-0701,HUMB-03B,3B,,1,Plagiostomum sp. 4,y,y,,eth,Yander L. Diez,2026-08-12,,142260,Plagiostomum,Animalia,Platyhelminthes,,Prolecithophora,Plagiostomidae,Plagiostomum,,,,2026-08-11,Svetlana,Luffenholtz Beach,"Rocky shore and beach mixed with rocky outcrops, cobble fields, tide pools, kelp and algal cover, low IT in some areas with urchin barrens",high intertidal on rocks,hand,,Genus,
CAEU-0702,HUMB-03A,3A,,1,Vejdovskya sp. 2,y,,y,WM,Yander L. Diez,2026-08-12,,142296,Vejdovskya,Animalia,Platyhelminthes,,Rhabdocoela,Provorticidae,Vejdovskya,,,,2026-08-11,Svetlana,Luffenholtz Beach,"Rocky shore and beach mixed with rocky outcrops, cobble fields, tide pools, kelp and algal cover, low IT in some areas with urchin barrens",sand,shovel,,Genus,
CAEU-0703,HUMB-03A,3A,,1,Cicerina sp. 2,y,,y,WM,Yander L. Diez,2026-08-12,,142311,Cicerina,Animalia,Platyhelminthes,,Rhabdocoela,Cicerinidae,Cicerina,,,,2026-08-11,Svetlana,Luffenholtz Beach,"Rocky shore and beach mixed with rocky outcrops, cobble fields, tide pools, kelp and algal cover, low IT in some areas with urchin barrens",sand,shovel,,Genus,
CAEU-0704,HUMB-03A,3A,,1,Cicerina sp. 1,y,,,eth,Yander L. Diez,2026-08-12,,142311,Cicerina,Animalia,Platyhelminthes,,Rhabdocoela,Cicerinidae,Cicerina,,,,2026-08-11,Svetlana,Luffenholtz Beach,"Rocky shore and beach mixed with rocky outcrops, cobble fields, tide pools, kelp and algal cover, low IT in some areas with urchin barrens",sand,shovel,,Genus,
CAEU-0705,HUMB-03C,3C,,1,Plagiostomum sp. 1,y,y,,eth,Yander L. Diez,2026-08-12,,142260,Plagiostomum,Animalia,Platyhelminthes,,Prolecithophora,Plagiostomidae,Plagiostomum,,,,2026-08-11,Svetlana,Luffenholtz Beach,"Rocky shore and beach mixed with rocky outcrops, cobble fields, tide pools, kelp and algal cover, low IT in some areas with urchin barrens","detached holdfasts, rootmass, well sanded, low IT on rocks",sweat,,Genus,
CAEU-0706,HUMB-03C,3C,,1,Plagiostomum sp. 1,y,y,,eth,Yander L. Diez,2026-08-12,,142260,Plagiostomum,Animalia,Platyhelminthes,,Prolecithophora,Plagiostomidae,Plagiostomum,,,,2026-08-11,Svetlana,Luffenholtz Beach,"Rocky shore and beach mixed with rocky outcrops, cobble fields, tide pools, kelp and algal cover, low IT in some areas with urchin barrens","detached holdfasts, rootmass, well sanded, low IT on rocks",sweat,,Genus,
CAEU-0707,HUMB-03C,3C,,1,Plagiostomum sp. 4,y,y,,eth,Yander L. Diez,2026-08-12,,142260,Plagiostomum,Animalia,Platyhelminthes,,Prolecithophora,Plagiostomidae,Plagiostomum,,,,2026-08-11,Svetlana,Luffenholtz Beach,"Rocky shore and beach mixed with rocky outcrops, cobble fields, tide pools, kelp and algal cover, low IT in some areas with urchin barrens","detached holdfasts, rootmass, well sanded, low IT on rocks",sweat,,Genus,
CAEU-0708,HUMB-03C,3C,,1,Ceratopera pacifica,y,,y,WM,Yander L. Diez,2026-08-12,,1067026,Ceratopera pacifica,Animalia,Platyhelminthes,,Rhabdocoela,Trigonostomidae,Ceratopera,,pacifica,,2026-08-11,Svetlana,Luffenholtz Beach,"Rocky shore and beach mixed with rocky outcrops, cobble fields, tide pools, kelp and algal cover, low IT in some areas with urchin barrens","detached holdfasts, rootmass, well sanded, low IT on rocks",sweat,,Species,
CAEU-0709,HUMB-03C,3C,,1,Ceratopera pacifica,y,y,,eth,Yander L. Diez,2026-08-12,,1067026,Ceratopera pacifica,Animalia,Platyhelminthes,,Rhabdocoela,Trigonostomidae,Ceratopera,,pacifica,,2026-08-11,Svetlana,Luffenholtz Beach,"Rocky shore and beach mixed with rocky outcrops, cobble fields, tide pools, kelp and algal cover, low IT in some areas with urchin barrens","detached holdfasts, rootmass, well sanded, low IT on rocks",sweat,,Species,
CAEU-0710,HUMB-03C,3C,,1,Polycystis sp. 1,y,y,,eth,Yander L. Diez,2026-08-12,,142379,Polycystis,Animalia,Platyhelminthes,,Rhabdocoela,Polycystididae,Polycystis,,,,2026-08-11,Svetlana,Luffenholtz Beach,"Rocky shore and beach mixed with rocky outcrops, cobble fields, tide pools, kelp and algal cover, low IT in some areas with urchin barrens","detached holdfasts, rootmass, well sanded, low IT on rocks",sweat,,Genus,
CAEU-0711,HUMB-03C,3C,,1,Polycystis sp. 1,y,,y,WM,Yander L. Diez,2026-08-12,,142379,Polycystis,Animalia,Platyhelminthes,,Rhabdocoela,Polycystididae,Polycystis,,,,2026-08-11,Svetlana,Luffenholtz Beach,"Rocky shore and beach mixed with rocky outcrops, cobble fields, tide pools, kelp and algal cover, low IT in some areas with urchin barrens","detached holdfasts, rootmass, well sanded, low IT on rocks",sweat,,Genus,
CAEU-0712,HUMB-03C,3C,,1,Solenopharyngidae sp. 2,y,,y,WM,Yander L. Diez,2026-08-12,,142105,Solenopharyngidae,Animalia,Platyhelminthes,,Rhabdocoela,Solenopharyngidae,,,,,2026-08-11,Svetlana,Luffenholtz Beach,"Rocky shore and beach mixed with rocky outcrops, cobble fields, tide pools, kelp and algal cover, low IT in some areas with urchin barrens","detached holdfasts, rootmass, well sanded, low IT on rocks",sweat,,Family,
CAEU-0713,HUMB-03C,3C,,1,Solenopharyngidae sp. 2,y,y,,eth,Yander L. Diez,2026-08-12,,142105,Solenopharyngidae,Animalia,Platyhelminthes,,Rhabdocoela,Solenopharyngidae,,,,,2026-08-11,Svetlana,Luffenholtz Beach,"Rocky shore and beach mixed with rocky outcrops, cobble fields, tide pools, kelp and algal cover, low IT in some areas with urchin barrens","detached holdfasts, rootmass, well sanded, low IT on rocks",sweat,,Family,
CAEU-0714,HUMB-03C,3C,,1,Solenopharyngidae sp. 2,y,,y,Bouin - histology,Yander L. Diez,2026-08-12,,142105,Solenopharyngidae,Animalia,Platyhelminthes,,Rhabdocoela,Solenopharyngidae,,,,,2026-08-11,Svetlana,Luffenholtz Beach,"Rocky shore and beach mixed with rocky outcrops, cobble fields, tide pools, kelp and algal cover, low IT in some areas with urchin barrens","detached holdfasts, rootmass, well sanded, low IT on rocks",sweat,,Family,
CAEU-0715,HUMB-03C,3C,,1,Plagiostomum sp. 3,,,y,Bouin - histology,Yander L. Diez,2026-08-12,,142260,Plagiostomum,Animalia,Platyhelminthes,,Prolecithophora,Plagiostomidae,Plagiostomum,,,,2026-08-11,Svetlana,Luffenholtz Beach,"Rocky shore and beach mixed with rocky outcrops, cobble fields, tide pools, kelp and algal cover, low IT in some areas with urchin barrens","detached holdfasts, rootmass, well sanded, low IT on rocks",sweat,,Genus,
CAEU-0716,HUMB-03C,3C,,2,Plagiostomum sp. 1,,,y,Bouin - histology,Yander L. Diez,2026-08-12,,142260,Plagiostomum,Animalia,Platyhelminthes,,Prolecithophora,Plagiostomidae,Plagiostomum,,,,2026-08-11,Svetlana,Luffenholtz Beach,"Rocky shore and beach mixed with rocky outcrops, cobble fields, tide pools, kelp and algal cover, low IT in some areas with urchin barrens","detached holdfasts, rootmass, well sanded, low IT on rocks",sweat,,Genus,
CAEU-0717,HUMB-03C,3C,,1,Solenopharyngidae sp. 2,y,,y,eth,Yander L. Diez,2026-08-12,,142105,Solenopharyngidae,Animalia,Platyhelminthes,,Rhabdocoela,Solenopharyngidae,,,,,2026-08-11,Svetlana,Luffenholtz Beach,"Rocky shore and beach mixed with rocky outcrops, cobble fields, tide pools, kelp and algal cover, low IT in some areas with urchin barrens","detached holdfasts, rootmass, well sanded, low IT on rocks",sweat,,Family,
CAEU-0718,HUMB-03C,3C,,1,Prolecithophora sp. 2,y,y,,eth,Yander L. Diez,2026-08-12,,2854,Prolecithophora,Animalia,Platyhelminthes,,Prolecithophora,,,,,,2026-08-11,Svetlana,Luffenholtz Beach,"Rocky shore and beach mixed with rocky outcrops, cobble fields, tide pools, kelp and algal cover, low IT in some areas with urchin barrens","detached holdfasts, rootmass, well sanded, low IT on rocks",sweat,,Higher,
CAEU-0719,HUMB-03D,3D,,1,Prolecithophora sp. 3,y,y,,eth,Yander L. Diez,2026-08-12,,2854,Prolecithophora,Animalia,Platyhelminthes,,Prolecithophora,,,,,,2026-08-11,Svetlana,Luffenholtz Beach,"Rocky shore and beach mixed with rocky outcrops, cobble fields, tide pools, kelp and algal cover, low IT in some areas with urchin barrens",diverse red algae,sweat,,Higher,
CAEU-0720,HUMB-03D,3D,,1,Prolecithophora sp. 3,y,y,,eth,Yander L. Diez,2026-08-12,,2854,Prolecithophora,Animalia,Platyhelminthes,,Prolecithophora,,,,,,2026-08-11,Svetlana,Luffenholtz Beach,"Rocky shore and beach mixed with rocky outcrops, cobble fields, tide pools, kelp and algal cover, low IT in some areas with urchin barrens",diverse red algae,sweat,,Higher,
CAEU-0721,2,2,,1,Pectinidae,,,,,Slapcinsky,2026-08-11,,213,Pectinidae,Animalia,Mollusca,Bivalvia,Pectinida,Pectinidae,,,,,2026-08-10,"Svetlana, Gustav",Crescent City N of Lighthouse,"boulders and rocks, with sand in between",,hand,,Family,
CAEU-0722,3B,3B,,1,Amphissa,,,,,Slapcinsky,2026-08-11,,137801,Amphissa,Animalia,Mollusca,Gastropoda,Neogastropoda,Columbellidae,Amphissa,,,,2026-08-11,Svetlana,Luffenholtz Beach,"Rocky shore and beach mixed with rocky outcrops, cobble fields, tide pools, kelp and algal cover, low IT in some areas with urchin barrens",high intertidal on rocks,hand,,Genus,
CAEU-0723,3,3,,1,Lottia,,,,rough,Slapcinsky,2026-08-11,,160336,Lottia,Animalia,Mollusca,Gastropoda,Nacellida,Lottiidae,Lottia,,,,2026-08-11,"Kathy Ann, Svetlana, John, Soma, Gustav, Yander, Terry, Robin, Siena, Ciara, Isabel, Julien",Luffenholtz Beach,"Rocky shore and beach mixed with rocky outcrops, cobble fields, tide pools, kelp and algal cover, low IT in some areas with urchin barrens",,,,Genus,
CAEU-0724,3,3,,1,Polyplacophora,,,,spotted,Slapcinsky,2026-08-11,,55,Polyplacophora,Animalia,Mollusca,Polyplacophora,,,,,,,2026-08-11,"Kathy Ann, Svetlana, John, Soma, Gustav, Yander, Terry, Robin, Siena, Ciara, Isabel, Julien",Luffenholtz Beach,"Rocky shore and beach mixed with rocky outcrops, cobble fields, tide pools, kelp and algal cover, low IT in some areas with urchin barrens",,,,Higher,
CAEU-0725,3,3,,1,Polyplacophora,,,,spotted,Slapcinsky,2026-08-11,,55,Polyplacophora,Animalia,Mollusca,Polyplacophora,,,,,,,2026-08-11,"Kathy Ann, Svetlana, John, Soma, Gustav, Yander, Terry, Robin, Siena, Ciara, Isabel, Julien",Luffenholtz Beach,"Rocky shore and beach mixed with rocky outcrops, cobble fields, tide pools, kelp and algal cover, low IT in some areas with urchin barrens",,,,Higher,
CAEU-0726,3,3,,1,Lottia,,,,tesselate,Slapcinsky,2026-08-11,,160336,Lottia,Animalia,Mollusca,Gastropoda,Nacellida,Lottiidae,Lottia,,,,2026-08-11,"Kathy Ann, Svetlana, John, Soma, Gustav, Yander, Terry, Robin, Siena, Ciara, Isabel, Julien",Luffenholtz Beach,"Rocky shore and beach mixed with rocky outcrops, cobble fields, tide pools, kelp and algal cover, low IT in some areas with urchin barrens",,,,Genus,
CAEU-0727,3,3,,1,Lottia,,,,tesselate,Slapcinsky,2026-08-11,,160336,Lottia,Animalia,Mollusca,Gastropoda,Nacellida,Lottiidae,Lottia,,,,2026-08-11,"Kathy Ann, Svetlana, John, Soma, Gustav, Yander, Terry, Robin, Siena, Ciara, Isabel, Julien",Luffenholtz Beach,"Rocky shore and beach mixed with rocky outcrops, cobble fields, tide pools, kelp and algal cover, low IT in some areas with urchin barrens",,,,Genus,
CAEU-0728,2,2,CAEU-0022,1,Neritoidea,,,,,Slapcinsky,2026-08-11,,196314,Neritoidea,Animalia,Mollusca,Gastropoda,Cycloneritida,,,,,,2026-08-10,"Svetlana, Gustav",Crescent City N of Lighthouse,"boulders and rocks, with sand in between",,hand,,Higher,
CAEU-0729,2,2,CAEU-0021,1,Barleeia,,,,,Slapcinsky,2026-08-11,,137690,Barleeia,Animalia,Mollusca,Gastropoda,Littorinimorpha,Barleeiidae,Barleeia,,,,2026-08-10,"Svetlana, Gustav",Crescent City N of Lighthouse,"boulders and rocks, with sand in between",,hand,,Genus,
CAEU-0730,2,2,CAEU-0021,6,Barleeia,,,,bulk,Slapcinsky,2026-08-11,,137690,Barleeia,Animalia,Mollusca,Gastropoda,Littorinimorpha,Barleeiidae,Barleeia,,,,2026-08-10,"Svetlana, Gustav",Crescent City N of Lighthouse,"boulders and rocks, with sand in between",,hand,,Genus,
CAEU-0731,3,3,,1,Polyplacophora,,,,spotted?,Slapcinsky,2026-08-11,,55,Polyplacophora,Animalia,Mollusca,Polyplacophora,,,,,,,2026-08-11,"Kathy Ann, Svetlana, John, Soma, Gustav, Yander, Terry, Robin, Siena, Ciara, Isabel, Julien",Luffenholtz Beach,"Rocky shore and beach mixed with rocky outcrops, cobble fields, tide pools, kelp and algal cover, low IT in some areas with urchin barrens",,,,Higher,
CAEU-0732,3,3,,1,Lacuna,,,,,Slapcinsky,2026-08-11,,138099,Lacuna,Animalia,Mollusca,Gastropoda,Littorinimorpha,Littorinidae,Lacuna,,,,2026-08-11,"Kathy Ann, Svetlana, John, Soma, Gustav, Yander, Terry, Robin, Siena, Ciara, Isabel, Julien",Luffenholtz Beach,"Rocky shore and beach mixed with rocky outcrops, cobble fields, tide pools, kelp and algal cover, low IT in some areas with urchin barrens",,,,Genus,
CAEU-0733,3,3,,1,Lacuna,,,,,Slapcinsky,2026-08-11,,138099,Lacuna,Animalia,Mollusca,Gastropoda,Littorinimorpha,Littorinidae,Lacuna,,,,2026-08-11,"Kathy Ann, Svetlana, John, Soma, Gustav, Yander, Terry, Robin, Siena, Ciara, Isabel, Julien",Luffenholtz Beach,"Rocky shore and beach mixed with rocky outcrops, cobble fields, tide pools, kelp and algal cover, low IT in some areas with urchin barrens",,,,Genus,
CAEU-0734,3,3,,8,Lacuna,,,,bulk,Slapcinsky,2026-08-11,,138099,Lacuna,Animalia,Mollusca,Gastropoda,Littorinimorpha,Littorinidae,Lacuna,,,,2026-08-11,"Kathy Ann, Svetlana, John, Soma, Gustav, Yander, Terry, Robin, Siena, Ciara, Isabel, Julien",Luffenholtz Beach,"Rocky shore and beach mixed with rocky outcrops, cobble fields, tide pools, kelp and algal cover, low IT in some areas with urchin barrens",,,,Genus,
CAEU-0735,3,3,,9,Lottia,,,,tesselate bulk,Slapcinsky,2026-08-11,,160336,Lottia,Animalia,Mollusca,Gastropoda,Nacellida,Lottiidae,Lottia,,,,2026-08-11,"Kathy Ann, Svetlana, John, Soma, Gustav, Yander, Terry, Robin, Siena, Ciara, Isabel, Julien",Luffenholtz Beach,"Rocky shore and beach mixed with rocky outcrops, cobble fields, tide pools, kelp and algal cover, low IT in some areas with urchin barrens",,,,Genus,
CAEU-0736,3,3,,2,Polyplacophora,,,,rayed valves spotted girdle,Slapcinsky,2026-08-11,,55,Polyplacophora,Animalia,Mollusca,Polyplacophora,,,,,,,2026-08-11,"Kathy Ann, Svetlana, John, Soma, Gustav, Yander, Terry, Robin, Siena, Ciara, Isabel, Julien",Luffenholtz Beach,"Rocky shore and beach mixed with rocky outcrops, cobble fields, tide pools, kelp and algal cover, low IT in some areas with urchin barrens",,,,Higher,
CAEU-0737,3,3,,9,Polyplacophora,,,,ridged valves with pustules,Slapcinsky,2026-08-11,,55,Polyplacophora,Animalia,Mollusca,Polyplacophora,,,,,,,2026-08-11,"Kathy Ann, Svetlana, John, Soma, Gustav, Yander, Terry, Robin, Siena, Ciara, Isabel, Julien",Luffenholtz Beach,"Rocky shore and beach mixed with rocky outcrops, cobble fields, tide pools, kelp and algal cover, low IT in some areas with urchin barrens",,,,Higher,
CAEU-0738,6,6,,1,Megalorchestia californica,,,,,Slapcinsky,2026-08-11,,556789,Megalorchestia californiana,Animalia,Arthropoda,Malacostraca,Amphipoda,Talitridae,Megalorchestia,,californiana,,2026-08-12,"Kathy Ann, Svetlana, John, Soma, Gustav, Yander, Terry, Robin, Siena, Ciara, Isabel, Sadie, Julien",Old Home Beach,Rocky intertidal with rock ledges,,hand,,Species,
CAEU-0739,7,7,,1,Nucella ostrina,,,,,Slapcinsky,2026-08-11,,404225,Nucella ostrina,Animalia,Mollusca,Gastropoda,Neogastropoda,Muricidae,Nucella,,ostrina,,2026-08-13,"Kathy Ann, Svetlana, John, Soma, Gustav, Yander, Terry, Robin, Siena, Ciara, Isabel, Sadie, Julien",Baker's Beach,"Rocky shore and beach mixed with rocky outcrops, cobble fields, tide pools, kelp and algal cover, low IT with urchin barrens",,"hand, general",,Species,
CAEU-0740,7,7,,1,Nucella ostrina,,,,,Slapcinsky,2026-08-11,,404225,Nucella ostrina,Animalia,Mollusca,Gastropoda,Neogastropoda,Muricidae,Nucella,,ostrina,,2026-08-13,"Kathy Ann, Svetlana, John, Soma, Gustav, Yander, Terry, Robin, Siena, Ciara, Isabel, Sadie, Julien",Baker's Beach,"Rocky shore and beach mixed with rocky outcrops, cobble fields, tide pools, kelp and algal cover, low IT with urchin barrens",,"hand, general",,Species,
CAEU-0741,7,7,,5,Nucella ostrina,,,,bulk,Slapcinsky,2026-08-11,,404225,Nucella ostrina,Animalia,Mollusca,Gastropoda,Neogastropoda,Muricidae,Nucella,,ostrina,,2026-08-13,"Kathy Ann, Svetlana, John, Soma, Gustav, Yander, Terry, Robin, Siena, Ciara, Isabel, Sadie, Julien",Baker's Beach,"Rocky shore and beach mixed with rocky outcrops, cobble fields, tide pools, kelp and algal cover, low IT with urchin barrens",,"hand, general",,Species,
CAEU-0742,7,7,,1,Ceratostoma foliatum,,,,,Slapcinsky,2026-08-11,,240767,Ceratostoma foliatum,Animalia,Mollusca,Gastropoda,Neogastropoda,Muricidae,Ceratostoma,,foliatum,,2026-08-13,"Kathy Ann, Svetlana, John, Soma, Gustav, Yander, Terry, Robin, Siena, Ciara, Isabel, Sadie, Julien",Baker's Beach,"Rocky shore and beach mixed with rocky outcrops, cobble fields, tide pools, kelp and algal cover, low IT with urchin barrens",,"hand, general",,Species,
CAEU-0743,7,7,,1,Ceratostoma foliatum,,,,,Slapcinsky,2026-08-11,,240767,Ceratostoma foliatum,Animalia,Mollusca,Gastropoda,Neogastropoda,Muricidae,Ceratostoma,,foliatum,,2026-08-13,"Kathy Ann, Svetlana, John, Soma, Gustav, Yander, Terry, Robin, Siena, Ciara, Isabel, Sadie, Julien",Baker's Beach,"Rocky shore and beach mixed with rocky outcrops, cobble fields, tide pools, kelp and algal cover, low IT with urchin barrens",,"hand, general",,Species,
CAEU-0744,7,7,,3,Ceratostoma foliatum,,,,bulk,Slapcinsky,2026-08-11,,240767,Ceratostoma foliatum,Animalia,Mollusca,Gastropoda,Neogastropoda,Muricidae,Ceratostoma,,foliatum,,2026-08-13,"Kathy Ann, Svetlana, John, Soma, Gustav, Yander, Terry, Robin, Siena, Ciara, Isabel, Sadie, Julien",Baker's Beach,"Rocky shore and beach mixed with rocky outcrops, cobble fields, tide pools, kelp and algal cover, low IT with urchin barrens",,"hand, general",,Species,
CAEU-0745,7,7,,1,Acmaea mitra,,,,,Slapcinsky,2026-08-11,,456582,Acmaea mitra,Animalia,Mollusca,Gastropoda,Nacellida,Acmaeidae,Acmaea,,mitra,,2026-08-13,"Kathy Ann, Svetlana, John, Soma, Gustav, Yander, Terry, Robin, Siena, Ciara, Isabel, Sadie, Julien",Baker's Beach,"Rocky shore and beach mixed with rocky outcrops, cobble fields, tide pools, kelp and algal cover, low IT with urchin barrens",,"hand, general",,Species,
CAEU-0746,7,7,,1,Acmaea mitra,,,,,Slapcinsky,2026-08-11,,456582,Acmaea mitra,Animalia,Mollusca,Gastropoda,Nacellida,Acmaeidae,Acmaea,,mitra,,2026-08-13,"Kathy Ann, Svetlana, John, Soma, Gustav, Yander, Terry, Robin, Siena, Ciara, Isabel, Sadie, Julien",Baker's Beach,"Rocky shore and beach mixed with rocky outcrops, cobble fields, tide pools, kelp and algal cover, low IT with urchin barrens",,"hand, general",,Species,
CAEU-0747,7,7,,1,Tonicella lokii,,,,,Slapcinsky,2026-08-11,,386442,Tonicella lokii,Animalia,Mollusca,Polyplacophora,Chitonida,Tonicellidae,Tonicella,,lokii,,2026-08-13,"Kathy Ann, Svetlana, John, Soma, Gustav, Yander, Terry, Robin, Siena, Ciara, Isabel, Sadie, Julien",Baker's Beach,"Rocky shore and beach mixed with rocky outcrops, cobble fields, tide pools, kelp and algal cover, low IT with urchin barrens",,"hand, general",,Species,
CAEU-0748,7,7,,1,Tonicella lokii,,,,,Slapcinsky,2026-08-11,,386442,Tonicella lokii,Animalia,Mollusca,Polyplacophora,Chitonida,Tonicellidae,Tonicella,,lokii,,2026-08-13,"Kathy Ann, Svetlana, John, Soma, Gustav, Yander, Terry, Robin, Siena, Ciara, Isabel, Sadie, Julien",Baker's Beach,"Rocky shore and beach mixed with rocky outcrops, cobble fields, tide pools, kelp and algal cover, low IT with urchin barrens",,"hand, general",,Species,
CAEU-0749,7,7,,1,Tonicella lineata,,,,,Slapcinsky,2026-08-11,,386441,Tonicella lineata,Animalia,Mollusca,Polyplacophora,Chitonida,Tonicellidae,Tonicella,,lineata,,2026-08-13,"Kathy Ann, Svetlana, John, Soma, Gustav, Yander, Terry, Robin, Siena, Ciara, Isabel, Sadie, Julien",Baker's Beach,"Rocky shore and beach mixed with rocky outcrops, cobble fields, tide pools, kelp and algal cover, low IT with urchin barrens",,"hand, general",,Species,
CAEU-0750,7,7,,1,Tonicella lineata,,,,,Slapcinsky,2026-08-11,,386441,Tonicella lineata,Animalia,Mollusca,Polyplacophora,Chitonida,Tonicellidae,Tonicella,,lineata,,2026-08-13,"Kathy Ann, Svetlana, John, Soma, Gustav, Yander, Terry, Robin, Siena, Ciara, Isabel, Sadie, Julien",Baker's Beach,"Rocky shore and beach mixed with rocky outcrops, cobble fields, tide pools, kelp and algal cover, low IT with urchin barrens",,"hand, general",,Species,
CAEU-0751,HUMB 03,3,,1,caprellidae,X,X,/,alive,Siena McKim,2026-08-11,,101361,Caprellidae,Animalia,Arthropoda,Malacostraca,Amphipoda,Caprellidae,,,,,2026-08-11,"Kathy Ann, Svetlana, John, Soma, Gustav, Yander, Terry, Robin, Siena, Ciara, Isabel, Julien",Luffenholtz Beach,"Rocky shore and beach mixed with rocky outcrops, cobble fields, tide pools, kelp and algal cover, low IT in some areas with urchin barrens",,,,Family,
CAEU-0752,HUMB 03,3,,1,Synamphithoe lindbergi,X,X,/,,Siena McKim,2026-08-11,,1007417,Sunamphitoe lindbergi,Animalia,Arthropoda,Malacostraca,Amphipoda,Ampithoidae,Sunamphitoe,,lindbergi,,2026-08-11,"Kathy Ann, Svetlana, John, Soma, Gustav, Yander, Terry, Robin, Siena, Ciara, Isabel, Julien",Luffenholtz Beach,"Rocky shore and beach mixed with rocky outcrops, cobble fields, tide pools, kelp and algal cover, low IT in some areas with urchin barrens",,,,Species,
CAEU-0753,HUMB 06,6,,1,Podocerus cristatus,/,X,/,,Siena McKim,2026-08-11,,103053,Podocerus cristatus,Animalia,Arthropoda,Malacostraca,Amphipoda,Podoceridae,Podocerus,,cristatus,,2026-08-12,"Kathy Ann, Svetlana, John, Soma, Gustav, Yander, Terry, Robin, Siena, Ciara, Isabel, Sadie, Julien",Old Home Beach,Rocky intertidal with rock ledges,,hand,,Species,
CAEU-0754,HUMB 06,6,,1,Podocerus cristatus,/,X,/,,Siena McKim,2026-08-11,,103053,Podocerus cristatus,Animalia,Arthropoda,Malacostraca,Amphipoda,Podoceridae,Podocerus,,cristatus,,2026-08-12,"Kathy Ann, Svetlana, John, Soma, Gustav, Yander, Terry, Robin, Siena, Ciara, Isabel, Sadie, Julien",Old Home Beach,Rocky intertidal with rock ledges,,hand,,Species,
CAEU-0755,HUMB 06,6,,1,Podocerus cristatus,/,/,X,,Siena McKim,2026-08-11,,103053,Podocerus cristatus,Animalia,Arthropoda,Malacostraca,Amphipoda,Podoceridae,Podocerus,,cristatus,,2026-08-12,"Kathy Ann, Svetlana, John, Soma, Gustav, Yander, Terry, Robin, Siena, Ciara, Isabel, Sadie, Julien",Old Home Beach,Rocky intertidal with rock ledges,,hand,,Species,
CAEU-0756,HUMB 06,6,,1,Podocerus cristatus,X,/,X,,Siena McKim,2026-08-11,,103053,Podocerus cristatus,Animalia,Arthropoda,Malacostraca,Amphipoda,Podoceridae,Podocerus,,cristatus,,2026-08-12,"Kathy Ann, Svetlana, John, Soma, Gustav, Yander, Terry, Robin, Siena, Ciara, Isabel, Sadie, Julien",Old Home Beach,Rocky intertidal with rock ledges,,hand,,Species,
CAEU-0757,HUMB 06,6,,8,Podocerus cristatus,X,X,/,bulk,Siena McKim,2026-08-11,,103053,Podocerus cristatus,Animalia,Arthropoda,Malacostraca,Amphipoda,Podoceridae,Podocerus,,cristatus,,2026-08-12,"Kathy Ann, Svetlana, John, Soma, Gustav, Yander, Terry, Robin, Siena, Ciara, Isabel, Sadie, Julien",Old Home Beach,Rocky intertidal with rock ledges,,hand,,Species,
CAEU-0758,HUMB 06,6,,1,Thorlaksonius platypus,/,X,/,♀,Siena McKim,2026-08-11,,549709,Thorlaksonius platypus,Animalia,Arthropoda,Malacostraca,Amphipoda,Pleustidae,Thorlaksonius,,platypus,,2026-08-12,"Kathy Ann, Svetlana, John, Soma, Gustav, Yander, Terry, Robin, Siena, Ciara, Isabel, Sadie, Julien",Old Home Beach,Rocky intertidal with rock ledges,,hand,,Species,
CAEU-0759,HUMB 06,6,,1,Caprellidae sp. 1,/,X,/,,Siena McKim,2026-08-11,,101361,Caprellidae,Animalia,Arthropoda,Malacostraca,Amphipoda,Caprellidae,,,,,2026-08-12,"Kathy Ann, Svetlana, John, Soma, Gustav, Yander, Terry, Robin, Siena, Ciara, Isabel, Sadie, Julien",Old Home Beach,Rocky intertidal with rock ledges,,hand,,Family,
CAEU-0760,HUMB 06,6,,1,Caprellidae sp. 2,/,X,/,♀,Siena McKim,2026-08-11,,101361,Caprellidae,Animalia,Arthropoda,Malacostraca,Amphipoda,Caprellidae,,,,,2026-08-12,"Kathy Ann, Svetlana, John, Soma, Gustav, Yander, Terry, Robin, Siena, Ciara, Isabel, Sadie, Julien",Old Home Beach,Rocky intertidal with rock ledges,,hand,,Family,
CAEU-0761,HUMB 06,6,,1,Photis sp. 2,X,X,/,♀ can't ID,Siena McKim,2026-08-11,,101563,Photis,Animalia,Arthropoda,Malacostraca,Amphipoda,Photidae,Photis,,,,2026-08-12,"Kathy Ann, Svetlana, John, Soma, Gustav, Yander, Terry, Robin, Siena, Ciara, Isabel, Sadie, Julien",Old Home Beach,Rocky intertidal with rock ledges,,hand,,Genus,
CAEU-0762,HUMB 06,6,,1,Accedomoera vagor,/,X,/,,Siena McKim,2026-08-11,,550289,Accedomoera vagor,Animalia,Arthropoda,Malacostraca,Amphipoda,Pontogeneiidae,Accedomoera,,vagor,,2026-08-12,"Kathy Ann, Svetlana, John, Soma, Gustav, Yander, Terry, Robin, Siena, Ciara, Isabel, Sadie, Julien",Old Home Beach,Rocky intertidal with rock ledges,,hand,,Species,
CAEU-0763,HUMB 06,6,,1,Accedomoera vagor,/,/,X,,Siena McKim,2026-08-11,,550289,Accedomoera vagor,Animalia,Arthropoda,Malacostraca,Amphipoda,Pontogeneiidae,Accedomoera,,vagor,,2026-08-12,"Kathy Ann, Svetlana, John, Soma, Gustav, Yander, Terry, Robin, Siena, Ciara, Isabel, Sadie, Julien",Old Home Beach,Rocky intertidal with rock ledges,,hand,,Species,
CAEU-0764,HUMB 06,6,,1,Accedomoera vagor,X,/,X,,Siena McKim,2026-08-11,,550289,Accedomoera vagor,Animalia,Arthropoda,Malacostraca,Amphipoda,Pontogeneiidae,Accedomoera,,vagor,,2026-08-12,"Kathy Ann, Svetlana, John, Soma, Gustav, Yander, Terry, Robin, Siena, Ciara, Isabel, Sadie, Julien",Old Home Beach,Rocky intertidal with rock ledges,,hand,,Species,
CAEU-0765,HUMB 06,6,,1,Accedomoera vagor,X,X,/,,Siena McKim,2026-08-11,,550289,Accedomoera vagor,Animalia,Arthropoda,Malacostraca,Amphipoda,Pontogeneiidae,Accedomoera,,vagor,,2026-08-12,"Kathy Ann, Svetlana, John, Soma, Gustav, Yander, Terry, Robin, Siena, Ciara, Isabel, Sadie, Julien",Old Home Beach,Rocky intertidal with rock ledges,,hand,,Species,
CAEU-0766,HUMB 06,6,,1,Accedomoera vagor,X,X,/,bulk,Siena McKim,2026-08-11,,550289,Accedomoera vagor,Animalia,Arthropoda,Malacostraca,Amphipoda,Pontogeneiidae,Accedomoera,,vagor,,2026-08-12,"Kathy Ann, Svetlana, John, Soma, Gustav, Yander, Terry, Robin, Siena, Ciara, Isabel, Sadie, Julien",Old Home Beach,Rocky intertidal with rock ledges,,hand,,Species,
CAEU-0767,HUMB 06,6,,1,Paracalliopiella pratti,X,X,/,not good shape,Siena McKim,2026-08-11,,430753,Paracalliopiella pratti,Animalia,Arthropoda,Malacostraca,Amphipoda,Calliopiidae,Paracalliopiella,,pratti,,2026-08-12,"Kathy Ann, Svetlana, John, Soma, Gustav, Yander, Terry, Robin, Siena, Ciara, Isabel, Sadie, Julien",Old Home Beach,Rocky intertidal with rock ledges,,hand,,Species,
CAEU-0768,HUMB 06C,6C,,1,Apolochus barnardi,/,/,X,,Siena McKim,2026-08-11,,488405,Apolochus barnardi,Animalia,Arthropoda,Malacostraca,Amphipoda,Amphilochidae,Apolochus,,barnardi,,2026-08-12,Soma,Old Home Beach,Rocky intertidal with rock ledges,scrapings from rocks,sweat & pick,,Species,
CAEU-0769,HUMB 06C,6C,,1,Apolochus barnardi,/,X,X,,Siena McKim,2026-08-11,,488405,Apolochus barnardi,Animalia,Arthropoda,Malacostraca,Amphipoda,Amphilochidae,Apolochus,,barnardi,,2026-08-12,Soma,Old Home Beach,Rocky intertidal with rock ledges,scrapings from rocks,sweat & pick,,Species,
CAEU-0770,HUMB 06C,6C,,1,Apolochus barnardi,X,/,X,,Siena McKim,2026-08-11,,488405,Apolochus barnardi,Animalia,Arthropoda,Malacostraca,Amphipoda,Amphilochidae,Apolochus,,barnardi,,2026-08-12,Soma,Old Home Beach,Rocky intertidal with rock ledges,scrapings from rocks,sweat & pick,,Species,
CAEU-0771,HUMB 06C,6C,,1,Apolochus barnardi,X,/,X,,Siena McKim,2026-08-11,,488405,Apolochus barnardi,Animalia,Arthropoda,Malacostraca,Amphipoda,Amphilochidae,Apolochus,,barnardi,,2026-08-12,Soma,Old Home Beach,Rocky intertidal with rock ledges,scrapings from rocks,sweat & pick,,Species,
CAEU-0772,HUMB 06C,6C,,1,Apolochus barnardi,X,X,/,bulk,Siena McKim,2026-08-11,,488405,Apolochus barnardi,Animalia,Arthropoda,Malacostraca,Amphipoda,Amphilochidae,Apolochus,,barnardi,,2026-08-12,Soma,Old Home Beach,Rocky intertidal with rock ledges,scrapings from rocks,sweat & pick,,Species,
CAEU-0773,HUMB 06C,6C,,1,Ericthonius brasiliensis,/,X,/,large male with tube,Siena McKim,2026-08-11,,102401,Ericthonius brasiliensis,Animalia,Arthropoda,Malacostraca,Amphipoda,Ischyroceridae,Ericthonius,,brasiliensis,,2026-08-12,Soma,Old Home Beach,Rocky intertidal with rock ledges,scrapings from rocks,sweat & pick,,Species,
CAEU-0774,HUMB 06C,6C,,1,Ericthonius brasiliensis,/,/,X,,Siena McKim,2026-08-11,,102401,Ericthonius brasiliensis,Animalia,Arthropoda,Malacostraca,Amphipoda,Ischyroceridae,Ericthonius,,brasiliensis,,2026-08-12,Soma,Old Home Beach,Rocky intertidal with rock ledges,scrapings from rocks,sweat & pick,,Species,
CAEU-0775,HUMB 06C,6C,,1,Ericthonius brasiliensis,X,X,/,,Siena McKim,2026-08-11,,102401,Ericthonius brasiliensis,Animalia,Arthropoda,Malacostraca,Amphipoda,Ischyroceridae,Ericthonius,,brasiliensis,,2026-08-12,Soma,Old Home Beach,Rocky intertidal with rock ledges,scrapings from rocks,sweat & pick,,Species,
CAEU-0776,HUMB 06C,6C,,1,Ericthonius brasiliensis,X,/,X,,Siena McKim,2026-08-11,,102401,Ericthonius brasiliensis,Animalia,Arthropoda,Malacostraca,Amphipoda,Ischyroceridae,Ericthonius,,brasiliensis,,2026-08-12,Soma,Old Home Beach,Rocky intertidal with rock ledges,scrapings from rocks,sweat & pick,,Species,
CAEU-0777,HUMB 06C,6C,,19,Ericthonius brasiliensis,X,X,/,bulk ♂ & ♀,Siena McKim,2026-08-11,,102401,Ericthonius brasiliensis,Animalia,Arthropoda,Malacostraca,Amphipoda,Ischyroceridae,Ericthonius,,brasiliensis,,2026-08-12,Soma,Old Home Beach,Rocky intertidal with rock ledges,scrapings from rocks,sweat & pick,,Species,
CAEU-0778,HUMB 06C,6C,,1,Photis sp. 3,X,X,/,alive but bad shape ♀,Siena McKim,2026-08-11,,101563,Photis,Animalia,Arthropoda,Malacostraca,Amphipoda,Photidae,Photis,,,,2026-08-12,Soma,Old Home Beach,Rocky intertidal with rock ledges,scrapings from rocks,sweat & pick,,Genus,
CAEU-0779,HUMB 06C,6C,,1,Munna sp. 1,X,X,/,,Siena McKim,2026-08-11,,118374,Munna,Animalia,Arthropoda,Malacostraca,Isopoda,Munnidae,Munna,,,,2026-08-12,Soma,Old Home Beach,Rocky intertidal with rock ledges,scrapings from rocks,sweat & pick,,Genus,
CAEU-0780,HUMB 06C,6C,,1,Munna sp. 1,/,/,X,,Siena McKim,2026-08-11,,118374,Munna,Animalia,Arthropoda,Malacostraca,Isopoda,Munnidae,Munna,,,,2026-08-12,Soma,Old Home Beach,Rocky intertidal with rock ledges,scrapings from rocks,sweat & pick,,Genus,
CAEU-0781,HUMB-03D,3D,,1,Prolecithophora sp. 3,y,y,,eth,Yander L. Diez,2026-08-12,,2854,Prolecithophora,Animalia,Platyhelminthes,,Prolecithophora,,,,,,2026-08-11,Svetlana,Luffenholtz Beach,"Rocky shore and beach mixed with rocky outcrops, cobble fields, tide pools, kelp and algal cover, low IT in some areas with urchin barrens",diverse red algae,sweat,,Higher,
CAEU-0782,HUMB-03D,3D,,7,Prolecithophora sp. 3,,,y,Bouin-histology,Yander L. Diez,2026-08-12,,2854,Prolecithophora,Animalia,Platyhelminthes,,Prolecithophora,,,,,,2026-08-11,Svetlana,Luffenholtz Beach,"Rocky shore and beach mixed with rocky outcrops, cobble fields, tide pools, kelp and algal cover, low IT in some areas with urchin barrens",diverse red algae,sweat,,Higher,
CAEU-0783,HUMB-03D,3D,,1,Prolecithophora sp. 2,y,,,eth,Yander L. Diez,2026-08-12,,2854,Prolecithophora,Animalia,Platyhelminthes,,Prolecithophora,,,,,,2026-08-11,Svetlana,Luffenholtz Beach,"Rocky shore and beach mixed with rocky outcrops, cobble fields, tide pools, kelp and algal cover, low IT in some areas with urchin barrens",diverse red algae,sweat,,Higher,
CAEU-0784,HUMB-03D,3D,,1,Astrotorhynchus intermedius,y,y,,eth,Yander L. Diez,2026-08-12,,1079205,Astrotorhynchus intermedius,Animalia,Platyhelminthes,,Rhabdocoela,Promesostomidae,Astrotorhynchus,,intermedius,,2026-08-11,Svetlana,Luffenholtz Beach,"Rocky shore and beach mixed with rocky outcrops, cobble fields, tide pools, kelp and algal cover, low IT in some areas with urchin barrens",diverse red algae,sweat,,Species,
CAEU-0785,HUMB-03D,3D,,1,Astrotorhynchus intermedius,y,y,,eth,Yander L. Diez,2026-08-12,,1079205,Astrotorhynchus intermedius,Animalia,Platyhelminthes,,Rhabdocoela,Promesostomidae,Astrotorhynchus,,intermedius,,2026-08-11,Svetlana,Luffenholtz Beach,"Rocky shore and beach mixed with rocky outcrops, cobble fields, tide pools, kelp and algal cover, low IT in some areas with urchin barrens",diverse red algae,sweat,,Species,
CAEU-0786,HUMB-03D,3D,,1,Astrotorhynchus intermedius,y,y,,eth,Yander L. Diez,2026-08-12,,1079205,Astrotorhynchus intermedius,Animalia,Platyhelminthes,,Rhabdocoela,Promesostomidae,Astrotorhynchus,,intermedius,,2026-08-11,Svetlana,Luffenholtz Beach,"Rocky shore and beach mixed with rocky outcrops, cobble fields, tide pools, kelp and algal cover, low IT in some areas with urchin barrens",diverse red algae,sweat,,Species,
CAEU-0787,HUMB-03D,3D,,1,Byrsophlebidae sp. 1,,,y,WM,Yander L. Diez,2026-08-12,,142102,Byrsophlebidae,Animalia,Platyhelminthes,,Rhabdocoela,Byrsophlebidae,,,,,2026-08-11,Svetlana,Luffenholtz Beach,"Rocky shore and beach mixed with rocky outcrops, cobble fields, tide pools, kelp and algal cover, low IT in some areas with urchin barrens",diverse red algae,sweat,,Family,
CAEU-0788,HUMB-03D,3D,,1,Byrsophlebidae sp. 1,y,y,,eth,Yander L. Diez,2026-08-12,,142102,Byrsophlebidae,Animalia,Platyhelminthes,,Rhabdocoela,Byrsophlebidae,,,,,2026-08-11,Svetlana,Luffenholtz Beach,"Rocky shore and beach mixed with rocky outcrops, cobble fields, tide pools, kelp and algal cover, low IT in some areas with urchin barrens",diverse red algae,sweat,,Family,
CAEU-0789,HUMB-03C,3C,,1,Pogaina sp. 1,y,,y,WM,Yander L. Diez,2026-08-12,,142293,Pogaina,Animalia,Platyhelminthes,,Rhabdocoela,Provorticidae,Pogaina,,,,2026-08-11,Svetlana,Luffenholtz Beach,"Rocky shore and beach mixed with rocky outcrops, cobble fields, tide pools, kelp and algal cover, low IT in some areas with urchin barrens","detached holdfasts, rootmass, well sanded, low IT on rocks",sweat,,Genus,
CAEU-0790,HUMB-03C,3C,,1,Pogaina sp. 1,y,,y,WM,Yander L. Diez,2026-08-12,,142293,Pogaina,Animalia,Platyhelminthes,,Rhabdocoela,Provorticidae,Pogaina,,,,2026-08-11,Svetlana,Luffenholtz Beach,"Rocky shore and beach mixed with rocky outcrops, cobble fields, tide pools, kelp and algal cover, low IT in some areas with urchin barrens","detached holdfasts, rootmass, well sanded, low IT on rocks",sweat,,Genus,
CAEU-0791,HUMB-03C,3C,,1,Pogaina sp. 1,y,y,,eth,Yander L. Diez,2026-08-12,,142293,Pogaina,Animalia,Platyhelminthes,,Rhabdocoela,Provorticidae,Pogaina,,,,2026-08-11,Svetlana,Luffenholtz Beach,"Rocky shore and beach mixed with rocky outcrops, cobble fields, tide pools, kelp and algal cover, low IT in some areas with urchin barrens","detached holdfasts, rootmass, well sanded, low IT on rocks",sweat,,Genus,
CAEU-0792,HUMB-03C,3C,,1,Acoela sp. 1,y,y,,eth,Yander L. Diez,2026-08-12,,2847,Acoela,Animalia,Xenacoelomorpha,,Acoela,,,,,,2026-08-11,Svetlana,Luffenholtz Beach,"Rocky shore and beach mixed with rocky outcrops, cobble fields, tide pools, kelp and algal cover, low IT in some areas with urchin barrens","detached holdfasts, rootmass, well sanded, low IT on rocks",sweat,,Higher,
CAEU-0793,HUMB-03C,3C,,1,Pogaina sp. 1,y,y,,eth,Yander L. Diez,2026-08-12,,142293,Pogaina,Animalia,Platyhelminthes,,Rhabdocoela,Provorticidae,Pogaina,,,,2026-08-11,Svetlana,Luffenholtz Beach,"Rocky shore and beach mixed with rocky outcrops, cobble fields, tide pools, kelp and algal cover, low IT in some areas with urchin barrens","detached holdfasts, rootmass, well sanded, low IT on rocks",sweat,,Genus,
CAEU-0794,HUMB-03C,3C,,1,Pogaina sp. 1,,,y,WM,Yander L. Diez,2026-08-12,,142293,Pogaina,Animalia,Platyhelminthes,,Rhabdocoela,Provorticidae,Pogaina,,,,2026-08-11,Svetlana,Luffenholtz Beach,"Rocky shore and beach mixed with rocky outcrops, cobble fields, tide pools, kelp and algal cover, low IT in some areas with urchin barrens","detached holdfasts, rootmass, well sanded, low IT on rocks",sweat,,Genus,
CAEU-0795,HUMB-03C,3C,,1,Pogaina sp. 1,y,y,,eth,Yander L. Diez,2026-08-12,,142293,Pogaina,Animalia,Platyhelminthes,,Rhabdocoela,Provorticidae,Pogaina,,,,2026-08-11,Svetlana,Luffenholtz Beach,"Rocky shore and beach mixed with rocky outcrops, cobble fields, tide pools, kelp and algal cover, low IT in some areas with urchin barrens","detached holdfasts, rootmass, well sanded, low IT on rocks",sweat,,Genus,
CAEU-0796,HUMB-03C,3C,,1,Brinkmanniella palmata,y,y,,eth,Yander L. Diez,2026-08-12,,143320,Brinkmanniella palmata,Animalia,Platyhelminthes,,Rhabdocoela,,Brinkmanniella,,palmata,,2026-08-11,Svetlana,Luffenholtz Beach,"Rocky shore and beach mixed with rocky outcrops, cobble fields, tide pools, kelp and algal cover, low IT in some areas with urchin barrens","detached holdfasts, rootmass, well sanded, low IT on rocks",sweat,,Species,
CAEU-0797,HUMB-03C,3C,,1,Brinkmanniella palmata,y,y,,eth,Yander L. Diez,2026-08-12,,143320,Brinkmanniella palmata,Animalia,Platyhelminthes,,Rhabdocoela,,Brinkmanniella,,palmata,,2026-08-11,Svetlana,Luffenholtz Beach,"Rocky shore and beach mixed with rocky outcrops, cobble fields, tide pools, kelp and algal cover, low IT in some areas with urchin barrens","detached holdfasts, rootmass, well sanded, low IT on rocks",sweat,,Species,
CAEU-0798,HUMB-03C,3C,,1,Astrotorhynchus intermedius,y,,y,WM,Yander L. Diez,2026-08-12,,1079205,Astrotorhynchus intermedius,Animalia,Platyhelminthes,,Rhabdocoela,Promesostomidae,Astrotorhynchus,,intermedius,,2026-08-11,Svetlana,Luffenholtz Beach,"Rocky shore and beach mixed with rocky outcrops, cobble fields, tide pools, kelp and algal cover, low IT in some areas with urchin barrens","detached holdfasts, rootmass, well sanded, low IT on rocks",sweat,,Species,
CAEU-0799,HUMB-03C,3C,,1,Byrsophlebidae sp. 1,,,y,WM,Yander L. Diez,2026-08-12,,142102,Byrsophlebidae,Animalia,Platyhelminthes,,Rhabdocoela,Byrsophlebidae,,,,,2026-08-11,Svetlana,Luffenholtz Beach,"Rocky shore and beach mixed with rocky outcrops, cobble fields, tide pools, kelp and algal cover, low IT in some areas with urchin barrens","detached holdfasts, rootmass, well sanded, low IT on rocks",sweat,,Family,
CAEU-0800,HUMB-03C,3C,,1,Byrsophlebidae sp. 1,,,y,WM,Yander L. Diez,2026-08-12,,142102,Byrsophlebidae,Animalia,Platyhelminthes,,Rhabdocoela,Byrsophlebidae,,,,,2026-08-11,Svetlana,Luffenholtz Beach,"Rocky shore and beach mixed with rocky outcrops, cobble fields, tide pools, kelp and algal cover, low IT in some areas with urchin barrens","detached holdfasts, rootmass, well sanded, low IT on rocks",sweat,,Family,
CAEU-0801,HUMB-03C,3C,,1,Byrsophlebidae sp. 1,y,y,,eth,Yander L. Diez,2026-08-12,,142102,Byrsophlebidae,Animalia,Platyhelminthes,,Rhabdocoela,Byrsophlebidae,,,,,2026-08-11,Svetlana,Luffenholtz Beach,"Rocky shore and beach mixed with rocky outcrops, cobble fields, tide pools, kelp and algal cover, low IT in some areas with urchin barrens","detached holdfasts, rootmass, well sanded, low IT on rocks",sweat,,Family,
CAEU-0802,HUMB-03C,3C,,1,Prolecithophora sp. 2,y,y,,eth,Yander L. Diez,2026-08-12,,2854,Prolecithophora,Animalia,Platyhelminthes,,Prolecithophora,,,,,,2026-08-11,Svetlana,Luffenholtz Beach,"Rocky shore and beach mixed with rocky outcrops, cobble fields, tide pools, kelp and algal cover, low IT in some areas with urchin barrens","detached holdfasts, rootmass, well sanded, low IT on rocks",sweat,,Higher,
CAEU-0803,HUMB-03E,3E,,1,Zonorhynchus sp. 1,y,,y,WM,Yander L. Diez,2026-08-12,,142321,Zonorhynchus,Animalia,Platyhelminthes,,Rhabdocoela,,Zonorhynchus,,,,2026-08-11,Svetlana,Luffenholtz Beach,"Rocky shore and beach mixed with rocky outcrops, cobble fields, tide pools, kelp and algal cover, low IT in some areas with urchin barrens","coarse sand, upper intertidal",,,Genus,
CAEU-0804,HUMB-03E,3E,,1,Gnathorhynchidae sp. 1,y,,y,WM,Yander L. Diez,2026-08-12,,142094,Gnathorhynchidae,Animalia,Platyhelminthes,,Rhabdocoela,Gnathorhynchidae,,,,,2026-08-11,Svetlana,Luffenholtz Beach,"Rocky shore and beach mixed with rocky outcrops, cobble fields, tide pools, kelp and algal cover, low IT in some areas with urchin barrens","coarse sand, upper intertidal",,,Family,
CAEU-0805,HUMB-03E,3E,,1,Cystiplanidae sp. 1,y,,y,WM,Yander L. Diez,2026-08-12,,142091,Cystiplanidae,Animalia,Platyhelminthes,,Rhabdocoela,Cystiplanidae,,,,,2026-08-11,Svetlana,Luffenholtz Beach,"Rocky shore and beach mixed with rocky outcrops, cobble fields, tide pools, kelp and algal cover, low IT in some areas with urchin barrens","coarse sand, upper intertidal",,,Family,
CAEU-0806,HUMB-03E,3E,,1,Schizorhynchia sp. 2,y,y,,eth,Yander L. Diez,2026-08-12,,155663,Schizorhynchia,Animalia,Platyhelminthes,,Rhabdocoela,,,,,,2026-08-11,Svetlana,Luffenholtz Beach,"Rocky shore and beach mixed with rocky outcrops, cobble fields, tide pools, kelp and algal cover, low IT in some areas with urchin barrens","coarse sand, upper intertidal",,,Higher,
CAEU-0807,HUMB-03E,3E,,1,Gastrotricha sp. 1,y,,y,WM,Yander L. Diez,2026-08-12,,2078,Gastrotricha,Animalia,Gastrotricha,,,,,,,,2026-08-11,Svetlana,Luffenholtz Beach,"Rocky shore and beach mixed with rocky outcrops, cobble fields, tide pools, kelp and algal cover, low IT in some areas with urchin barrens","coarse sand, upper intertidal",,,Higher,
CAEU-0808,HUMB-03E,3E,,1,Cystiplanidae sp. 1,y,y,,eth,Yander L. Diez,2026-08-12,,142091,Cystiplanidae,Animalia,Platyhelminthes,,Rhabdocoela,Cystiplanidae,,,,,2026-08-11,Svetlana,Luffenholtz Beach,"Rocky shore and beach mixed with rocky outcrops, cobble fields, tide pools, kelp and algal cover, low IT in some areas with urchin barrens","coarse sand, upper intertidal",,,Family,
CAEU-0809,HUMB-03E,3E,,1,Haplopharynx sp. 1,y,,y,WM,Yander L. Diez,2026-08-12,,142193,Haplopharynx,Animalia,Platyhelminthes,,,Haplopharyngidae,Haplopharynx,,,,2026-08-11,Svetlana,Luffenholtz Beach,"Rocky shore and beach mixed with rocky outcrops, cobble fields, tide pools, kelp and algal cover, low IT in some areas with urchin barrens","coarse sand, upper intertidal",,,Genus,
CAEU-0810,HUMB-03E,3E,,1,Cystiplana sp. 1,y,y,,eth,Yander L. Diez,2026-08-12,,142322,Cystiplana,Animalia,Platyhelminthes,,Rhabdocoela,Cystiplanidae,Cystiplana,,,,2026-08-11,Svetlana,Luffenholtz Beach,"Rocky shore and beach mixed with rocky outcrops, cobble fields, tide pools, kelp and algal cover, low IT in some areas with urchin barrens","coarse sand, upper intertidal",,,Genus,
CAEU-0811,6,6,,1,Cancer antennarius,/,/,/,under rock,Gustav Paulay,2026-08-12,,452126,Cancer antennaria,Animalia,Arthropoda,Malacostraca,Decapoda,Cancridae,Cancer,,antennaria,,2026-08-12,"Kathy Ann, Svetlana, John, Soma, Gustav, Yander, Terry, Robin, Siena, Ciara, Isabel, Sadie, Julien",Old Home Beach,Rocky intertidal with rock ledges,,hand,,Species,
CAEU-0812,6,6,,1,Apostichopus californicus,/,/,/,,Gustav Paulay,2026-08-12,,529363,Apostichopus californicus,Animalia,Echinodermata,Holothuroidea,Synallactida,Stichopodidae,Apostichopus,,californicus,,2026-08-12,"Kathy Ann, Svetlana, John, Soma, Gustav, Yander, Terry, Robin, Siena, Ciara, Isabel, Sadie, Julien",Old Home Beach,Rocky intertidal with rock ledges,,hand,,Species,
CAEU-0813,6,6,,1,Perophora annectens,/,/,/,low IT under overhang,Gustav Paulay,2026-08-12,,250979,Perophora annectens,Animalia,Chordata,Ascidiacea,Phlebobranchia,Perophoridae,Perophora,,annectens,,2026-08-12,"Kathy Ann, Svetlana, John, Soma, Gustav, Yander, Terry, Robin, Siena, Ciara, Isabel, Sadie, Julien",Old Home Beach,Rocky intertidal with rock ledges,,hand,,Species,
CAEU-0814,6,6,,1,Anthopleura elegantissima,/,/,/,,Gustav Paulay,2026-08-12,,283347,Anthopleura elegantissima,Animalia,Cnidaria,Hexacorallia,Actiniaria,Actiniidae,Anthopleura,,elegantissima,,2026-08-12,"Kathy Ann, Svetlana, John, Soma, Gustav, Yander, Terry, Robin, Siena, Ciara, Isabel, Sadie, Julien",Old Home Beach,Rocky intertidal with rock ledges,,hand,,Species,
CAEU-0815,6,6,,1,Calcarea,/,/,/,,Gustav Paulay,2026-08-12,,559,Calcarea,Animalia,Porifera,Calcarea,,,,,,,2026-08-12,"Kathy Ann, Svetlana, John, Soma, Gustav, Yander, Terry, Robin, Siena, Ciara, Isabel, Sadie, Julien",Old Home Beach,Rocky intertidal with rock ledges,,hand,,Higher,
CAEU-0816,6,6,,1,Heptacarpus C,/,/,/,under rocks low IT,Gustav Paulay,2026-08-12,,248339,Heptacarpus,Animalia,Arthropoda,Malacostraca,Decapoda,Thoridae,Heptacarpus,,,,2026-08-12,"Kathy Ann, Svetlana, John, Soma, Gustav, Yander, Terry, Robin, Siena, Ciara, Isabel, Sadie, Julien",Old Home Beach,Rocky intertidal with rock ledges,,hand,,Genus,
CAEU-0817,6,6,CAEU-0816,1,Heptacarpus C,/,/,/,under rocks low IT,Gustav Paulay,2026-08-12,,248339,Heptacarpus,Animalia,Arthropoda,Malacostraca,Decapoda,Thoridae,Heptacarpus,,,,2026-08-12,"Kathy Ann, Svetlana, John, Soma, Gustav, Yander, Terry, Robin, Siena, Ciara, Isabel, Sadie, Julien",Old Home Beach,Rocky intertidal with rock ledges,,hand,,Genus,
CAEU-0818,6,6,CAEU-0816,1,Heptacarpus C,/,/,/,under rocks low IT,Gustav Paulay,2026-08-12,,248339,Heptacarpus,Animalia,Arthropoda,Malacostraca,Decapoda,Thoridae,Heptacarpus,,,,2026-08-12,"Kathy Ann, Svetlana, John, Soma, Gustav, Yander, Terry, Robin, Siena, Ciara, Isabel, Sadie, Julien",Old Home Beach,Rocky intertidal with rock ledges,,hand,,Genus,
CAEU-0819,6,6,CAEU-0816,1,Heptacarpus C,/,/,/,under rocks low IT,Gustav Paulay,2026-08-12,,248339,Heptacarpus,Animalia,Arthropoda,Malacostraca,Decapoda,Thoridae,Heptacarpus,,,,2026-08-12,"Kathy Ann, Svetlana, John, Soma, Gustav, Yander, Terry, Robin, Siena, Ciara, Isabel, Sadie, Julien",Old Home Beach,Rocky intertidal with rock ledges,,hand,,Genus,
CAEU-0820,6,6,,1,Styela montereyensis,/,/,/,,Gustav Paulay,2026-08-12,,240756,Styela montereyensis,Animalia,Chordata,Ascidiacea,Stolidobranchia,Styelidae,Styela,,montereyensis,,2026-08-12,"Kathy Ann, Svetlana, John, Soma, Gustav, Yander, Terry, Robin, Siena, Ciara, Isabel, Sadie, Julien",Old Home Beach,Rocky intertidal with rock ledges,,hand,,Species,
CAEU-0821,6,6,,1,Cnemidocarpa finmarkiensis,/,/,/,low IT under overhang,Gustav Paulay,2026-08-12,,103870,Cnemidocarpa finmarkiensis,Animalia,Chordata,Ascidiacea,Stolidobranchia,Styelidae,Cnemidocarpa,,finmarkiensis,,2026-08-12,"Kathy Ann, Svetlana, John, Soma, Gustav, Yander, Terry, Robin, Siena, Ciara, Isabel, Sadie, Julien",Old Home Beach,Rocky intertidal with rock ledges,,hand,,Species,
CAEU-0822,6,6,,1,Heteropora,/,/,/,low IT under overhang,Gustav Paulay,2026-08-12,,248342,Heteropora,Animalia,Bryozoa,Stenolaemata,Cyclostomatida,Heteroporidae,Heteropora,,,,2026-08-12,"Kathy Ann, Svetlana, John, Soma, Gustav, Yander, Terry, Robin, Siena, Ciara, Isabel, Sadie, Julien",Old Home Beach,Rocky intertidal with rock ledges,,hand,,Genus,
CAEU-0823,6,6,,1,Crisia,/,/,/,low IT under overhang,Gustav Paulay,2026-08-12,,111032,Crisia,Animalia,Bryozoa,Stenolaemata,Cyclostomatida,Crisiidae,Crisia,,,,2026-08-12,"Kathy Ann, Svetlana, John, Soma, Gustav, Yander, Terry, Robin, Siena, Ciara, Isabel, Sadie, Julien",Old Home Beach,Rocky intertidal with rock ledges,,hand,,Genus,
CAEU-0824,6,6,,1,Balanophyllia elegans,/,/,/,low IT under overhang,Gustav Paulay,2026-08-12,,1288908,Balanophyllia elegans,Animalia,Cnidaria,Hexacorallia,Scleractinia,Dendrophylliidae,Balanophyllia,,elegans,,2026-08-12,"Kathy Ann, Svetlana, John, Soma, Gustav, Yander, Terry, Robin, Siena, Ciara, Isabel, Sadie, Julien",Old Home Beach,Rocky intertidal with rock ledges,,hand,,Species,
CAEU-0825,6,6,,1,Balanophyllia elegans,/,/,/,low IT under overhang,Gustav Paulay,2026-08-12,,1288908,Balanophyllia elegans,Animalia,Cnidaria,Hexacorallia,Scleractinia,Dendrophylliidae,Balanophyllia,,elegans,,2026-08-12,"Kathy Ann, Svetlana, John, Soma, Gustav, Yander, Terry, Robin, Siena, Ciara, Isabel, Sadie, Julien",Old Home Beach,Rocky intertidal with rock ledges,,hand,,Species,
CAEU-0826,6,6,,bulk,Balanophyllia elegans,/,/,/,low IT under overhang,Gustav Paulay,2026-08-12,,1288908,Balanophyllia elegans,Animalia,Cnidaria,Hexacorallia,Scleractinia,Dendrophylliidae,Balanophyllia,,elegans,,2026-08-12,"Kathy Ann, Svetlana, John, Soma, Gustav, Yander, Terry, Robin, Siena, Ciara, Isabel, Sadie, Julien",Old Home Beach,Rocky intertidal with rock ledges,,hand,,Species,
CAEU-0827,6,6,,1,Octopus rubescens,/,/,/,low IT under overhang,Gustav Paulay,2026-08-12,,342023,Octopus rubescens,Animalia,Mollusca,Cephalopoda,Octopoda,Octopodidae,Octopus,,rubescens,,2026-08-12,"Kathy Ann, Svetlana, John, Soma, Gustav, Yander, Terry, Robin, Siena, Ciara, Isabel, Sadie, Julien",Old Home Beach,Rocky intertidal with rock ledges,,hand,,Species,
CAEU-0828,6,6,,1,Ascidiacea ? Aplidium,/,/,/,low IT under overhang low encrusting salmon colonial,Gustav Paulay,2026-08-12,,103471,Aplidium,Animalia,Chordata,Ascidiacea,Aplousobranchia,Polyclinidae,Aplidium,,,,2026-08-12,"Kathy Ann, Svetlana, John, Soma, Gustav, Yander, Terry, Robin, Siena, Ciara, Isabel, Sadie, Julien",Old Home Beach,Rocky intertidal with rock ledges,,hand,,Genus,
CAEU-0829,6,6,,1,Aplidium? solidum?,/,/,/,low IT under overhang reddish cushions,Gustav Paulay,2026-08-12,,215889,Aplidium solidum,Animalia,Chordata,Ascidiacea,Aplousobranchia,Polyclinidae,Aplidium,,solidum,,2026-08-12,"Kathy Ann, Svetlana, John, Soma, Gustav, Yander, Terry, Robin, Siena, Ciara, Isabel, Sadie, Julien",Old Home Beach,Rocky intertidal with rock ledges,,hand,,Species,
CAEU-0830,6,6,,1,Aplidium californicum?,iphone,/,/,low IT under overhang 30+ cm thick crust,Gustav Paulay,2026-08-12,,249827,Aplidium californicum,Animalia,Chordata,Ascidiacea,Aplousobranchia,Polyclinidae,Aplidium,,californicum,,2026-08-12,"Kathy Ann, Svetlana, John, Soma, Gustav, Yander, Terry, Robin, Siena, Ciara, Isabel, Sadie, Julien",Old Home Beach,Rocky intertidal with rock ledges,,hand,,Species,
CAEU-0831,6,6,CAEU-0829,1,Aplidium solidum?,/,/,/,low IT under overhang reddish cushion,Gustav Paulay,2026-08-12,,215889,Aplidium solidum,Animalia,Chordata,Ascidiacea,Aplousobranchia,Polyclinidae,Aplidium,,solidum,,2026-08-12,"Kathy Ann, Svetlana, John, Soma, Gustav, Yander, Terry, Robin, Siena, Ciara, Isabel, Sadie, Julien",Old Home Beach,Rocky intertidal with rock ledges,,hand,,Species,
CAEU-0832,6,6,,1,Pycnoclavella stanleyi,/,/,/,low IT under overhang,Gustav Paulay,2026-08-12,,251245,Pycnoclavella stanleyi,Animalia,Chordata,Ascidiacea,Aplousobranchia,Clavelinidae,Pycnoclavella,,stanleyi,,2026-08-12,"Kathy Ann, Svetlana, John, Soma, Gustav, Yander, Terry, Robin, Siena, Ciara, Isabel, Sadie, Julien",Old Home Beach,Rocky intertidal with rock ledges,,hand,,Species,
CAEU-0833,6,6,,1,Clavelina huntsmani,/,/,/,low IT under overhang abundant,Gustav Paulay,2026-08-12,,250311,Clavelina huntsmani,Animalia,Chordata,Ascidiacea,Aplousobranchia,Clavelinidae,Clavelina,,huntsmani,,2026-08-12,"Kathy Ann, Svetlana, John, Soma, Gustav, Yander, Terry, Robin, Siena, Ciara, Isabel, Sadie, Julien",Old Home Beach,Rocky intertidal with rock ledges,,hand,,Species,
CAEU-0834,6,6,,1,Cnemidocarpa finmarkiensis,/,/,/,low IT under overhang,Gustav Paulay,2026-08-12,,103870,Cnemidocarpa finmarkiensis,Animalia,Chordata,Ascidiacea,Stolidobranchia,Styelidae,Cnemidocarpa,,finmarkiensis,,2026-08-12,"Kathy Ann, Svetlana, John, Soma, Gustav, Yander, Terry, Robin, Siena, Ciara, Isabel, Sadie, Julien",Old Home Beach,Rocky intertidal with rock ledges,,hand,,Species,
CAEU-0835,6,6,,1,Chelyosoma,/,/,/,low IT under overhang,Gustav Paulay,2026-08-12,,103494,Chelyosoma,Animalia,Chordata,Ascidiacea,Phlebobranchia,Corellidae,Chelyosoma,,,,2026-08-12,"Kathy Ann, Svetlana, John, Soma, Gustav, Yander, Terry, Robin, Siena, Ciara, Isabel, Sadie, Julien",Old Home Beach,Rocky intertidal with rock ledges,,hand,,Genus,
CAEU-0836,6,6,,1,Ascidiace,/,/,/,low IT under overhang 30cm low encrusting,Gustav Paulay,2026-08-12,,1839,Ascidiacea,Animalia,Chordata,Ascidiacea,,,,,,,2026-08-12,"Kathy Ann, Svetlana, John, Soma, Gustav, Yander, Terry, Robin, Siena, Ciara, Isabel, Sadie, Julien",Old Home Beach,Rocky intertidal with rock ledges,,hand,,Higher,
CAEU-0837,,,,,,,,,,,,,,,,,,,,,,,,,,,,,,,,
CAEU-0838,6,6,,1,Aplidium californicum?,/,/,/,,Gustav Paulay,2026-08-12,,249827,Aplidium californicum,Animalia,Chordata,Ascidiacea,Aplousobranchia,Polyclinidae,Aplidium,,californicum,,2026-08-12,"Kathy Ann, Svetlana, John, Soma, Gustav, Yander, Terry, Robin, Siena, Ciara, Isabel, Sadie, Julien",Old Home Beach,Rocky intertidal with rock ledges,,hand,,Species,
CAEU-0839,,,,,,,,,,,,,,,,,,,,,,,,,,,,,,,,
CAEU-0840,6,6,,1,Eudistoma atropurpureum,/,/,/,,Gustav Paulay,2026-08-12,,103465,Eudistoma,Animalia,Chordata,Ascidiacea,Aplousobranchia,Polycitoridae,Eudistoma,,,,2026-08-12,"Kathy Ann, Svetlana, John, Soma, Gustav, Yander, Terry, Robin, Siena, Ciara, Isabel, Sadie, Julien",Old Home Beach,Rocky intertidal with rock ledges,,hand,,Genus,
CAEU-0841,6,6,,1,Dendrobeania lichenoides,/,/,/,"low IT, under overhang",Gustav Paulay,2026-08-12,,469234,Dendrobeania lichenoides,Animalia,Bryozoa,Gymnolaemata,Cheilostomatida,Bugulidae,Dendrobeania,,lichenoides,,2026-08-12,"Kathy Ann, Svetlana, John, Soma, Gustav, Yander, Terry, Robin, Siena, Ciara, Isabel, Sadie, Julien",Old Home Beach,Rocky intertidal with rock ledges,,hand,,Species,
CAEU-0842,6,6,,1,Eupentacta,/,/,/,"low IT, under overhang",Gustav Paulay,2026-08-12,,528610,Eupentacta,Animalia,Echinodermata,Holothuroidea,Dendrochirotida,Sclerodactylidae,Eupentacta,,,,2026-08-12,"Kathy Ann, Svetlana, John, Soma, Gustav, Yander, Terry, Robin, Siena, Ciara, Isabel, Sadie, Julien",Old Home Beach,Rocky intertidal with rock ledges,,hand,,Genus,
CAEU-0843,6,6,,1,Cancer magister?,/,/,/,juv.,Gustav Paulay,2026-08-12,,452271,Cancer magister,Animalia,Arthropoda,Malacostraca,Decapoda,Cancridae,Cancer,,magister,,2026-08-12,"Kathy Ann, Svetlana, John, Soma, Gustav, Yander, Terry, Robin, Siena, Ciara, Isabel, Sadie, Julien",Old Home Beach,Rocky intertidal with rock ledges,,hand,,Species,
CAEU-0844,6,6,,1,Leucosolenia,/,/,/,"low IT, under overhang",Gustav Paulay,2026-08-12,,131715,Leucosolenia,Animalia,Porifera,Calcarea,Leucosolenida,Leucosoleniidae,Leucosolenia,,,,2026-08-12,"Kathy Ann, Svetlana, John, Soma, Gustav, Yander, Terry, Robin, Siena, Ciara, Isabel, Sadie, Julien",Old Home Beach,Rocky intertidal with rock ledges,,hand,,Genus,
CAEU-0845,6,6,,1,Cucumaria miniata,/,/,/,(?) juv.,Gustav Paulay,2026-08-12,,225807,Cucumaria miniata,Animalia,Echinodermata,Holothuroidea,Dendrochirotida,Cucumariidae,Cucumaria,,miniata,,2026-08-12,"Kathy Ann, Svetlana, John, Soma, Gustav, Yander, Terry, Robin, Siena, Ciara, Isabel, Sadie, Julien",Old Home Beach,Rocky intertidal with rock ledges,,hand,,Species,
CAEU-0846,6,6,,1,Cucumaria miniata,/,/,/,(?) juv.,Gustav Paulay,2026-08-12,,225807,Cucumaria miniata,Animalia,Echinodermata,Holothuroidea,Dendrochirotida,Cucumariidae,Cucumaria,,miniata,,2026-08-12,"Kathy Ann, Svetlana, John, Soma, Gustav, Yander, Terry, Robin, Siena, Ciara, Isabel, Sadie, Julien",Old Home Beach,Rocky intertidal with rock ledges,,hand,,Species,
CAEU-0847,6,6,,1,Anthopleura artemisia,/,/,/,"mid IT buried in sand, attached to rock",Gustav Paulay,2026-08-12,,283337,Anthopleura artemisia,Animalia,Cnidaria,Hexacorallia,Actiniaria,Actiniidae,Anthopleura,,artemisia,,2026-08-12,"Kathy Ann, Svetlana, John, Soma, Gustav, Yander, Terry, Robin, Siena, Ciara, Isabel, Sadie, Julien",Old Home Beach,Rocky intertidal with rock ledges,,hand,,Species,
CAEU-0848,6,6,,1,Anthopleura artemisia,/,/,/,"mid IT buried in sand, attached to rock",Gustav Paulay,2026-08-12,,283337,Anthopleura artemisia,Animalia,Cnidaria,Hexacorallia,Actiniaria,Actiniidae,Anthopleura,,artemisia,,2026-08-12,"Kathy Ann, Svetlana, John, Soma, Gustav, Yander, Terry, Robin, Siena, Ciara, Isabel, Sadie, Julien",Old Home Beach,Rocky intertidal with rock ledges,,hand,,Species,
CAEU-0849,6,6,,1,Anthopleura artemisia,/,/,/,"mid IT buried in sand, attached to rock UF",Gustav Paulay,2026-08-12,,283337,Anthopleura artemisia,Animalia,Cnidaria,Hexacorallia,Actiniaria,Actiniidae,Anthopleura,,artemisia,,2026-08-12,"Kathy Ann, Svetlana, John, Soma, Gustav, Yander, Terry, Robin, Siena, Ciara, Isabel, Sadie, Julien",Old Home Beach,Rocky intertidal with rock ledges,,hand,,Species,
CAEU-0850,6,6,,1,Cucumaria miniata? juv.,/,/,/,,Gustav Paulay,2026-08-12,,225807,Cucumaria miniata,Animalia,Echinodermata,Holothuroidea,Dendrochirotida,Cucumariidae,Cucumaria,,miniata,,2026-08-12,"Kathy Ann, Svetlana, John, Soma, Gustav, Yander, Terry, Robin, Siena, Ciara, Isabel, Sadie, Julien",Old Home Beach,Rocky intertidal with rock ledges,,hand,,Species,
CAEU-0851,6,6,,1,Leukoma staminea? juv.,/,/,/,mid IT in sand under rock,Gustav Paulay,2026-08-12,,507737,Leukoma staminea,Animalia,Mollusca,Bivalvia,Venerida,Veneridae,Leukoma,,staminea,,2026-08-12,"Kathy Ann, Svetlana, John, Soma, Gustav, Yander, Terry, Robin, Siena, Ciara, Isabel, Sadie, Julien",Old Home Beach,Rocky intertidal with rock ledges,,hand,,Species,
CAEU-0852,6,6,,1,Eurylepta californica,/,/,/,low IT,Gustav Paulay,2026-08-12,,483790,Eurylepta californica,Animalia,Platyhelminthes,,Polycladida,Euryleptidae,Eurylepta,,californica,,2026-08-12,"Kathy Ann, Svetlana, John, Soma, Gustav, Yander, Terry, Robin, Siena, Ciara, Isabel, Sadie, Julien",Old Home Beach,Rocky intertidal with rock ledges,,hand,,Species,
CAEU-0853,6,6,,1,Eurylepta californica,/,/,/,low IT,Gustav Paulay,2026-08-12,,483790,Eurylepta californica,Animalia,Platyhelminthes,,Polycladida,Euryleptidae,Eurylepta,,californica,,2026-08-12,"Kathy Ann, Svetlana, John, Soma, Gustav, Yander, Terry, Robin, Siena, Ciara, Isabel, Sadie, Julien",Old Home Beach,Rocky intertidal with rock ledges,,hand,,Species,
CAEU-0854,6,6,,1,Eurylepta californica,/,/,/,low IT,Gustav Paulay,2026-08-12,,483790,Eurylepta californica,Animalia,Platyhelminthes,,Polycladida,Euryleptidae,Eurylepta,,californica,,2026-08-12,"Kathy Ann, Svetlana, John, Soma, Gustav, Yander, Terry, Robin, Siena, Ciara, Isabel, Sadie, Julien",Old Home Beach,Rocky intertidal with rock ledges,,hand,,Species,
CAEU-0855,6,6,,bulk,Eurylepta californica,X,X,/,low IT,Gustav Paulay,2026-08-12,,483790,Eurylepta californica,Animalia,Platyhelminthes,,Polycladida,Euryleptidae,Eurylepta,,californica,,2026-08-12,"Kathy Ann, Svetlana, John, Soma, Gustav, Yander, Terry, Robin, Siena, Ciara, Isabel, Sadie, Julien",Old Home Beach,Rocky intertidal with rock ledges,,hand,,Species,
CAEU-0856,6,6,,1,Halacarididae,/,,,,Gustav Paulay,2026-08-12,,1484,Halacaridae,Animalia,Arthropoda,Arachnida,Trombidiformes,Halacaridae,,,,,2026-08-12,"Kathy Ann, Svetlana, John, Soma, Gustav, Yander, Terry, Robin, Siena, Ciara, Isabel, Sadie, Julien",Old Home Beach,Rocky intertidal with rock ledges,,hand,,Family,
CAEU-0857,6,6,,1,Patiria miniata,/,/,/,low IT,Gustav Paulay,2026-08-12,,382131,Patiria miniata,Animalia,Echinodermata,Asteroidea,Valvatida,Asterinidae,Patiria,,miniata,,2026-08-12,"Kathy Ann, Svetlana, John, Soma, Gustav, Yander, Terry, Robin, Siena, Ciara, Isabel, Sadie, Julien",Old Home Beach,Rocky intertidal with rock ledges,,hand,,Species,
CAEU-0858,6,6,,1,Octopus rubescens,/,/,/,,Gustav Paulay,2026-08-12,,342023,Octopus rubescens,Animalia,Mollusca,Cephalopoda,Octopoda,Octopodidae,Octopus,,rubescens,,2026-08-12,"Kathy Ann, Svetlana, John, Soma, Gustav, Yander, Terry, Robin, Siena, Ciara, Isabel, Sadie, Julien",Old Home Beach,Rocky intertidal with rock ledges,,hand,,Species,
CAEU-0859,6,6,,1,Octopus rubescens,/,/,/,,Gustav Paulay,2026-08-12,,342023,Octopus rubescens,Animalia,Mollusca,Cephalopoda,Octopoda,Octopodidae,Octopus,,rubescens,,2026-08-12,"Kathy Ann, Svetlana, John, Soma, Gustav, Yander, Terry, Robin, Siena, Ciara, Isabel, Sadie, Julien",Old Home Beach,Rocky intertidal with rock ledges,,hand,,Species,
CAEU-0860,6,6,,1,Hydrozoa,/,/,/,low IT under overhang,Gustav Paulay,2026-08-12,,1337,Hydrozoa,Animalia,Cnidaria,Hydrozoa,,,,,,,2026-08-12,"Kathy Ann, Svetlana, John, Soma, Gustav, Yander, Terry, Robin, Siena, Ciara, Isabel, Sadie, Julien",Old Home Beach,Rocky intertidal with rock ledges,,hand,,Higher,
CAEU-0861,6,6,,1,Sertulariidae,/,/,/,low IT under overhang,Gustav Paulay,2026-08-12,,1614,Sertulariidae,Animalia,Cnidaria,Hydrozoa,Leptothecata,Sertulariidae,,,,,2026-08-12,"Kathy Ann, Svetlana, John, Soma, Gustav, Yander, Terry, Robin, Siena, Ciara, Isabel, Sadie, Julien",Old Home Beach,Rocky intertidal with rock ledges,,hand,,Family,
CAEU-0862,6,6,,1,Garveia annulata,/,/,/,low IT under overhang,Gustav Paulay,2026-08-12,,284249,Garveia annulata,Animalia,Cnidaria,Hydrozoa,Anthoathecata,Bougainvilliidae,Garveia,,annulata,,2026-08-12,"Kathy Ann, Svetlana, John, Soma, Gustav, Yander, Terry, Robin, Siena, Ciara, Isabel, Sadie, Julien",Old Home Beach,Rocky intertidal with rock ledges,,hand,,Species,
CAEU-0863,6,6,,1,Ectopleura marina,/,/,/,low IT under overhang,Gustav Paulay,2026-08-12,,285957,Ectopleura marina,Animalia,Cnidaria,Hydrozoa,Anthoathecata,Tubulariidae,Ectopleura,,marina,,2026-08-12,"Kathy Ann, Svetlana, John, Soma, Gustav, Yander, Terry, Robin, Siena, Ciara, Isabel, Sadie, Julien",Old Home Beach,Rocky intertidal with rock ledges,,hand,,Species,
CAEU-0864,6,6,,1,Ectopleura marina,/,/,/,low IT under overhang,Gustav Paulay,2026-08-12,,285957,Ectopleura marina,Animalia,Cnidaria,Hydrozoa,Anthoathecata,Tubulariidae,Ectopleura,,marina,,2026-08-12,"Kathy Ann, Svetlana, John, Soma, Gustav, Yander, Terry, Robin, Siena, Ciara, Isabel, Sadie, Julien",Old Home Beach,Rocky intertidal with rock ledges,,hand,,Species,
CAEU-0865,6,6,,1,Celleporella hyalina?,/,/,/,low IT under overhang on algae,Kieran McKim,2026-08-12,,111397,Celleporella hyalina,Animalia,Bryozoa,Gymnolaemata,Cheilostomatida,Hippothoidae,Celleporella,,hyalina,,2026-08-12,"Kathy Ann, Svetlana, John, Soma, Gustav, Yander, Terry, Robin, Siena, Ciara, Isabel, Sadie, Julien",Old Home Beach,Rocky intertidal with rock ledges,,hand,,Species,
CAEU-0866,6,6,,1,Balanus A (glandula?),/,,/,low IT on Neorhodomela larix,Gustav Paulay,2026-08-12,,106122,Balanus,Animalia,Arthropoda,Thecostraca,Balanomorpha,Balanidae,Balanus,,,,2026-08-12,"Kathy Ann, Svetlana, John, Soma, Gustav, Yander, Terry, Robin, Siena, Ciara, Isabel, Sadie, Julien",Old Home Beach,Rocky intertidal with rock ledges,,hand,,Genus,
CAEU-0867,6,6,,bulk,Balanus A (glandula?),/,/,/,low IT on Neorhodomela larix,Gustav Paulay,2026-08-12,,106122,Balanus,Animalia,Arthropoda,Thecostraca,Balanomorpha,Balanidae,Balanus,,,,2026-08-12,"Kathy Ann, Svetlana, John, Soma, Gustav, Yander, Terry, Robin, Siena, Ciara, Isabel, Sadie, Julien",Old Home Beach,Rocky intertidal with rock ledges,,hand,,Genus,
CAEU-0868,6,6,,1,Hydrozoa,/,/,/,,Gustav Paulay,2026-08-12,,1337,Hydrozoa,Animalia,Cnidaria,Hydrozoa,,,,,,,2026-08-12,"Kathy Ann, Svetlana, John, Soma, Gustav, Yander, Terry, Robin, Siena, Ciara, Isabel, Sadie, Julien",Old Home Beach,Rocky intertidal with rock ledges,,hand,,Higher,
CAEU-0869,6,6,CAEU-0816,bulk,Heptacarpus C,/,,,netted in Phyllospadix,Gustav Paulay,2026-08-12,,248339,Heptacarpus,Animalia,Arthropoda,Malacostraca,Decapoda,Thoridae,Heptacarpus,,,,2026-08-12,"Kathy Ann, Svetlana, John, Soma, Gustav, Yander, Terry, Robin, Siena, Ciara, Isabel, Sadie, Julien",Old Home Beach,Rocky intertidal with rock ledges,,hand,,Genus,
CAEU-0870,6,6,,1,Actiniaria,/,/,/,low IT under overhang,Gustav Paulay,2026-08-12,,1360,Actiniaria,Animalia,Cnidaria,Hexacorallia,Actiniaria,,,,,,2026-08-12,"Kathy Ann, Svetlana, John, Soma, Gustav, Yander, Terry, Robin, Siena, Ciara, Isabel, Sadie, Julien",Old Home Beach,Rocky intertidal with rock ledges,,hand,,Higher,
CAEU-0871,6,6,,1,Hydrozoa,/,/,/,,Ciara McKim,2026-08-12,,1337,Hydrozoa,Animalia,Cnidaria,Hydrozoa,,,,,,,2026-08-12,"Kathy Ann, Svetlana, John, Soma, Gustav, Yander, Terry, Robin, Siena, Ciara, Isabel, Sadie, Julien",Old Home Beach,Rocky intertidal with rock ledges,,hand,,Higher,
CAEU-0872,6,6,,1,Celleporella hyalina,/,/,/,,Ciara McKim,2026-08-12,,111397,Celleporella hyalina,Animalia,Bryozoa,Gymnolaemata,Cheilostomatida,Hippothoidae,Celleporella,,hyalina,,2026-08-12,"Kathy Ann, Svetlana, John, Soma, Gustav, Yander, Terry, Robin, Siena, Ciara, Isabel, Sadie, Julien",Old Home Beach,Rocky intertidal with rock ledges,,hand,,Species,
CAEU-0873,6,6,,1,Cheilostomatida,/,/,/,,Ciara McKim,2026-08-12,,110722,Cheilostomatida,Animalia,Bryozoa,Gymnolaemata,Cheilostomatida,,,,,,2026-08-12,"Kathy Ann, Svetlana, John, Soma, Gustav, Yander, Terry, Robin, Siena, Ciara, Isabel, Sadie, Julien",Old Home Beach,Rocky intertidal with rock ledges,,hand,,Higher,
CAEU-0874,6,6,,1,Nereididae?,/,/,/,,Ciara McKim,2026-08-12,,22496,Nereididae,Animalia,Annelida,Polychaeta,Phyllodocida,Nereididae,,,,,2026-08-12,"Kathy Ann, Svetlana, John, Soma, Gustav, Yander, Terry, Robin, Siena, Ciara, Isabel, Sadie, Julien",Old Home Beach,Rocky intertidal with rock ledges,,hand,,Family,
CAEU-0875,6,6,,1,Nereididae?,/,/,/,,Ciara McKim,2026-08-12,,22496,Nereididae,Animalia,Annelida,Polychaeta,Phyllodocida,Nereididae,,,,,2026-08-12,"Kathy Ann, Svetlana, John, Soma, Gustav, Yander, Terry, Robin, Siena, Ciara, Isabel, Sadie, Julien",Old Home Beach,Rocky intertidal with rock ledges,,hand,,Family,
CAEU-0876,6,6,,1,Alia sp.,/,/,/,,Ciara McKim,2026-08-12,,405152,Alia,Animalia,Chordata,Teleostei,Siluriformes,Ailiidae,Alia,,,,2026-08-12,"Kathy Ann, Svetlana, John, Soma, Gustav, Yander, Terry, Robin, Siena, Ciara, Isabel, Sadie, Julien",Old Home Beach,Rocky intertidal with rock ledges,,hand,,Genus,
CAEU-0877,6,6,,1,Terebellidae,/,/,/,,Ciara McKim,2026-08-12,,982,Terebellidae,Animalia,Annelida,Polychaeta,Terebellida,Terebellidae,,,,,2026-08-12,"Kathy Ann, Svetlana, John, Soma, Gustav, Yander, Terry, Robin, Siena, Ciara, Isabel, Sadie, Julien",Old Home Beach,Rocky intertidal with rock ledges,,hand,,Family,
CAEU-0878,6,6,,1,Terebellidae,/,/,/,,Ciara McKim,2026-08-12,,982,Terebellidae,Animalia,Annelida,Polychaeta,Terebellida,Terebellidae,,,,,2026-08-12,"Kathy Ann, Svetlana, John, Soma, Gustav, Yander, Terry, Robin, Siena, Ciara, Isabel, Sadie, Julien",Old Home Beach,Rocky intertidal with rock ledges,,hand,,Family,
CAEU-0879,6,6,,1,Nereididae?,/,/,/,,Ciara McKim,2026-08-12,,22496,Nereididae,Animalia,Annelida,Polychaeta,Phyllodocida,Nereididae,,,,,2026-08-12,"Kathy Ann, Svetlana, John, Soma, Gustav, Yander, Terry, Robin, Siena, Ciara, Isabel, Sadie, Julien",Old Home Beach,Rocky intertidal with rock ledges,,hand,,Family,
CAEU-0880,6,6,,1,Nereididae?,/,/,/,,Ciara McKim,2026-08-12,,22496,Nereididae,Animalia,Annelida,Polychaeta,Phyllodocida,Nereididae,,,,,2026-08-12,"Kathy Ann, Svetlana, John, Soma, Gustav, Yander, Terry, Robin, Siena, Ciara, Isabel, Sadie, Julien",Old Home Beach,Rocky intertidal with rock ledges,,hand,,Family,
CAEU-0881,6,6,CAEU-0879,1,Nereididae?,/,/,/,,Ciara McKim,2026-08-12,,22496,Nereididae,Animalia,Annelida,Polychaeta,Phyllodocida,Nereididae,,,,,2026-08-12,"Kathy Ann, Svetlana, John, Soma, Gustav, Yander, Terry, Robin, Siena, Ciara, Isabel, Sadie, Julien",Old Home Beach,Rocky intertidal with rock ledges,,hand,,Family,
CAEU-0882,6,6,,1,Dodecaceria pacifica,/,/,/,,Ciara McKim,2026-08-12,,1580005,Dodecaceria pacifica,Animalia,Annelida,Polychaeta,Terebellida,Cirratulidae,Dodecaceria,,pacifica,,2026-08-12,"Kathy Ann, Svetlana, John, Soma, Gustav, Yander, Terry, Robin, Siena, Ciara, Isabel, Sadie, Julien",Old Home Beach,Rocky intertidal with rock ledges,,hand,,Species,
CAEU-0883,6,6,CAEU-0880,1,Nereididae?,/,/,/,,Ciara McKim,2026-08-12,,22496,Nereididae,Animalia,Annelida,Polychaeta,Phyllodocida,Nereididae,,,,,2026-08-12,"Kathy Ann, Svetlana, John, Soma, Gustav, Yander, Terry, Robin, Siena, Ciara, Isabel, Sadie, Julien",Old Home Beach,Rocky intertidal with rock ledges,,hand,,Family,
CAEU-0884,6,6,,,Platyhelminthes,/,/,/,,Ciara McKim,2026-08-12,,793,Platyhelminthes,Animalia,Platyhelminthes,,,,,,,,2026-08-12,"Kathy Ann, Svetlana, John, Soma, Gustav, Yander, Terry, Robin, Siena, Ciara, Isabel, Sadie, Julien",Old Home Beach,Rocky intertidal with rock ledges,,hand,,Higher,
CAEU-0885,6,6,,,Platyhelminthes,/,/,/,,Ciara McKim,2026-08-12,,793,Platyhelminthes,Animalia,Platyhelminthes,,,,,,,,2026-08-12,"Kathy Ann, Svetlana, John, Soma, Gustav, Yander, Terry, Robin, Siena, Ciara, Isabel, Sadie, Julien",Old Home Beach,Rocky intertidal with rock ledges,,hand,,Higher,
CAEU-0886,6,6,,,Platyhelminthes,/,/,/,,Ciara McKim,2026-08-12,,793,Platyhelminthes,Animalia,Platyhelminthes,,,,,,,,2026-08-12,"Kathy Ann, Svetlana, John, Soma, Gustav, Yander, Terry, Robin, Siena, Ciara, Isabel, Sadie, Julien",Old Home Beach,Rocky intertidal with rock ledges,,hand,,Higher,
CAEU-0887,6,6,,,Copepoda,/,/,/,,Ciara McKim,2026-08-12,,1080,Copepoda,Animalia,Arthropoda,Copepoda,,,,,,,2026-08-12,"Kathy Ann, Svetlana, John, Soma, Gustav, Yander, Terry, Robin, Siena, Ciara, Isabel, Sadie, Julien",Old Home Beach,Rocky intertidal with rock ledges,,hand,,Higher,
CAEU-0888,4,4,,1,Beroe,/,/,/,lost,Ciara McKim,2026-08-12,,1434803,Beroe,Animalia,Ctenophora,Nuda,Beroida,Beroidae,Beroe,,,,2026-08-11,"Greg, Dakota",Luffenholtz Beach,"Rocky shore and beach mixed with rocky outcrops, cobble fields, tide pools, kelp and algal cover, low IT in some areas with urchin barrens",,hand,,Genus,
CAEU-0889,14B,14B,,1,Notocomplana?,/,/,/,lost,Ciara McKim,2026-08-12,,479802,Notocomplana,Animalia,Platyhelminthes,,Polycladida,Notocomplanidae,Notocomplana,,,,2026-08-15,"Gustav, Yander, Kathy Ann",Samoa dunes,Sandy shore and jetties,jetty rocks,hand,,Genus,
CAEU-0890,14B,14B,,1,Watersipora subtorquata,/,/,/,Known species complex,Ciara McKim,2026-08-12,,111592,Watersipora subtorquata,Animalia,Bryozoa,Gymnolaemata,Cheilostomatida,Watersiporidae,Watersipora,,subtorquata,,2026-08-15,"Gustav, Yander, Kathy Ann",Samoa dunes,Sandy shore and jetties,jetty rocks,hand,,Species,
CAEU-0891,14B,14B,CAEU-0890,1,Watersipora subtorquata,/,/,/,Known species complex,Ciara McKim,2026-08-12,,111592,Watersipora subtorquata,Animalia,Bryozoa,Gymnolaemata,Cheilostomatida,Watersiporidae,Watersipora,,subtorquata,,2026-08-15,"Gustav, Yander, Kathy Ann",Samoa dunes,Sandy shore and jetties,jetty rocks,hand,,Species,
CAEU-0892,14B,14B,CAEU-0890,1,Watersipora subtorquata,/,/,/,Known species complex,Ciara McKim,2026-08-12,,111592,Watersipora subtorquata,Animalia,Bryozoa,Gymnolaemata,Cheilostomatida,Watersiporidae,Watersipora,,subtorquata,,2026-08-15,"Gustav, Yander, Kathy Ann",Samoa dunes,Sandy shore and jetties,jetty rocks,hand,,Species,
CAEU-0893,14B,14B,,1,Schizoporella japonica,/,/,/,,Ciara McKim,2026-08-12,,470388,Schizoporella japonica,Animalia,Bryozoa,Gymnolaemata,Cheilostomatida,Schizoporellidae,Schizoporella,,japonica,,2026-08-15,"Gustav, Yander, Kathy Ann",Samoa dunes,Sandy shore and jetties,jetty rocks,hand,,Species,
CAEU-0894,14B,14B,CAEU-0893,1,Schizoporella japonica,/,/,/,,Ciara McKim,2026-08-12,,470388,Schizoporella japonica,Animalia,Bryozoa,Gymnolaemata,Cheilostomatida,Schizoporellidae,Schizoporella,,japonica,,2026-08-15,"Gustav, Yander, Kathy Ann",Samoa dunes,Sandy shore and jetties,jetty rocks,hand,,Species,
CAEU-0895,14B,14B,,1,Cheilostomatida,/,/,/,,Ciara McKim,2026-08-12,,110722,Cheilostomatida,Animalia,Bryozoa,Gymnolaemata,Cheilostomatida,,,,,,2026-08-15,"Gustav, Yander, Kathy Ann",Samoa dunes,Sandy shore and jetties,jetty rocks,hand,,Higher,
CAEU-0896,14B,14B,,1,Cheilostomatida,/,/,/,,Ciara McKim,2026-08-12,,110722,Cheilostomatida,Animalia,Bryozoa,Gymnolaemata,Cheilostomatida,,,,,,2026-08-15,"Gustav, Yander, Kathy Ann",Samoa dunes,Sandy shore and jetties,jetty rocks,hand,,Higher,
CAEU-0897,14B,14B,,1,Cheilostomatida,/,/,/,,Ciara McKim,2026-08-12,,110722,Cheilostomatida,Animalia,Bryozoa,Gymnolaemata,Cheilostomatida,,,,,,2026-08-15,"Gustav, Yander, Kathy Ann",Samoa dunes,Sandy shore and jetties,jetty rocks,hand,,Higher,
CAEU-0898,14B,14B,,1,Cheilostomatida,/,/,/,,Ciara McKim,2026-08-12,,110722,Cheilostomatida,Animalia,Bryozoa,Gymnolaemata,Cheilostomatida,,,,,,2026-08-15,"Gustav, Yander, Kathy Ann",Samoa dunes,Sandy shore and jetties,jetty rocks,hand,,Higher,
CAEU-0899,14B,14B,,1,Cheilostomatida,/,/,/,,Ciara McKim,2026-08-12,,110722,Cheilostomatida,Animalia,Bryozoa,Gymnolaemata,Cheilostomatida,,,,,,2026-08-15,"Gustav, Yander, Kathy Ann",Samoa dunes,Sandy shore and jetties,jetty rocks,hand,,Higher,
CAEU-0900,14B,14B,,1,Cheilostomatida,/,/,/,,Ciara McKim,2026-08-12,,110722,Cheilostomatida,Animalia,Bryozoa,Gymnolaemata,Cheilostomatida,,,,,,2026-08-15,"Gustav, Yander, Kathy Ann",Samoa dunes,Sandy shore and jetties,jetty rocks,hand,,Higher,
CAEU-0901,HUMB-05,5,,2,Acanthodoris nanaimoensis,Y,Y,Y,TO CAS,Agarwal/Gosliner,2026-08-12,,535685,Acanthodoris nanaimoensis,Animalia,Mollusca,Gastropoda,Doridida,Acanthodorididae,Acanthodoris,,nanaimoensis,,2026-08-12,"Greg, Amy",Old Home Beach,Rocky & sandy shore,rocks and sand,hand,,Species,
CAEU-0902,HUMB-05,5,,2,Triopha maculata,Y,Y,Y,yellow form TO CAS,Agarwal/Gosliner,2026-08-12,,531262,Triopha maculata,Animalia,Mollusca,Gastropoda,Doridida,Polyceridae,Triopha,,maculata,,2026-08-12,"Greg, Amy",Old Home Beach,Rocky & sandy shore,rocks and sand,hand,,Species,
CAEU-0903,HUMB-05,5,,6,Flabellinopsis iodinea,Y,Y,Y,TO CAS,Agarwal/Gosliner,2026-08-13,,1047483,Flabellinopsis iodinea,Animalia,Mollusca,Gastropoda,Nudibranchia,Flabellinopsidae,Flabellinopsis,,iodinea,,2026-08-12,"Greg, Amy",Old Home Beach,Rocky & sandy shore,rocks and sand,hand,,Species,
CAEU-0904,HUMB-07,7,,1,Cadlina luteomarginata,Y,Y,Y,TO CAS,Agarwal/Gosliner,2026-08-13,,562476,Cadlina luteomarginata,Animalia,Mollusca,Gastropoda,Doridida,Cadlinidae,Cadlina,,luteomarginata,,2026-08-13,"Kathy Ann, Svetlana, John, Soma, Gustav, Yander, Terry, Robin, Siena, Ciara, Isabel, Sadie, Julien",Baker's Beach,"Rocky shore and beach mixed with rocky outcrops, cobble fields, tide pools, kelp and algal cover, low IT with urchin barrens",,"hand, general",,Species,
CAEU-0905,HUMB-07,7,,2,Diaulula sandiegensis,Y,Y,Y,TO CAS subsampled yellow individual with 6 dots,Agarwal/Gosliner,2026-08-13,,536817,Diaulula sandiegensis,Animalia,Mollusca,Gastropoda,Doridida,Discodorididae,Diaulula,,sandiegensis,,2026-08-13,"Kathy Ann, Svetlana, John, Soma, Gustav, Yander, Terry, Robin, Siena, Ciara, Isabel, Sadie, Julien",Baker's Beach,"Rocky shore and beach mixed with rocky outcrops, cobble fields, tide pools, kelp and algal cover, low IT with urchin barrens",,"hand, general",,Species,
CAEU-0906,HUMB-07,7,,1,Peltodoris nobilis,Y,Y,Y,TO CAS,Agarwal/Gosliner,2026-08-13,,594422,Peltodoris nobilis,Animalia,Mollusca,Gastropoda,Doridida,Discodorididae,Peltodoris,,nobilis,,2026-08-13,"Kathy Ann, Svetlana, John, Soma, Gustav, Yander, Terry, Robin, Siena, Ciara, Isabel, Sadie, Julien",Baker's Beach,"Rocky shore and beach mixed with rocky outcrops, cobble fields, tide pools, kelp and algal cover, low IT with urchin barrens",,"hand, general",,Species,
CAEU-0907,HUMB-07,7,,2,Acanthodoris nanaimoensis,Y,Y,Y,TO CAS,Agarwal/Gosliner,2026-08-13,,535685,Acanthodoris nanaimoensis,Animalia,Mollusca,Gastropoda,Doridida,Acanthodorididae,Acanthodoris,,nanaimoensis,,2026-08-13,"Kathy Ann, Svetlana, John, Soma, Gustav, Yander, Terry, Robin, Siena, Ciara, Isabel, Sadie, Julien",Baker's Beach,"Rocky shore and beach mixed with rocky outcrops, cobble fields, tide pools, kelp and algal cover, low IT with urchin barrens",,"hand, general",,Species,
CAEU-0908,HUMB-07,7,,3,Acanthodoris rhodocerus,Y,Y,Y,TO CAS largest individual subsampled,Agarwal/Gosliner,2026-08-13,,535687,Acanthodoris rhodoceras,Animalia,Mollusca,Gastropoda,Doridida,Acanthodorididae,Acanthodoris,,rhodoceras,,2026-08-13,"Kathy Ann, Svetlana, John, Soma, Gustav, Yander, Terry, Robin, Siena, Ciara, Isabel, Sadie, Julien",Baker's Beach,"Rocky shore and beach mixed with rocky outcrops, cobble fields, tide pools, kelp and algal cover, low IT with urchin barrens",,"hand, general",,Species,
CAEU-0909,HUMB-07,7,,2,Acanthodoris hudsoni,Y,Y,Y,TO CAS,Agarwal/Gosliner,2026-08-13,,581689,Acanthodoris hudsoni,Animalia,Mollusca,Gastropoda,Doridida,Acanthodorididae,Acanthodoris,,hudsoni,,2026-08-13,"Kathy Ann, Svetlana, John, Soma, Gustav, Yander, Terry, Robin, Siena, Ciara, Isabel, Sadie, Julien",Baker's Beach,"Rocky shore and beach mixed with rocky outcrops, cobble fields, tide pools, kelp and algal cover, low IT with urchin barrens",,"hand, general",,Species,
CAEU-0910,HUMB-07,7,,1,Geitodoris heathi,Y,Y,Y,TO CAS,Agarwal/Gosliner,2026-08-13,,579047,Geitodoris heathi,Animalia,Mollusca,Gastropoda,Doridida,Discodorididae,Geitodoris,,heathi,,2026-08-13,"Kathy Ann, Svetlana, John, Soma, Gustav, Yander, Terry, Robin, Siena, Ciara, Isabel, Sadie, Julien",Baker's Beach,"Rocky shore and beach mixed with rocky outcrops, cobble fields, tide pools, kelp and algal cover, low IT with urchin barrens",,"hand, general",,Species,
CAEU-0911,HUMB-07,7,,2,Diaulula odonoghuei,Y,Y,Y,TO CAS,Agarwal/Gosliner,2026-08-13,,890436,Diaulula odonoghuei,Animalia,Mollusca,Gastropoda,Doridida,Discodorididae,Diaulula,,odonoghuei,,2026-08-13,"Kathy Ann, Svetlana, John, Soma, Gustav, Yander, Terry, Robin, Siena, Ciara, Isabel, Sadie, Julien",Baker's Beach,"Rocky shore and beach mixed with rocky outcrops, cobble fields, tide pools, kelp and algal cover, low IT with urchin barrens",,"hand, general",,Species,
CAEU-0912,HUMB-07,7,,1,Aeolidia loui,Y,Y,Y,TO CAS,Agarwal/Gosliner,2026-08-13,,880372,Aeolidia loui,Animalia,Mollusca,Gastropoda,Nudibranchia,Aeolidiidae,Aeolidia,,loui,,2026-08-13,"Kathy Ann, Svetlana, John, Soma, Gustav, Yander, Terry, Robin, Siena, Ciara, Isabel, Sadie, Julien",Baker's Beach,"Rocky shore and beach mixed with rocky outcrops, cobble fields, tide pools, kelp and algal cover, low IT with urchin barrens",,"hand, general",,Species,
CAEU-0913,HUMB-07,7,,4,Crimora coneja,Y,Y,Y,TO CAS,Agarwal/Gosliner,2026-08-13,,531200,Crimora coneja,Animalia,Mollusca,Gastropoda,Doridida,Polyceridae,Crimora,,coneja,,2026-08-13,"Kathy Ann, Svetlana, John, Soma, Gustav, Yander, Terry, Robin, Siena, Ciara, Isabel, Sadie, Julien",Baker's Beach,"Rocky shore and beach mixed with rocky outcrops, cobble fields, tide pools, kelp and algal cover, low IT with urchin barrens",,"hand, general",,Species,
CAEU-0914,HUMB-07,7,,2,Limacia cockerelli,Y,Y,Y,TO CAS,Agarwal/Gosliner,2026-08-13,,531202,Limacia cockerelli,Animalia,Mollusca,Gastropoda,Doridida,Polyceridae,Limacia,,cockerelli,,2026-08-13,"Kathy Ann, Svetlana, John, Soma, Gustav, Yander, Terry, Robin, Siena, Ciara, Isabel, Sadie, Julien",Baker's Beach,"Rocky shore and beach mixed with rocky outcrops, cobble fields, tide pools, kelp and algal cover, low IT with urchin barrens",,"hand, general",,Species,
CAEU-0915,HUMB-07,7,,3,Dirona albolineata,Y,Y,Y,TO CAS,Agarwal/Gosliner,2026-08-13,,581837,Dirona albolineata,Animalia,Mollusca,Gastropoda,Nudibranchia,Dironidae,Dirona,,albolineata,,2026-08-13,"Kathy Ann, Svetlana, John, Soma, Gustav, Yander, Terry, Robin, Siena, Ciara, Isabel, Sadie, Julien",Baker's Beach,"Rocky shore and beach mixed with rocky outcrops, cobble fields, tide pools, kelp and algal cover, low IT with urchin barrens",,"hand, general",,Species,
CAEU-0916,HUMB-07,7,,1,Aldisa cooperi,Y,Y,Y,TO CAS,Agarwal/Gosliner,2026-08-13,,581809,Aldisa cooperi,Animalia,Mollusca,Gastropoda,Doridida,Cadlinidae,Aldisa,,cooperi,,2026-08-13,"Kathy Ann, Svetlana, John, Soma, Gustav, Yander, Terry, Robin, Siena, Ciara, Isabel, Sadie, Julien",Baker's Beach,"Rocky shore and beach mixed with rocky outcrops, cobble fields, tide pools, kelp and algal cover, low IT with urchin barrens",,"hand, general",,Species,
CAEU-0917,HUMB-07,7,,1,Okenia rosacea,Y,Y,N,TO CAS 1 whole animal for molecular,Agarwal/Gosliner,2026-08-13,,599485,Okenia rosacea,Animalia,Mollusca,Gastropoda,Doridida,Goniodorididae,Okenia,,rosacea,,2026-08-13,"Kathy Ann, Svetlana, John, Soma, Gustav, Yander, Terry, Robin, Siena, Ciara, Isabel, Sadie, Julien",Baker's Beach,"Rocky shore and beach mixed with rocky outcrops, cobble fields, tide pools, kelp and algal cover, low IT with urchin barrens",,"hand, general",,Species,
CAEU-0918,HUMB-07,7,,4,Diaphorodoris lirulatocauda,Y,Y,N,TO CAS 1 whole animal for molecular,Agarwal/Gosliner,2026-08-13,,581691,Diaphorodoris lirulatocauda,Animalia,Mollusca,Gastropoda,Doridida,Calycidorididae,Diaphorodoris,,lirulatocauda,,2026-08-13,"Kathy Ann, Svetlana, John, Soma, Gustav, Yander, Terry, Robin, Siena, Ciara, Isabel, Sadie, Julien",Baker's Beach,"Rocky shore and beach mixed with rocky outcrops, cobble fields, tide pools, kelp and algal cover, low IT with urchin barrens",,"hand, general",,Species,
CAEU-0919,HUMB-07,7,,1,Rostanga pulchra,Y,Y,Y,TO CAS HIGH PRIORITY,Agarwal/Gosliner,2026-08-13,,533391,Rostanga pulchra,Animalia,Mollusca,Gastropoda,Doridida,Discodorididae,Rostanga,,pulchra,,2026-08-13,"Kathy Ann, Svetlana, John, Soma, Gustav, Yander, Terry, Robin, Siena, Ciara, Isabel, Sadie, Julien",Baker's Beach,"Rocky shore and beach mixed with rocky outcrops, cobble fields, tide pools, kelp and algal cover, low IT with urchin barrens",,"hand, general",,Species,
CAEU-0920,HUMB-07,7,,1,Acanthodoris lutea,Y,Y,Y,TO CAS,Agarwal/Gosliner,2026-08-13,,535686,Acanthodoris lutea,Animalia,Mollusca,Gastropoda,Doridida,Acanthodorididae,Acanthodoris,,lutea,,2026-08-13,"Kathy Ann, Svetlana, John, Soma, Gustav, Yander, Terry, Robin, Siena, Ciara, Isabel, Sadie, Julien",Baker's Beach,"Rocky shore and beach mixed with rocky outcrops, cobble fields, tide pools, kelp and algal cover, low IT with urchin barrens",,"hand, general",,Species,
CAEU-0921,HUMB-07,7,,1,Rostanga pulchra,Y,Y,Y,TO CAS black dots present,Agarwal/Gosliner,2026-08-13,,533391,Rostanga pulchra,Animalia,Mollusca,Gastropoda,Doridida,Discodorididae,Rostanga,,pulchra,,2026-08-13,"Kathy Ann, Svetlana, John, Soma, Gustav, Yander, Terry, Robin, Siena, Ciara, Isabel, Sadie, Julien",Baker's Beach,"Rocky shore and beach mixed with rocky outcrops, cobble fields, tide pools, kelp and algal cover, low IT with urchin barrens",,"hand, general",,Species,
CAEU-0922,HUMB-07,7,,1,Rostanga pulchra,Y,Y,Y,TO CAS HIGH PRIORITY,Agarwal/Gosliner,2026-08-13,,533391,Rostanga pulchra,Animalia,Mollusca,Gastropoda,Doridida,Discodorididae,Rostanga,,pulchra,,2026-08-13,"Kathy Ann, Svetlana, John, Soma, Gustav, Yander, Terry, Robin, Siena, Ciara, Isabel, Sadie, Julien",Baker's Beach,"Rocky shore and beach mixed with rocky outcrops, cobble fields, tide pools, kelp and algal cover, low IT with urchin barrens",,"hand, general",,Species,
CAEU-0923,HUMB-07,7,,1,Rostanga pulchra,Y,Y,Y,TO CAS HIGH PRIORITY,Agarwal/Gosliner,2026-08-13,,533391,Rostanga pulchra,Animalia,Mollusca,Gastropoda,Doridida,Discodorididae,Rostanga,,pulchra,,2026-08-13,"Kathy Ann, Svetlana, John, Soma, Gustav, Yander, Terry, Robin, Siena, Ciara, Isabel, Sadie, Julien",Baker's Beach,"Rocky shore and beach mixed with rocky outcrops, cobble fields, tide pools, kelp and algal cover, low IT with urchin barrens",,"hand, general",,Species,
CAEU-0924,HUMB-07,7,,1,Rostanga pulchra,Y,Y,Y,TO CAS HIGH PRIORITY,Agarwal/Gosliner,2026-08-13,,533391,Rostanga pulchra,Animalia,Mollusca,Gastropoda,Doridida,Discodorididae,Rostanga,,pulchra,,2026-08-13,"Kathy Ann, Svetlana, John, Soma, Gustav, Yander, Terry, Robin, Siena, Ciara, Isabel, Sadie, Julien",Baker's Beach,"Rocky shore and beach mixed with rocky outcrops, cobble fields, tide pools, kelp and algal cover, low IT with urchin barrens",,"hand, general",,Species,
CAEU-0925,HUMB-07,7,,1,Ancula pacifica,Y,Y,Y,TO CAS,Agarwal/Gosliner,2026-08-13,,581643,Ancula pacifica,Animalia,Mollusca,Gastropoda,Doridida,Goniodorididae,Ancula,,pacifica,,2026-08-13,"Kathy Ann, Svetlana, John, Soma, Gustav, Yander, Terry, Robin, Siena, Ciara, Isabel, Sadie, Julien",Baker's Beach,"Rocky shore and beach mixed with rocky outcrops, cobble fields, tide pools, kelp and algal cover, low IT with urchin barrens",,"hand, general",,Species,
CAEU-0926,HUMB-07,7,,1,Hallaxa chani,Y,Y,Y,TO CAS,Agarwal/Gosliner,2026-08-13,,581807,Hallaxa chani,Animalia,Mollusca,Gastropoda,Doridida,Actinocyclidae,Hallaxa,,chani,,2026-08-13,"Kathy Ann, Svetlana, John, Soma, Gustav, Yander, Terry, Robin, Siena, Ciara, Isabel, Sadie, Julien",Baker's Beach,"Rocky shore and beach mixed with rocky outcrops, cobble fields, tide pools, kelp and algal cover, low IT with urchin barrens",,"hand, general",,Species,
CAEU-0927,HUMB-07,7,,2,Atalodoris jannae,Y,Y,Y,TO CAS,Agarwal/Gosliner,2026-08-13,,1565340,Atalodoris jannae,Animalia,Mollusca,Gastropoda,Doridida,Onchidorididae,Atalodoris,,jannae,,2026-08-13,"Kathy Ann, Svetlana, John, Soma, Gustav, Yander, Terry, Robin, Siena, Ciara, Isabel, Sadie, Julien",Baker's Beach,"Rocky shore and beach mixed with rocky outcrops, cobble fields, tide pools, kelp and algal cover, low IT with urchin barrens",,"hand, general",,Species,
CAEU-0928,HUMB-07,7,,1,Tenellia albocrusta,Y,Y,Y,TO CAS,Agarwal/Gosliner,2026-08-13,,986813,Tenellia albocrusta,Animalia,Mollusca,Gastropoda,Nudibranchia,Trinchesiidae,Tenellia,,albocrusta,,2026-08-13,"Kathy Ann, Svetlana, John, Soma, Gustav, Yander, Terry, Robin, Siena, Ciara, Isabel, Sadie, Julien",Baker's Beach,"Rocky shore and beach mixed with rocky outcrops, cobble fields, tide pools, kelp and algal cover, low IT with urchin barrens",,"hand, general",,Species,
CAEU-0929,HUMB-07,7,,1,Tenellia flavovulta,Y,Y,Y,TO CAS,Agarwal/Gosliner,2026-08-13,,890622,Tenellia flavovulta,Animalia,Mollusca,Gastropoda,Nudibranchia,Trinchesiidae,Tenellia,,flavovulta,,2026-08-13,"Kathy Ann, Svetlana, John, Soma, Gustav, Yander, Terry, Robin, Siena, Ciara, Isabel, Sadie, Julien",Baker's Beach,"Rocky shore and beach mixed with rocky outcrops, cobble fields, tide pools, kelp and algal cover, low IT with urchin barrens",,"hand, general",,Species,
CAEU-0930,HUMB-07,7,,14,Hermaea vancouverensis,Y,Y,Y,TO CAS,Agarwal/Gosliner,2026-08-13,,494539,Hermaea vancouverensis,Animalia,Mollusca,Gastropoda,,Hermaeidae,Hermaea,,vancouverensis,,2026-08-13,"Kathy Ann, Svetlana, John, Soma, Gustav, Yander, Terry, Robin, Siena, Ciara, Isabel, Sadie, Julien",Baker's Beach,"Rocky shore and beach mixed with rocky outcrops, cobble fields, tide pools, kelp and algal cover, low IT with urchin barrens",,"hand, general",,Species,
CAEU-0931,6,6,,1,Callianax biplicata,/,/,/,low IT in sand,Gustav Paulay,2026-08-12,,1424883,Callianax biplicata,Animalia,Mollusca,Gastropoda,Neogastropoda,Olividae,Callianax,,biplicata,,2026-08-12,"Kathy Ann, Svetlana, John, Soma, Gustav, Yander, Terry, Robin, Siena, Ciara, Isabel, Sadie, Julien",Old Home Beach,Rocky intertidal with rock ledges,,hand,,Species,
CAEU-0932,6,6,,1,Callianax biplicata,/,/,/,low IT in sand,Gustav Paulay,2026-08-12,,1424883,Callianax biplicata,Animalia,Mollusca,Gastropoda,Neogastropoda,Olividae,Callianax,,biplicata,,2026-08-12,"Kathy Ann, Svetlana, John, Soma, Gustav, Yander, Terry, Robin, Siena, Ciara, Isabel, Sadie, Julien",Old Home Beach,Rocky intertidal with rock ledges,,hand,,Species,
CAEU-0933,6,6,,1,Callianax biplicata,/,/,/,low IT in sand,Gustav Paulay,2026-08-12,,1424883,Callianax biplicata,Animalia,Mollusca,Gastropoda,Neogastropoda,Olividae,Callianax,,biplicata,,2026-08-12,"Kathy Ann, Svetlana, John, Soma, Gustav, Yander, Terry, Robin, Siena, Ciara, Isabel, Sadie, Julien",Old Home Beach,Rocky intertidal with rock ledges,,hand,,Species,
CAEU-0934,6,6,,bulk,Callianax biplicata,/,/,/,low IT in sand,Gustav Paulay,2026-08-12,,1424883,Callianax biplicata,Animalia,Mollusca,Gastropoda,Neogastropoda,Olividae,Callianax,,biplicata,,2026-08-12,"Kathy Ann, Svetlana, John, Soma, Gustav, Yander, Terry, Robin, Siena, Ciara, Isabel, Sadie, Julien",Old Home Beach,Rocky intertidal with rock ledges,,hand,,Species,
CAEU-0935,6,6,,1,Chlamys,/,/,/,,Gustav Paulay,2026-08-12,,138315,Chlamys,Animalia,Mollusca,Bivalvia,Pectinida,Pectinidae,Chlamys,,,,2026-08-12,"Kathy Ann, Svetlana, John, Soma, Gustav, Yander, Terry, Robin, Siena, Ciara, Isabel, Sadie, Julien",Old Home Beach,Rocky intertidal with rock ledges,,hand,,Genus,
CAEU-0936,6,6,,1,Leukoma staminea,/,/,/,,Gustav Paulay,2026-08-12,,507737,Leukoma staminea,Animalia,Mollusca,Bivalvia,Venerida,Veneridae,Leukoma,,staminea,,2026-08-12,"Kathy Ann, Svetlana, John, Soma, Gustav, Yander, Terry, Robin, Siena, Ciara, Isabel, Sadie, Julien",Old Home Beach,Rocky intertidal with rock ledges,,hand,,Species,
CAEU-0937,6,6,CAEU-0863,2,Stenothoidae,/,/,/,"1 DNA, 1 voucher on CAUE-0863 Ectopleura marina",Gustav Paulay,2026-08-12,,101409,Stenothoidae,Animalia,Arthropoda,Malacostraca,Amphipoda,Stenothoidae,,,,,2026-08-12,"Kathy Ann, Svetlana, John, Soma, Gustav, Yander, Terry, Robin, Siena, Ciara, Isabel, Sadie, Julien",Old Home Beach,Rocky intertidal with rock ledges,,hand,,Family,
CAEU-0938,6,6,,1,Ceratosoma foliatum,/,/,/,,Gustav Paulay,2026-08-12,,240767,Ceratostoma foliatum,Animalia,Mollusca,Gastropoda,Neogastropoda,Muricidae,Ceratostoma,,foliatum,,2026-08-12,"Kathy Ann, Svetlana, John, Soma, Gustav, Yander, Terry, Robin, Siena, Ciara, Isabel, Sadie, Julien",Old Home Beach,Rocky intertidal with rock ledges,,hand,,Species,
CAEU-0939,6,6,,bulk,Allorchestes richtersi,/,/,/,"under rocks, abundant, mid-high IT",S. McKim,2026-08-12,,489551,Allorchestes rickeri,Animalia,Arthropoda,Malacostraca,Amphipoda,Dogielinotidae,Allorchestes,,rickeri,,2026-08-12,"Kathy Ann, Svetlana, John, Soma, Gustav, Yander, Terry, Robin, Siena, Ciara, Isabel, Sadie, Julien",Old Home Beach,Rocky intertidal with rock ledges,,hand,,Species,
CAEU-0940,6,6,,1,Calliostoma ligatum,/,/,/,,Gustav Paulay,2026-08-12,,580412,Calliostoma ligatum,Animalia,Mollusca,Gastropoda,Trochida,Calliostomatidae,Calliostoma,,ligatum,,2026-08-12,"Kathy Ann, Svetlana, John, Soma, Gustav, Yander, Terry, Robin, Siena, Ciara, Isabel, Sadie, Julien",Old Home Beach,Rocky intertidal with rock ledges,,hand,,Species,
CAEU-0941,6,6,,1,Calliostoma ligatum,/,/,/,,Gustav Paulay,2026-08-12,,580412,Calliostoma ligatum,Animalia,Mollusca,Gastropoda,Trochida,Calliostomatidae,Calliostoma,,ligatum,,2026-08-12,"Kathy Ann, Svetlana, John, Soma, Gustav, Yander, Terry, Robin, Siena, Ciara, Isabel, Sadie, Julien",Old Home Beach,Rocky intertidal with rock ledges,,hand,,Species,
CAEU-0942,6,6,,1,Calliostoma ligatum,/,/,/,,Gustav Paulay,2026-08-12,,580412,Calliostoma ligatum,Animalia,Mollusca,Gastropoda,Trochida,Calliostomatidae,Calliostoma,,ligatum,,2026-08-12,"Kathy Ann, Svetlana, John, Soma, Gustav, Yander, Terry, Robin, Siena, Ciara, Isabel, Sadie, Julien",Old Home Beach,Rocky intertidal with rock ledges,,hand,,Species,
CAEU-0943,6,6,,1,Amphissa columbiana,/,/,/,,Gustav Paulay,2026-08-12,,511361,Amphissa columbiana,Animalia,Mollusca,Gastropoda,Neogastropoda,Columbellidae,Amphissa,,columbiana,,2026-08-12,"Kathy Ann, Svetlana, John, Soma, Gustav, Yander, Terry, Robin, Siena, Ciara, Isabel, Sadie, Julien",Old Home Beach,Rocky intertidal with rock ledges,,hand,,Species,
CAEU-0944,6,6,,1,Amphissa columbiana,/,/,/,,Gustav Paulay,2026-08-12,,511361,Amphissa columbiana,Animalia,Mollusca,Gastropoda,Neogastropoda,Columbellidae,Amphissa,,columbiana,,2026-08-12,"Kathy Ann, Svetlana, John, Soma, Gustav, Yander, Terry, Robin, Siena, Ciara, Isabel, Sadie, Julien",Old Home Beach,Rocky intertidal with rock ledges,,hand,,Species,
CAEU-0945,6,6,,1,Amphissa columbiana,/,/,/,,Gustav Paulay,2026-08-12,,511361,Amphissa columbiana,Animalia,Mollusca,Gastropoda,Neogastropoda,Columbellidae,Amphissa,,columbiana,,2026-08-12,"Kathy Ann, Svetlana, John, Soma, Gustav, Yander, Terry, Robin, Siena, Ciara, Isabel, Sadie, Julien",Old Home Beach,Rocky intertidal with rock ledges,,hand,,Species,
CAEU-0946,6,6,,bulk,Amphissa columbiana,X,X,/,,Gustav Paulay,2026-08-12,,511361,Amphissa columbiana,Animalia,Mollusca,Gastropoda,Neogastropoda,Columbellidae,Amphissa,,columbiana,,2026-08-12,"Kathy Ann, Svetlana, John, Soma, Gustav, Yander, Terry, Robin, Siena, Ciara, Isabel, Sadie, Julien",Old Home Beach,Rocky intertidal with rock ledges,,hand,,Species,
CAEU-0947,6,6,,1,Margarites pupillus,/,/,/,,Gustav Paulay,2026-08-12,,528731,Margarites pupillus,Animalia,Mollusca,Gastropoda,Trochida,Margaritesidae,Margarites,,pupillus,,2026-08-12,"Kathy Ann, Svetlana, John, Soma, Gustav, Yander, Terry, Robin, Siena, Ciara, Isabel, Sadie, Julien",Old Home Beach,Rocky intertidal with rock ledges,,hand,,Species,
CAEU-0948,6,6,,1,Margarites pupillus,/,/,/,,Gustav Paulay,2026-08-12,,528731,Margarites pupillus,Animalia,Mollusca,Gastropoda,Trochida,Margaritesidae,Margarites,,pupillus,,2026-08-12,"Kathy Ann, Svetlana, John, Soma, Gustav, Yander, Terry, Robin, Siena, Ciara, Isabel, Sadie, Julien",Old Home Beach,Rocky intertidal with rock ledges,,hand,,Species,
CAEU-0949,6,6,,1,Margarites pupillus,/,/,/,,Gustav Paulay,2026-08-12,,528731,Margarites pupillus,Animalia,Mollusca,Gastropoda,Trochida,Margaritesidae,Margarites,,pupillus,,2026-08-12,"Kathy Ann, Svetlana, John, Soma, Gustav, Yander, Terry, Robin, Siena, Ciara, Isabel, Sadie, Julien",Old Home Beach,Rocky intertidal with rock ledges,,hand,,Species,
CAEU-0950,6,6,,bulk,Margarites pupillus,X,X,/,,Gustav Paulay,2026-08-12,,528731,Margarites pupillus,Animalia,Mollusca,Gastropoda,Trochida,Margaritesidae,Margarites,,pupillus,,2026-08-12,"Kathy Ann, Svetlana, John, Soma, Gustav, Yander, Terry, Robin, Siena, Ciara, Isabel, Sadie, Julien",Old Home Beach,Rocky intertidal with rock ledges,,hand,,Species,
CAEU-0951,3C,3C,,1,Neostylidium eschrichtii,/,/,/,,Gustav Paulay,2026-08-12,,744620,Neostylidium eschrichtii,Animalia,Mollusca,Gastropoda,Caenogastropoda incertae sedis,Cerithiidae,Neostylidium,,eschrichtii,,2026-08-11,Svetlana,Luffenholtz Beach,"Rocky shore and beach mixed with rocky outcrops, cobble fields, tide pools, kelp and algal cover, low IT in some areas with urchin barrens","detached holdfasts, rootmass, well sanded, low IT on rocks",sweat,,Species,
CAEU-0952,3C,3C,,1,Neostylidium eschrichtii,/,/,/,,Gustav Paulay,2026-08-12,,744620,Neostylidium eschrichtii,Animalia,Mollusca,Gastropoda,Caenogastropoda incertae sedis,Cerithiidae,Neostylidium,,eschrichtii,,2026-08-11,Svetlana,Luffenholtz Beach,"Rocky shore and beach mixed with rocky outcrops, cobble fields, tide pools, kelp and algal cover, low IT in some areas with urchin barrens","detached holdfasts, rootmass, well sanded, low IT on rocks",sweat,,Species,
CAEU-0953,5B,5B,,1,Nucella ostrina,/,/,/,,Gustav Paulay,2026-08-12,,404225,Nucella ostrina,Animalia,Mollusca,Gastropoda,Neogastropoda,Muricidae,Nucella,,ostrina,,2026-08-12,"Greg, Amy",Old Home Beach,Rocky & sandy shore,rock on beach,hand,,Species,
CAEU-0954,5B,5B,,1,Nucella ostrina,/,/,/,,Gustav Paulay,2026-08-12,,404225,Nucella ostrina,Animalia,Mollusca,Gastropoda,Neogastropoda,Muricidae,Nucella,,ostrina,,2026-08-12,"Greg, Amy",Old Home Beach,Rocky & sandy shore,rock on beach,hand,,Species,
CAEU-0955,5B,5B,,1,Nucella ostrina,/,/,/,,Gustav Paulay,2026-08-12,,404225,Nucella ostrina,Animalia,Mollusca,Gastropoda,Neogastropoda,Muricidae,Nucella,,ostrina,,2026-08-12,"Greg, Amy",Old Home Beach,Rocky & sandy shore,rock on beach,hand,,Species,
CAEU-0956,5B,5B,,bulk,Nucella ostrina,X,X,/,,Gustav Paulay,2026-08-12,,404225,Nucella ostrina,Animalia,Mollusca,Gastropoda,Neogastropoda,Muricidae,Nucella,,ostrina,,2026-08-12,"Greg, Amy",Old Home Beach,Rocky & sandy shore,rock on beach,hand,,Species,
CAEU-0957,5B,5B,,1,Lottia digitalis?,/,/,/,,Gustav Paulay,2026-08-12,,456588,Lottia digitalis,Animalia,Mollusca,Gastropoda,Nacellida,Lottiidae,Lottia,,digitalis,,2026-08-12,"Greg, Amy",Old Home Beach,Rocky & sandy shore,rock on beach,hand,,Species,
CAEU-0958,5B,5B,CAEU-0957,bulk,Lottia digitalis?,/,/,/,,Gustav Paulay,2026-08-12,,456588,Lottia digitalis,Animalia,Mollusca,Gastropoda,Nacellida,Lottiidae,Lottia,,digitalis,,2026-08-12,"Greg, Amy",Old Home Beach,Rocky & sandy shore,rock on beach,hand,,Species,
CAEU-0959,6,6,CAEU-0957,1,Lottia digitalis?,/,/,/,,Gustav Paulay,2026-08-12,,456588,Lottia digitalis,Animalia,Mollusca,Gastropoda,Nacellida,Lottiidae,Lottia,,digitalis,,2026-08-12,"Kathy Ann, Svetlana, John, Soma, Gustav, Yander, Terry, Robin, Siena, Ciara, Isabel, Sadie, Julien",Old Home Beach,Rocky intertidal with rock ledges,,hand,,Species,
CAEU-0960,6,6,CAEU-0957,bulk,Lottia digitalis?,X,X,/,,GP,2026-08-12,,456588,Lottia digitalis,Animalia,Mollusca,Gastropoda,Nacellida,Lottiidae,Lottia,,digitalis,,2026-08-12,"Kathy Ann, Svetlana, John, Soma, Gustav, Yander, Terry, Robin, Siena, Ciara, Isabel, Sadie, Julien",Old Home Beach,Rocky intertidal with rock ledges,,hand,,Species,
CAEU-0961,HUMB-03A,3A,,1,Vejdovskya? sp. 1,y,,y,WM,Yander L. Diez,2026-08-13,,142296,Vejdovskya,Animalia,Platyhelminthes,,Rhabdocoela,Provorticidae,Vejdovskya,,,,2026-08-11,Svetlana,Luffenholtz Beach,"Rocky shore and beach mixed with rocky outcrops, cobble fields, tide pools, kelp and algal cover, low IT in some areas with urchin barrens",sand,shovel,,Genus,
CAEU-0962,HUMB-03A,3A,,1,Proseriata sp. 2,y,,y,WM,Yander L. Diez,2026-08-13,,142027,Proseriata,Animalia,Platyhelminthes,,Proseriata,,,,,,2026-08-11,Svetlana,Luffenholtz Beach,"Rocky shore and beach mixed with rocky outcrops, cobble fields, tide pools, kelp and algal cover, low IT in some areas with urchin barrens",sand,shovel,,Higher,
CAEU-0963,HUMB-03A,3A,,1,Vejdovskya? sp. 1,y,,y,WM,Yander L. Diez,2026-08-13,,142296,Vejdovskya,Animalia,Platyhelminthes,,Rhabdocoela,Provorticidae,Vejdovskya,,,,2026-08-11,Svetlana,Luffenholtz Beach,"Rocky shore and beach mixed with rocky outcrops, cobble fields, tide pools, kelp and algal cover, low IT in some areas with urchin barrens",sand,shovel,,Genus,
CAEU-0964,HUMB-03A,3A,,1,Schizorhynchia sp. 2,y,,y,"WM, cf Diascorhynchidae",Yander L. Diez,2026-08-13,,155663,Schizorhynchia,Animalia,Platyhelminthes,,Rhabdocoela,,,,,,2026-08-11,Svetlana,Luffenholtz Beach,"Rocky shore and beach mixed with rocky outcrops, cobble fields, tide pools, kelp and algal cover, low IT in some areas with urchin barrens",sand,shovel,,Higher,
CAEU-0965,HUMB-03A,3A,,1,Vejdovskya sp. 1,y,y,,eth,Yander L. Diez,2026-08-13,,142296,Vejdovskya,Animalia,Platyhelminthes,,Rhabdocoela,Provorticidae,Vejdovskya,,,,2026-08-11,Svetlana,Luffenholtz Beach,"Rocky shore and beach mixed with rocky outcrops, cobble fields, tide pools, kelp and algal cover, low IT in some areas with urchin barrens",sand,shovel,,Genus,
CAEU-0966,HUMB-03A,3A,,1,Cicerina sp. 1,y,,y,WM,Yander L. Diez,2026-08-13,,142311,Cicerina,Animalia,Platyhelminthes,,Rhabdocoela,Cicerinidae,Cicerina,,,,2026-08-11,Svetlana,Luffenholtz Beach,"Rocky shore and beach mixed with rocky outcrops, cobble fields, tide pools, kelp and algal cover, low IT in some areas with urchin barrens",sand,shovel,,Genus,
CAEU-0967,HUMB-03A,3A,,1,Annelida sp. 1,y,y,,eth,Yander L. Diez,2026-08-13,,882,Annelida,Animalia,Annelida,,,,,,,,2026-08-11,Svetlana,Luffenholtz Beach,"Rocky shore and beach mixed with rocky outcrops, cobble fields, tide pools, kelp and algal cover, low IT in some areas with urchin barrens",sand,shovel,,Higher,
CAEU-0968,HUMB-03A,3A,,1,Cicerina sp. 2,y,y,,eth,Yander L. Diez,2026-08-13,,142311,Cicerina,Animalia,Platyhelminthes,,Rhabdocoela,Cicerinidae,Cicerina,,,,2026-08-11,Svetlana,Luffenholtz Beach,"Rocky shore and beach mixed with rocky outcrops, cobble fields, tide pools, kelp and algal cover, low IT in some areas with urchin barrens",sand,shovel,,Genus,
CAEU-0969,HUMB-03A,3A,,1,Vejdovskya sp. 2,y,y,,eth,Yander L. Diez,2026-08-13,,142296,Vejdovskya,Animalia,Platyhelminthes,,Rhabdocoela,Provorticidae,Vejdovskya,,,,2026-08-11,Svetlana,Luffenholtz Beach,"Rocky shore and beach mixed with rocky outcrops, cobble fields, tide pools, kelp and algal cover, low IT in some areas with urchin barrens",sand,shovel,,Genus,
CAEU-0970,HUMB-03A,3A,,1,Cicerina sp. 1,y,,y,WM,Yander L. Diez,2026-08-13,,142311,Cicerina,Animalia,Platyhelminthes,,Rhabdocoela,Cicerinidae,Cicerina,,,,2026-08-11,Svetlana,Luffenholtz Beach,"Rocky shore and beach mixed with rocky outcrops, cobble fields, tide pools, kelp and algal cover, low IT in some areas with urchin barrens",sand,shovel,,Genus,
CAEU-0971,HUMB-03A,3A,,1,Schizorhynchia sp. 2,y,,y,eth,Yander L. Diez,2026-08-13,,155663,Schizorhynchia,Animalia,Platyhelminthes,,Rhabdocoela,,,,,,2026-08-11,Svetlana,Luffenholtz Beach,"Rocky shore and beach mixed with rocky outcrops, cobble fields, tide pools, kelp and algal cover, low IT in some areas with urchin barrens",sand,shovel,,Higher,
CAEU-0972,HUMB-03A,3A,,1,Cheliplana sp. 1,y,,y,WM,Yander L. Diez,2026-08-13,,142341,Cheliplana,Animalia,Platyhelminthes,,Rhabdocoela,Cheliplanidae,Cheliplana,,,,2026-08-11,Svetlana,Luffenholtz Beach,"Rocky shore and beach mixed with rocky outcrops, cobble fields, tide pools, kelp and algal cover, low IT in some areas with urchin barrens",sand,shovel,,Genus,
CAEU-0973,HUMB-03A,3A,,1,Schizorhynchia sp. 2,y,y,,eth,Yander L. Diez,2026-08-13,,155663,Schizorhynchia,Animalia,Platyhelminthes,,Rhabdocoela,,,,,,2026-08-11,Svetlana,Luffenholtz Beach,"Rocky shore and beach mixed with rocky outcrops, cobble fields, tide pools, kelp and algal cover, low IT in some areas with urchin barrens",sand,shovel,,Higher,
CAEU-0974,HUMB-03A,3A,,1,Cicerina sp. 3,y,,y,WM,Yander L. Diez,2026-08-13,,142311,Cicerina,Animalia,Platyhelminthes,,Rhabdocoela,Cicerinidae,Cicerina,,,,2026-08-11,Svetlana,Luffenholtz Beach,"Rocky shore and beach mixed with rocky outcrops, cobble fields, tide pools, kelp and algal cover, low IT in some areas with urchin barrens",sand,shovel,,Genus,
CAEU-0975,HUMB-03A,3A,,1,Cicerina sp. 2,y,,y,WM,Yander L. Diez,2026-08-13,,142311,Cicerina,Animalia,Platyhelminthes,,Rhabdocoela,Cicerinidae,Cicerina,,,,2026-08-11,Svetlana,Luffenholtz Beach,"Rocky shore and beach mixed with rocky outcrops, cobble fields, tide pools, kelp and algal cover, low IT in some areas with urchin barrens",sand,shovel,,Genus,
CAEU-0976,HUMB-03A,3A,,1,Cheliplana sp. 1,y,y,,eth,Yander L. Diez,2026-08-13,,142341,Cheliplana,Animalia,Platyhelminthes,,Rhabdocoela,Cheliplanidae,Cheliplana,,,,2026-08-11,Svetlana,Luffenholtz Beach,"Rocky shore and beach mixed with rocky outcrops, cobble fields, tide pools, kelp and algal cover, low IT in some areas with urchin barrens",sand,shovel,,Genus,
CAEU-0977,HUMB-03A,3A,,1,Schizorhynchidae sp. 2,y,y,,eth,Yander L. Diez,2026-08-13,,142101,Schizorhynchidae,Animalia,Platyhelminthes,,Rhabdocoela,Schizorhynchidae,,,,,2026-08-11,Svetlana,Luffenholtz Beach,"Rocky shore and beach mixed with rocky outcrops, cobble fields, tide pools, kelp and algal cover, low IT in some areas with urchin barrens",sand,shovel,,Family,
CAEU-0978,HUMB-03A,3A,,1,Cheliplana sp. 1,y,y,,eth,Yander L. Diez,2026-08-13,,142341,Cheliplana,Animalia,Platyhelminthes,,Rhabdocoela,Cheliplanidae,Cheliplana,,,,2026-08-11,Svetlana,Luffenholtz Beach,"Rocky shore and beach mixed with rocky outcrops, cobble fields, tide pools, kelp and algal cover, low IT in some areas with urchin barrens",sand,shovel,,Genus,
CAEU-0979,HUMB-03A,3A,,1,Cicerina sp. 1,y,y,,eth,Yander L. Diez,2026-08-13,,142311,Cicerina,Animalia,Platyhelminthes,,Rhabdocoela,Cicerinidae,Cicerina,,,,2026-08-11,Svetlana,Luffenholtz Beach,"Rocky shore and beach mixed with rocky outcrops, cobble fields, tide pools, kelp and algal cover, low IT in some areas with urchin barrens",sand,shovel,,Genus,
CAEU-0980,HUMB-03A,3A,,1,Vejdovskya sp. 1,y,y,,eth,Yander L. Diez,2026-08-13,,142296,Vejdovskya,Animalia,Platyhelminthes,,Rhabdocoela,Provorticidae,Vejdovskya,,,,2026-08-11,Svetlana,Luffenholtz Beach,"Rocky shore and beach mixed with rocky outcrops, cobble fields, tide pools, kelp and algal cover, low IT in some areas with urchin barrens",sand,shovel,,Genus,
CAEU-0981,HUMB-03A,3A,,1,Vejdovskya sp. 1,y,,y,WM,Yander L. Diez,2026-08-13,,142296,Vejdovskya,Animalia,Platyhelminthes,,Rhabdocoela,Provorticidae,Vejdovskya,,,,2026-08-11,Svetlana,Luffenholtz Beach,"Rocky shore and beach mixed with rocky outcrops, cobble fields, tide pools, kelp and algal cover, low IT in some areas with urchin barrens",sand,shovel,,Genus,
CAEU-0982,HUMB-03A,3A,,1,Cheliplana sp. 1,y,y,y,WM,Yander L. Diez,2026-08-13,,142341,Cheliplana,Animalia,Platyhelminthes,,Rhabdocoela,Cheliplanidae,Cheliplana,,,,2026-08-11,Svetlana,Luffenholtz Beach,"Rocky shore and beach mixed with rocky outcrops, cobble fields, tide pools, kelp and algal cover, low IT in some areas with urchin barrens",sand,shovel,,Genus,
CAEU-0983,HUMB-03A,3A,,1,Vejdovskya sp. 2,y,y,,eth,Yander L. Diez,2026-08-13,,142296,Vejdovskya,Animalia,Platyhelminthes,,Rhabdocoela,Provorticidae,Vejdovskya,,,,2026-08-11,Svetlana,Luffenholtz Beach,"Rocky shore and beach mixed with rocky outcrops, cobble fields, tide pools, kelp and algal cover, low IT in some areas with urchin barrens",sand,shovel,,Genus,
CAEU-0984,HUMB-03A,3A,,1,Vejdovskya sp. 2,y,y,,eth,Yander L. Diez,2026-08-13,,142296,Vejdovskya,Animalia,Platyhelminthes,,Rhabdocoela,Provorticidae,Vejdovskya,,,,2026-08-11,Svetlana,Luffenholtz Beach,"Rocky shore and beach mixed with rocky outcrops, cobble fields, tide pools, kelp and algal cover, low IT in some areas with urchin barrens",sand,shovel,,Genus,
CAEU-0985,HUMB-03A,3A,,1,Proseriata sp. 1,y,y,,eth,Yander L. Diez,2026-08-13,,142027,Proseriata,Animalia,Platyhelminthes,,Proseriata,,,,,,2026-08-11,Svetlana,Luffenholtz Beach,"Rocky shore and beach mixed with rocky outcrops, cobble fields, tide pools, kelp and algal cover, low IT in some areas with urchin barrens",sand,shovel,,Higher,
CAEU-0986,HUMB-03A,3A,,1,Cicerina sp. 2,y,y,,eth,Yander L. Diez,2026-08-13,,142311,Cicerina,Animalia,Platyhelminthes,,Rhabdocoela,Cicerinidae,Cicerina,,,,2026-08-11,Svetlana,Luffenholtz Beach,"Rocky shore and beach mixed with rocky outcrops, cobble fields, tide pools, kelp and algal cover, low IT in some areas with urchin barrens",sand,shovel,,Genus,
CAEU-0987,HUMB-03A,3A,,1,Cicerina sp. 1,y,,y,WM,Yander L. Diez,2026-08-13,,142311,Cicerina,Animalia,Platyhelminthes,,Rhabdocoela,Cicerinidae,Cicerina,,,,2026-08-11,Svetlana,Luffenholtz Beach,"Rocky shore and beach mixed with rocky outcrops, cobble fields, tide pools, kelp and algal cover, low IT in some areas with urchin barrens",sand,shovel,,Genus,
CAEU-0988,HUMB-07A,7A,,1,Cicerina bicirrata,y,y,,eth,Yander L. Diez,2026-08-13,,155882,Cicerina bicirrata,Animalia,Platyhelminthes,,Rhabdocoela,Cicerinidae,Cicerina,,bicirrata,,2026-08-13,Yander,Baker's Beach,"Rocky shore and beach mixed with rocky outcrops, cobble fields, tide pools, kelp and algal cover, low IT with urchin barrens",coarse sand from tide pools,,,Species,
CAEU-0989,HUMB-07A,7A,,1,Cicerina bicirrata,y,y,,eth,Yander L. Diez,2026-08-13,,155882,Cicerina bicirrata,Animalia,Platyhelminthes,,Rhabdocoela,Cicerinidae,Cicerina,,bicirrata,,2026-08-13,Yander,Baker's Beach,"Rocky shore and beach mixed with rocky outcrops, cobble fields, tide pools, kelp and algal cover, low IT with urchin barrens",coarse sand from tide pools,,,Species,
CAEU-0990,HUMB-07A,7A,,1,Cicerina bicirrata,y,y,,eth,Yander L. Diez,2026-08-13,,155882,Cicerina bicirrata,Animalia,Platyhelminthes,,Rhabdocoela,Cicerinidae,Cicerina,,bicirrata,,2026-08-13,Yander,Baker's Beach,"Rocky shore and beach mixed with rocky outcrops, cobble fields, tide pools, kelp and algal cover, low IT with urchin barrens",coarse sand from tide pools,,,Species,
CAEU-0991,HUMB06C,6C,,7,Munna sp. 1,X,X,/,bulk,Siena McKim,2026-08-12,,118374,Munna,Animalia,Arthropoda,Malacostraca,Isopoda,Munnidae,Munna,,,,2026-08-12,Soma,Old Home Beach,Rocky intertidal with rock ledges,scrapings from rocks,sweat & pick,,Genus,
CAEU-0992,HUMB06C,6C,,1,Photis sp. 3,X,/,X,,Siena McKim,2026-08-12,,101563,Photis,Animalia,Arthropoda,Malacostraca,Amphipoda,Photidae,Photis,,,,2026-08-12,Soma,Old Home Beach,Rocky intertidal with rock ledges,scrapings from rocks,sweat & pick,,Genus,
CAEU-0993,HUMB06C,6C,,1,Aoroides columbiae,X,X,/,♂,Siena McKim,2026-08-12,,488680,Aoroides columbiae,Animalia,Arthropoda,Malacostraca,Amphipoda,Aoridae,Aoroides,,columbiae,,2026-08-12,Soma,Old Home Beach,Rocky intertidal with rock ledges,scrapings from rocks,sweat & pick,,Species,
CAEU-0994,HUMB06C,6C,,1,Aoroides columbiae,X,/,X,♀,Siena McKim,2026-08-12,,488680,Aoroides columbiae,Animalia,Arthropoda,Malacostraca,Amphipoda,Aoridae,Aoroides,,columbiae,,2026-08-12,Soma,Old Home Beach,Rocky intertidal with rock ledges,scrapings from rocks,sweat & pick,,Species,
CAEU-0995,HUMB06C,6C,,7,Aoroides columbiae,X,X,X,bulk,Siena McKim,2026-08-12,,488680,Aoroides columbiae,Animalia,Arthropoda,Malacostraca,Amphipoda,Aoridae,Aoroides,,columbiae,,2026-08-12,Soma,Old Home Beach,Rocky intertidal with rock ledges,scrapings from rocks,sweat & pick,,Species,
CAEU-0996,HUMB06,6,CAEU-0939,2,Allorchestes richtersi,X,X,/,"1♂, 1♀",Siena McKim,2026-08-12,,489551,Allorchestes rickeri,Animalia,Arthropoda,Malacostraca,Amphipoda,Dogielinotidae,Allorchestes,,rickeri,,2026-08-12,"Kathy Ann, Svetlana, John, Soma, Gustav, Yander, Terry, Robin, Siena, Ciara, Isabel, Sadie, Julien",Old Home Beach,Rocky intertidal with rock ledges,,hand,,Species,
CAEU-0997,HUMB06,6,CAEU-0939,1,Allorchestes richtersi,X,/,X,,Siena McKim,2026-08-12,,489551,Allorchestes rickeri,Animalia,Arthropoda,Malacostraca,Amphipoda,Dogielinotidae,Allorchestes,,rickeri,,2026-08-12,"Kathy Ann, Svetlana, John, Soma, Gustav, Yander, Terry, Robin, Siena, Ciara, Isabel, Sadie, Julien",Old Home Beach,Rocky intertidal with rock ledges,,hand,,Species,
CAEU-0998,HUMB07,7,,1,Thorlaksonius brevirostris,/,X,/,♀,Siena McKim,2026-08-12,,549701,Thorlaksonius brevirostris,Animalia,Arthropoda,Malacostraca,Amphipoda,Pleustidae,Thorlaksonius,,brevirostris,,2026-08-13,"Kathy Ann, Svetlana, John, Soma, Gustav, Yander, Terry, Robin, Siena, Ciara, Isabel, Sadie, Julien",Baker's Beach,"Rocky shore and beach mixed with rocky outcrops, cobble fields, tide pools, kelp and algal cover, low IT with urchin barrens",,"hand, general",,Species,
CAEU-0999,HUMB07,7,,1,Thorlaksonius brevirostris,/,/,X,♀,Siena McKim,2026-08-12,,549701,Thorlaksonius brevirostris,Animalia,Arthropoda,Malacostraca,Amphipoda,Pleustidae,Thorlaksonius,,brevirostris,,2026-08-13,"Kathy Ann, Svetlana, John, Soma, Gustav, Yander, Terry, Robin, Siena, Ciara, Isabel, Sadie, Julien",Baker's Beach,"Rocky shore and beach mixed with rocky outcrops, cobble fields, tide pools, kelp and algal cover, low IT with urchin barrens",,"hand, general",,Species,
CAEU-1000,HUMB07,7,,1,Thorlaksonius brevirostris,/,X,/,♀,Siena McKim,2026-08-12,,549701,Thorlaksonius brevirostris,Animalia,Arthropoda,Malacostraca,Amphipoda,Pleustidae,Thorlaksonius,,brevirostris,,2026-08-13,"Kathy Ann, Svetlana, John, Soma, Gustav, Yander, Terry, Robin, Siena, Ciara, Isabel, Sadie, Julien",Baker's Beach,"Rocky shore and beach mixed with rocky outcrops, cobble fields, tide pools, kelp and algal cover, low IT with urchin barrens",,"hand, general",,Species,
CAEU-1001,HUMB07,7,,1,Thorlaksonius brevirostris,/,/,X,♀,Siena McKim,2026-08-12,,549701,Thorlaksonius brevirostris,Animalia,Arthropoda,Malacostraca,Amphipoda,Pleustidae,Thorlaksonius,,brevirostris,,2026-08-13,"Kathy Ann, Svetlana, John, Soma, Gustav, Yander, Terry, Robin, Siena, Ciara, Isabel, Sadie, Julien",Baker's Beach,"Rocky shore and beach mixed with rocky outcrops, cobble fields, tide pools, kelp and algal cover, low IT with urchin barrens",,"hand, general",,Species,
CAEU-1002,HUMB07,7,,5,Thorlaksonius brevirostris,X,X,/,bulk,Siena McKim,2026-08-12,,549701,Thorlaksonius brevirostris,Animalia,Arthropoda,Malacostraca,Amphipoda,Pleustidae,Thorlaksonius,,brevirostris,,2026-08-13,"Kathy Ann, Svetlana, John, Soma, Gustav, Yander, Terry, Robin, Siena, Ciara, Isabel, Sadie, Julien",Baker's Beach,"Rocky shore and beach mixed with rocky outcrops, cobble fields, tide pools, kelp and algal cover, low IT with urchin barrens",,"hand, general",,Species,
CAEU-1003,HUMB07,7,,1,Thorlaksonius subcarinatus,/,X,/,♀ stripe pattern,Siena McKim,2026-08-12,,549710,Thorlaksonius subcarinatus,Animalia,Arthropoda,Malacostraca,Amphipoda,Pleustidae,Thorlaksonius,,subcarinatus,,2026-08-13,"Kathy Ann, Svetlana, John, Soma, Gustav, Yander, Terry, Robin, Siena, Ciara, Isabel, Sadie, Julien",Baker's Beach,"Rocky shore and beach mixed with rocky outcrops, cobble fields, tide pools, kelp and algal cover, low IT with urchin barrens",,"hand, general",,Species,
CAEU-1004,HUMB07,7,,1,Thorlaksonius subcarinatus,/,/,X,white pattern,Siena McKim,2026-08-12,,549710,Thorlaksonius subcarinatus,Animalia,Arthropoda,Malacostraca,Amphipoda,Pleustidae,Thorlaksonius,,subcarinatus,,2026-08-13,"Kathy Ann, Svetlana, John, Soma, Gustav, Yander, Terry, Robin, Siena, Ciara, Isabel, Sadie, Julien",Baker's Beach,"Rocky shore and beach mixed with rocky outcrops, cobble fields, tide pools, kelp and algal cover, low IT with urchin barrens",,"hand, general",,Species,
CAEU-1005,HUMB07,7,,1,Paracalliopiella pratti,/,/,X,♂,Siena McKim,2026-08-12,,430753,Paracalliopiella pratti,Animalia,Arthropoda,Malacostraca,Amphipoda,Calliopiidae,Paracalliopiella,,pratti,,2026-08-13,"Kathy Ann, Svetlana, John, Soma, Gustav, Yander, Terry, Robin, Siena, Ciara, Isabel, Sadie, Julien",Baker's Beach,"Rocky shore and beach mixed with rocky outcrops, cobble fields, tide pools, kelp and algal cover, low IT with urchin barrens",,"hand, general",,Species,
CAEU-1006,HUMB07,7,,1,Paracalliopiella pratti,/,X,/,♀,Siena McKim,2026-08-12,,430753,Paracalliopiella pratti,Animalia,Arthropoda,Malacostraca,Amphipoda,Calliopiidae,Paracalliopiella,,pratti,,2026-08-13,"Kathy Ann, Svetlana, John, Soma, Gustav, Yander, Terry, Robin, Siena, Ciara, Isabel, Sadie, Julien",Baker's Beach,"Rocky shore and beach mixed with rocky outcrops, cobble fields, tide pools, kelp and algal cover, low IT with urchin barrens",,"hand, general",,Species,
CAEU-1007,HUMB07,7,,5,Paracalliopiella pratti,X,X,/,bulk,Siena McKim,2026-08-12,,430753,Paracalliopiella pratti,Animalia,Arthropoda,Malacostraca,Amphipoda,Calliopiidae,Paracalliopiella,,pratti,,2026-08-13,"Kathy Ann, Svetlana, John, Soma, Gustav, Yander, Terry, Robin, Siena, Ciara, Isabel, Sadie, Julien",Baker's Beach,"Rocky shore and beach mixed with rocky outcrops, cobble fields, tide pools, kelp and algal cover, low IT with urchin barrens",,"hand, general",,Species,
CAEU-1008,HUMB07,7,,1,Allorchestes richtersi,/,X,/,♀,Siena McKim,2026-08-12,,489551,Allorchestes rickeri,Animalia,Arthropoda,Malacostraca,Amphipoda,Dogielinotidae,Allorchestes,,rickeri,,2026-08-13,"Kathy Ann, Svetlana, John, Soma, Gustav, Yander, Terry, Robin, Siena, Ciara, Isabel, Sadie, Julien",Baker's Beach,"Rocky shore and beach mixed with rocky outcrops, cobble fields, tide pools, kelp and algal cover, low IT with urchin barrens",,"hand, general",,Species,
CAEU-1009,HUMB07,7,,1,Accedomoera vagor,/,X,/,not in good shape,Siena McKim,2026-08-12,,550289,Accedomoera vagor,Animalia,Arthropoda,Malacostraca,Amphipoda,Pontogeneiidae,Accedomoera,,vagor,,2026-08-13,"Kathy Ann, Svetlana, John, Soma, Gustav, Yander, Terry, Robin, Siena, Ciara, Isabel, Sadie, Julien",Baker's Beach,"Rocky shore and beach mixed with rocky outcrops, cobble fields, tide pools, kelp and algal cover, low IT with urchin barrens",,"hand, general",,Species,
CAEU-1010,HUMB07,7,,1,Accedomoera vagor,X,/,X,,Siena McKim,2026-08-12,,550289,Accedomoera vagor,Animalia,Arthropoda,Malacostraca,Amphipoda,Pontogeneiidae,Accedomoera,,vagor,,2026-08-13,"Kathy Ann, Svetlana, John, Soma, Gustav, Yander, Terry, Robin, Siena, Ciara, Isabel, Sadie, Julien",Baker's Beach,"Rocky shore and beach mixed with rocky outcrops, cobble fields, tide pools, kelp and algal cover, low IT with urchin barrens",,"hand, general",,Species,
CAEU-1011,HUMB07,7,,1,Protohyale longipalpa,/,X,/,,Siena McKim,2026-08-12,,387497,Protohyale (Leptohyale) longipalpa,Animalia,Arthropoda,Malacostraca,Amphipoda,Hyalidae,Protohyale,Leptohyale,longipalpa,,2026-08-13,"Kathy Ann, Svetlana, John, Soma, Gustav, Yander, Terry, Robin, Siena, Ciara, Isabel, Sadie, Julien",Baker's Beach,"Rocky shore and beach mixed with rocky outcrops, cobble fields, tide pools, kelp and algal cover, low IT with urchin barrens",,"hand, general",,Species,
CAEU-1012,HUMB07,7,,2,Apolochus barnardi,X,X,/,bulk,Siena McKim,2026-08-12,,488405,Apolochus barnardi,Animalia,Arthropoda,Malacostraca,Amphipoda,Amphilochidae,Apolochus,,barnardi,,2026-08-13,"Kathy Ann, Svetlana, John, Soma, Gustav, Yander, Terry, Robin, Siena, Ciara, Isabel, Sadie, Julien",Baker's Beach,"Rocky shore and beach mixed with rocky outcrops, cobble fields, tide pools, kelp and algal cover, low IT with urchin barrens",,"hand, general",,Species,
CAEU-1013,HUMB07H,7H,,1,Parallorchestes cowani,/,X,/,♂,Siena McKim,2026-08-12,,395440,Parallorchestes cowani,Animalia,Arthropoda,Malacostraca,Amphipoda,Hyalidae,Parallorchestes,,cowani,,2026-08-13,Gustav,Baker's Beach,"Rocky shore and beach mixed with rocky outcrops, cobble fields, tide pools, kelp and algal cover, low IT with urchin barrens","mixed red algae, sligthly protected rock face",sweat,,Species,
CAEU-1014,HUMB07H,7H,,1,Parallorchestes cowani,/,/,X,,Siena McKim,2026-08-12,,395440,Parallorchestes cowani,Animalia,Arthropoda,Malacostraca,Amphipoda,Hyalidae,Parallorchestes,,cowani,,2026-08-13,Gustav,Baker's Beach,"Rocky shore and beach mixed with rocky outcrops, cobble fields, tide pools, kelp and algal cover, low IT with urchin barrens","mixed red algae, sligthly protected rock face",sweat,,Species,
CAEU-1015,HUMB07H,7H,,1,Photis bifurcata,/,X,/,♂,Siena McKim,2026-08-12,,548640,Photis bifurcata,Animalia,Arthropoda,Malacostraca,Amphipoda,Photidae,Photis,,bifurcata,,2026-08-13,Gustav,Baker's Beach,"Rocky shore and beach mixed with rocky outcrops, cobble fields, tide pools, kelp and algal cover, low IT with urchin barrens","mixed red algae, sligthly protected rock face",sweat,,Species,
CAEU-1016,HUMB07H,7H,,1,Photis bifurcata,/,/,X,♀,Siena McKim,2026-08-12,,548640,Photis bifurcata,Animalia,Arthropoda,Malacostraca,Amphipoda,Photidae,Photis,,bifurcata,,2026-08-13,Gustav,Baker's Beach,"Rocky shore and beach mixed with rocky outcrops, cobble fields, tide pools, kelp and algal cover, low IT with urchin barrens","mixed red algae, sligthly protected rock face",sweat,,Species,
CAEU-1017,HUMB07H,7H,,1,Jassa shawi,X,X,/,♂,Siena McKim,2026-08-12,,491724,Jassa shawi,Animalia,Arthropoda,Malacostraca,Amphipoda,Ischyroceridae,Jassa,,shawi,,2026-08-13,Gustav,Baker's Beach,"Rocky shore and beach mixed with rocky outcrops, cobble fields, tide pools, kelp and algal cover, low IT with urchin barrens","mixed red algae, sligthly protected rock face",sweat,,Species,
CAEU-1018,HUMB07H,7H,,1,Parallorchestes cowani,X,X,/,♀ pink pattern,Siena McKim,2026-08-12,,395440,Parallorchestes cowani,Animalia,Arthropoda,Malacostraca,Amphipoda,Hyalidae,Parallorchestes,,cowani,,2026-08-13,Gustav,Baker's Beach,"Rocky shore and beach mixed with rocky outcrops, cobble fields, tide pools, kelp and algal cover, low IT with urchin barrens","mixed red algae, sligthly protected rock face",sweat,,Species,
CAEU-1019,HUMB07H,7H,,1,Parallorchestes cowani,X,/,X,,Siena McKim,2026-08-12,,395440,Parallorchestes cowani,Animalia,Arthropoda,Malacostraca,Amphipoda,Hyalidae,Parallorchestes,,cowani,,2026-08-13,Gustav,Baker's Beach,"Rocky shore and beach mixed with rocky outcrops, cobble fields, tide pools, kelp and algal cover, low IT with urchin barrens","mixed red algae, sligthly protected rock face",sweat,,Species,
CAEU-1020,HUMB07H,7H,,3,Parallorchestes cowani,X,X,/,bulk,Siena McKim,2026-08-12,,395440,Parallorchestes cowani,Animalia,Arthropoda,Malacostraca,Amphipoda,Hyalidae,Parallorchestes,,cowani,,2026-08-13,Gustav,Baker's Beach,"Rocky shore and beach mixed with rocky outcrops, cobble fields, tide pools, kelp and algal cover, low IT with urchin barrens","mixed red algae, sligthly protected rock face",sweat,,Species,
CAEU-1021,5B,5B,,1,Lottia pelta?,/,/,/,,Gustav Paulay,2026-08-12,,456602,Lottia pelta,Animalia,Mollusca,Gastropoda,Nacellida,Lottiidae,Lottia,,pelta,,2026-08-12,"Greg, Amy",Old Home Beach,Rocky & sandy shore,rock on beach,hand,,Species,
CAEU-1022,5B,5B,CAEU-1021,1,Lottia pelta?,/,/,/,,Gustav Paulay,2026-08-12,,456602,Lottia pelta,Animalia,Mollusca,Gastropoda,Nacellida,Lottiidae,Lottia,,pelta,,2026-08-12,"Greg, Amy",Old Home Beach,Rocky & sandy shore,rock on beach,hand,,Species,
CAEU-1023,5B,5B,,1,Littorina scutulata?,/,/,/,,Gustav Paulay,2026-08-12,,445657,Littorina scutulata,Animalia,Mollusca,Gastropoda,Littorinimorpha,Littorinidae,Littorina,,scutulata,,2026-08-12,"Greg, Amy",Old Home Beach,Rocky & sandy shore,rock on beach,hand,,Species,
CAEU-1024,5B,5B,CAEU-1023,1,Littorina scutulata?,/,/,/,,Gustav Paulay,2026-08-12,,445657,Littorina scutulata,Animalia,Mollusca,Gastropoda,Littorinimorpha,Littorinidae,Littorina,,scutulata,,2026-08-12,"Greg, Amy",Old Home Beach,Rocky & sandy shore,rock on beach,hand,,Species,
CAEU-1025,5B,5B,CAEU-1023,1,Littorina scutulata?,/,/,/,,Gustav Paulay,2026-08-12,,445657,Littorina scutulata,Animalia,Mollusca,Gastropoda,Littorinimorpha,Littorinidae,Littorina,,scutulata,,2026-08-12,"Greg, Amy",Old Home Beach,Rocky & sandy shore,rock on beach,hand,,Species,
CAEU-1026,5B,5B,CAEU-1023,bulk,Littorina scutulata?,X,/,/,,Gustav Paulay,2026-08-12,,445657,Littorina scutulata,Animalia,Mollusca,Gastropoda,Littorinimorpha,Littorinidae,Littorina,,scutulata,,2026-08-12,"Greg, Amy",Old Home Beach,Rocky & sandy shore,rock on beach,hand,,Species,
CAEU-1027,6,6,CAEU-0833,1,Leucosolenia,/,/,/,ex CAEU-0833 on Clavelina huntsmani,Gustav Paulay,2026-08-12,,131715,Leucosolenia,Animalia,Porifera,Calcarea,Leucosolenida,Leucosoleniidae,Leucosolenia,,,,2026-08-12,"Kathy Ann, Svetlana, John, Soma, Gustav, Yander, Terry, Robin, Siena, Ciara, Isabel, Sadie, Julien",Old Home Beach,Rocky intertidal with rock ledges,,hand,,Genus,
CAEU-1028,6,6,,1,Granulina margaritula,/,,,low IT,Gustav Paulay,2026-08-12,,550134,Granulina margaritula,Animalia,Mollusca,Gastropoda,Neogastropoda,Marginellidae,Granulina,,margaritula,,2026-08-12,"Kathy Ann, Svetlana, John, Soma, Gustav, Yander, Terry, Robin, Siena, Ciara, Isabel, Sadie, Julien",Old Home Beach,Rocky intertidal with rock ledges,,hand,,Species,
CAEU-1029,6,6,,1,Granulina margaritula,/,,,low IT,Gustav Paulay,2026-08-12,,550134,Granulina margaritula,Animalia,Mollusca,Gastropoda,Neogastropoda,Marginellidae,Granulina,,margaritula,,2026-08-12,"Kathy Ann, Svetlana, John, Soma, Gustav, Yander, Terry, Robin, Siena, Ciara, Isabel, Sadie, Julien",Old Home Beach,Rocky intertidal with rock ledges,,hand,,Species,
CAEU-1030,6,6,,1,Granulina margaritula,/,,,low IT,Gustav Paulay,2026-08-12,,550134,Granulina margaritula,Animalia,Mollusca,Gastropoda,Neogastropoda,Marginellidae,Granulina,,margaritula,,2026-08-12,"Kathy Ann, Svetlana, John, Soma, Gustav, Yander, Terry, Robin, Siena, Ciara, Isabel, Sadie, Julien",Old Home Beach,Rocky intertidal with rock ledges,,hand,,Species,
CAEU-1031,6,6,,bulk,Granulina margaritula,X,X,/,low IT,Gustav Paulay,2026-08-12,,550134,Granulina margaritula,Animalia,Mollusca,Gastropoda,Neogastropoda,Marginellidae,Granulina,,margaritula,,2026-08-12,"Kathy Ann, Svetlana, John, Soma, Gustav, Yander, Terry, Robin, Siena, Ciara, Isabel, Sadie, Julien",Old Home Beach,Rocky intertidal with rock ledges,,hand,,Species,
CAEU-1032,6,6,,1,Searlesia dira,/,/,/,,Gustav Paulay,2026-08-12,,719180,Searlesia dira,Animalia,Mollusca,Gastropoda,Neogastropoda,Buccinoidea incertae sedis,Searlesia,,dira,,2026-08-12,"Kathy Ann, Svetlana, John, Soma, Gustav, Yander, Terry, Robin, Siena, Ciara, Isabel, Sadie, Julien",Old Home Beach,Rocky intertidal with rock ledges,,hand,,Species,
CAEU-1033,6,6,,1,Searlesia dira,/,/,/,,Gustav Paulay,2026-08-12,,719180,Searlesia dira,Animalia,Mollusca,Gastropoda,Neogastropoda,Buccinoidea incertae sedis,Searlesia,,dira,,2026-08-12,"Kathy Ann, Svetlana, John, Soma, Gustav, Yander, Terry, Robin, Siena, Ciara, Isabel, Sadie, Julien",Old Home Beach,Rocky intertidal with rock ledges,,hand,,Species,
CAEU-1034,6,6,,bulk,Leukoma staminea,X,/,/,,Gustav Paulay,2026-08-12,,507737,Leukoma staminea,Animalia,Mollusca,Bivalvia,Venerida,Veneridae,Leukoma,,staminea,,2026-08-12,"Kathy Ann, Svetlana, John, Soma, Gustav, Yander, Terry, Robin, Siena, Ciara, Isabel, Sadie, Julien",Old Home Beach,Rocky intertidal with rock ledges,,hand,,Species,
CAEU-1035,6,6,,1,Gnorimosphaeroma,/,,/,mid-high IT under rocks,Gustav Paulay,2026-08-12,,248784,Gnorimosphaeroma,Animalia,Arthropoda,Malacostraca,Isopoda,Sphaeromatidae,Gnorimosphaeroma,,,,2026-08-12,"Kathy Ann, Svetlana, John, Soma, Gustav, Yander, Terry, Robin, Siena, Ciara, Isabel, Sadie, Julien",Old Home Beach,Rocky intertidal with rock ledges,,hand,,Genus,
CAEU-1036,6,6,,bulk,Gnorimosphaeroma,X,,/,,Gustav Paulay,2026-08-12,,248784,Gnorimosphaeroma,Animalia,Arthropoda,Malacostraca,Isopoda,Sphaeromatidae,Gnorimosphaeroma,,,,2026-08-12,"Kathy Ann, Svetlana, John, Soma, Gustav, Yander, Terry, Robin, Siena, Ciara, Isabel, Sadie, Julien",Old Home Beach,Rocky intertidal with rock ledges,,hand,,Genus,
CAEU-1037,6,6,,1,Hyas lyratus? juv.,/,/,/,,Gustav Paulay,2026-08-12,,442167,Hyas lyratus,Animalia,Arthropoda,Malacostraca,Decapoda,Oregoniidae,Hyas,,lyratus,,2026-08-12,"Kathy Ann, Svetlana, John, Soma, Gustav, Yander, Terry, Robin, Siena, Ciara, Isabel, Sadie, Julien",Old Home Beach,Rocky intertidal with rock ledges,,hand,,Species,
CAEU-1038,5A,5A,,1,Callianax biplicata,/,/,/,,Gustav Paulay,2026-08-12,,1424883,Callianax biplicata,Animalia,Mollusca,Gastropoda,Neogastropoda,Olividae,Callianax,,biplicata,,2026-08-12,"Greg, Amy",Old Home Beach,Rocky & sandy shore,beach slope,hand,,Species,
CAEU-1039,5A,5A,,bulk,Callianax biplicata,X,X,/,,Gustav Paulay,2026-08-12,,1424883,Callianax biplicata,Animalia,Mollusca,Gastropoda,Neogastropoda,Olividae,Callianax,,biplicata,,2026-08-12,"Greg, Amy",Old Home Beach,Rocky & sandy shore,beach slope,hand,,Species,
CAEU-1040,6,6,,bulk,Haliclystus sanjuanensis,/,/,/,,Gustav Paulay,2026-08-12,,1718121,Haliclystus sanjuanensis,Animalia,Cnidaria,Staurozoa,Stauromedusae,Haliclystidae,Haliclystus,,sanjuanensis,,2026-08-12,"Kathy Ann, Svetlana, John, Soma, Gustav, Yander, Terry, Robin, Siena, Ciara, Isabel, Sadie, Julien",Old Home Beach,Rocky intertidal with rock ledges,,hand,,Species,
CAEU-1041,3C,3C,,1,Neostylidium eschrichtii,/,/,/,,Gustav Paulay,2026-08-12,,744620,Neostylidium eschrichtii,Animalia,Mollusca,Gastropoda,Caenogastropoda incertae sedis,Cerithiidae,Neostylidium,,eschrichtii,,2026-08-11,Svetlana,Luffenholtz Beach,"Rocky shore and beach mixed with rocky outcrops, cobble fields, tide pools, kelp and algal cover, low IT in some areas with urchin barrens","detached holdfasts, rootmass, well sanded, low IT on rocks",sweat,,Species,
CAEU-1042,6,6,,1,Epitonium,/,/,/,,Gustav Paulay,2026-08-12,,137943,Epitonium,Animalia,Mollusca,Gastropoda,Caenogastropoda incertae sedis,Epitoniidae,Epitonium,,,,2026-08-12,"Kathy Ann, Svetlana, John, Soma, Gustav, Yander, Terry, Robin, Siena, Ciara, Isabel, Sadie, Julien",Old Home Beach,Rocky intertidal with rock ledges,,hand,,Genus,
CAEU-1043,6,6,,1,Epitonium,/,/,/,,Gustav Paulay,2026-08-12,,137943,Epitonium,Animalia,Mollusca,Gastropoda,Caenogastropoda incertae sedis,Epitoniidae,Epitonium,,,,2026-08-12,"Kathy Ann, Svetlana, John, Soma, Gustav, Yander, Terry, Robin, Siena, Ciara, Isabel, Sadie, Julien",Old Home Beach,Rocky intertidal with rock ledges,,hand,,Genus,
CAEU-1044,7,7,,1,Crangon,/,/,/,in sand,Gustav Paulay,2026-08-12,,107007,Crangon,Animalia,Arthropoda,Malacostraca,Decapoda,Crangonidae,Crangon,,,,2026-08-13,"Kathy Ann, Svetlana, John, Soma, Gustav, Yander, Terry, Robin, Siena, Ciara, Isabel, Sadie, Julien",Baker's Beach,"Rocky shore and beach mixed with rocky outcrops, cobble fields, tide pools, kelp and algal cover, low IT with urchin barrens",,"hand, general",,Genus,
CAEU-1045,7,7,,1,"Urticina ""lofotensis""",iphone,/,/,low IT,Gustav Paulay,2026-08-12,,100706,Urticina,Animalia,Cnidaria,Hexacorallia,Actiniaria,Tealidae,Urticina,,,,2026-08-13,"Kathy Ann, Svetlana, John, Soma, Gustav, Yander, Terry, Robin, Siena, Ciara, Isabel, Sadie, Julien",Baker's Beach,"Rocky shore and beach mixed with rocky outcrops, cobble fields, tide pools, kelp and algal cover, low IT with urchin barrens",,"hand, general",,Genus,
CAEU-1046,7,7,,1,Amphiuridae,/,/,/,"mid IT under rock, in sand",Gustav Paulay,2026-08-12,,123206,Amphiuridae,Animalia,Echinodermata,Ophiuroidea,Amphilepidida,Amphiuridae,,,,,2026-08-13,"Kathy Ann, Svetlana, John, Soma, Gustav, Yander, Terry, Robin, Siena, Ciara, Isabel, Sadie, Julien",Baker's Beach,"Rocky shore and beach mixed with rocky outcrops, cobble fields, tide pools, kelp and algal cover, low IT with urchin barrens",,"hand, general",,Family,
CAEU-1047,7,7,,1,Hemigrapsus nudus,/,/,/,,Gustav Paulay,2026-08-12,,444776,Hemigrapsus nudus,Animalia,Arthropoda,Malacostraca,Decapoda,Varunidae,Hemigrapsus,,nudus,,2026-08-13,"Kathy Ann, Svetlana, John, Soma, Gustav, Yander, Terry, Robin, Siena, Ciara, Isabel, Sadie, Julien",Baker's Beach,"Rocky shore and beach mixed with rocky outcrops, cobble fields, tide pools, kelp and algal cover, low IT with urchin barrens",,"hand, general",,Species,
CAEU-1048,7,7,,1,Pododesmus macrochisma,/,/,/,underside of rock mid IT,Gustav Paulay,2026-08-12,,758426,Pododesmus macrochisma,Animalia,Mollusca,Bivalvia,Pectinida,Anomiidae,Pododesmus,,macrochisma,,2026-08-13,"Kathy Ann, Svetlana, John, Soma, Gustav, Yander, Terry, Robin, Siena, Ciara, Isabel, Sadie, Julien",Baker's Beach,"Rocky shore and beach mixed with rocky outcrops, cobble fields, tide pools, kelp and algal cover, low IT with urchin barrens",,"hand, general",,Species,
CAEU-1049,7,7,,1,Leptasterias,/,/,/,mid-low IT on rock face,Gustav Paulay,2026-08-12,,123222,Leptasterias,Animalia,Echinodermata,Asteroidea,Forcipulatida,Asteriidae,Leptasterias,,,,2026-08-13,"Kathy Ann, Svetlana, John, Soma, Gustav, Yander, Terry, Robin, Siena, Ciara, Isabel, Sadie, Julien",Baker's Beach,"Rocky shore and beach mixed with rocky outcrops, cobble fields, tide pools, kelp and algal cover, low IT with urchin barrens",,"hand, general",,Genus,
CAEU-1050,7,7,,1,Leptasterias,/,/,/,mid-low IT on rock face,Gustav Paulay,2026-08-12,,123222,Leptasterias,Animalia,Echinodermata,Asteroidea,Forcipulatida,Asteriidae,Leptasterias,,,,2026-08-13,"Kathy Ann, Svetlana, John, Soma, Gustav, Yander, Terry, Robin, Siena, Ciara, Isabel, Sadie, Julien",Baker's Beach,"Rocky shore and beach mixed with rocky outcrops, cobble fields, tide pools, kelp and algal cover, low IT with urchin barrens",,"hand, general",,Genus,
CAEU-1051,7,7,,1,Heptacarpus brevirostris,,,,,Slapcinsky,2026-08-12,,515244,Heptacarpus brevirostris,Animalia,Arthropoda,Malacostraca,Decapoda,Thoridae,Heptacarpus,,brevirostris,,2026-08-13,"Kathy Ann, Svetlana, John, Soma, Gustav, Yander, Terry, Robin, Siena, Ciara, Isabel, Sadie, Julien",Baker's Beach,"Rocky shore and beach mixed with rocky outcrops, cobble fields, tide pools, kelp and algal cover, low IT with urchin barrens",,"hand, general",,Species,
CAEU-1052,7,7,,1,Heptacarpus brevirostris,,,,,Slapcinsky,2026-08-12,,515244,Heptacarpus brevirostris,Animalia,Arthropoda,Malacostraca,Decapoda,Thoridae,Heptacarpus,,brevirostris,,2026-08-13,"Kathy Ann, Svetlana, John, Soma, Gustav, Yander, Terry, Robin, Siena, Ciara, Isabel, Sadie, Julien",Baker's Beach,"Rocky shore and beach mixed with rocky outcrops, cobble fields, tide pools, kelp and algal cover, low IT with urchin barrens",,"hand, general",,Species,
CAEU-1053,7,7,,1,Heptacarpus brevirostris,,,,,Slapcinsky,2026-08-12,,515244,Heptacarpus brevirostris,Animalia,Arthropoda,Malacostraca,Decapoda,Thoridae,Heptacarpus,,brevirostris,,2026-08-13,"Kathy Ann, Svetlana, John, Soma, Gustav, Yander, Terry, Robin, Siena, Ciara, Isabel, Sadie, Julien",Baker's Beach,"Rocky shore and beach mixed with rocky outcrops, cobble fields, tide pools, kelp and algal cover, low IT with urchin barrens",,"hand, general",,Species,
CAEU-1054,7,7,,1,Heptacarpus brevirostris,,,,,Slapcinsky,2026-08-12,,515244,Heptacarpus brevirostris,Animalia,Arthropoda,Malacostraca,Decapoda,Thoridae,Heptacarpus,,brevirostris,,2026-08-13,"Kathy Ann, Svetlana, John, Soma, Gustav, Yander, Terry, Robin, Siena, Ciara, Isabel, Sadie, Julien",Baker's Beach,"Rocky shore and beach mixed with rocky outcrops, cobble fields, tide pools, kelp and algal cover, low IT with urchin barrens",,"hand, general",,Species,
CAEU-1055,7,7,,1,Heptacarpus brevirostris,,,,,Slapcinsky,2026-08-12,,515244,Heptacarpus brevirostris,Animalia,Arthropoda,Malacostraca,Decapoda,Thoridae,Heptacarpus,,brevirostris,,2026-08-13,"Kathy Ann, Svetlana, John, Soma, Gustav, Yander, Terry, Robin, Siena, Ciara, Isabel, Sadie, Julien",Baker's Beach,"Rocky shore and beach mixed with rocky outcrops, cobble fields, tide pools, kelp and algal cover, low IT with urchin barrens",,"hand, general",,Species,
CAEU-1056,7,7,,1,Heptacarpus brevirostris,,,,,Slapcinsky,2026-08-12,,515244,Heptacarpus brevirostris,Animalia,Arthropoda,Malacostraca,Decapoda,Thoridae,Heptacarpus,,brevirostris,,2026-08-13,"Kathy Ann, Svetlana, John, Soma, Gustav, Yander, Terry, Robin, Siena, Ciara, Isabel, Sadie, Julien",Baker's Beach,"Rocky shore and beach mixed with rocky outcrops, cobble fields, tide pools, kelp and algal cover, low IT with urchin barrens",,"hand, general",,Species,
CAEU-1057,7,7,,1,Tegula brunnea,,,,,Slapcinsky,2026-08-12,,534187,Tegula brunnea,Animalia,Mollusca,Gastropoda,Trochida,Tegulidae,Tegula,,brunnea,,2026-08-13,"Kathy Ann, Svetlana, John, Soma, Gustav, Yander, Terry, Robin, Siena, Ciara, Isabel, Sadie, Julien",Baker's Beach,"Rocky shore and beach mixed with rocky outcrops, cobble fields, tide pools, kelp and algal cover, low IT with urchin barrens",,"hand, general",,Species,
CAEU-1058,7,7,,1,Tegula brunnea,,,,,Slapcinsky,2026-08-12,,534187,Tegula brunnea,Animalia,Mollusca,Gastropoda,Trochida,Tegulidae,Tegula,,brunnea,,2026-08-13,"Kathy Ann, Svetlana, John, Soma, Gustav, Yander, Terry, Robin, Siena, Ciara, Isabel, Sadie, Julien",Baker's Beach,"Rocky shore and beach mixed with rocky outcrops, cobble fields, tide pools, kelp and algal cover, low IT with urchin barrens",,"hand, general",,Species,
CAEU-1059,7,7,,1,Tegula brunnea,,,,,Slapcinsky,2026-08-12,,534187,Tegula brunnea,Animalia,Mollusca,Gastropoda,Trochida,Tegulidae,Tegula,,brunnea,,2026-08-13,"Kathy Ann, Svetlana, John, Soma, Gustav, Yander, Terry, Robin, Siena, Ciara, Isabel, Sadie, Julien",Baker's Beach,"Rocky shore and beach mixed with rocky outcrops, cobble fields, tide pools, kelp and algal cover, low IT with urchin barrens",,"hand, general",,Species,
CAEU-1060,7,7,,1,Tegula funebralis,,,,,Slapcinsky,2026-08-12,,534190,Tegula funebralis,Animalia,Mollusca,Gastropoda,Trochida,Tegulidae,Tegula,,funebralis,,2026-08-13,"Kathy Ann, Svetlana, John, Soma, Gustav, Yander, Terry, Robin, Siena, Ciara, Isabel, Sadie, Julien",Baker's Beach,"Rocky shore and beach mixed with rocky outcrops, cobble fields, tide pools, kelp and algal cover, low IT with urchin barrens",,"hand, general",,Species,
CAEU-1061,7,7,,1,Tegula funebralis,,,,,Slapcinsky,2026-08-12,,534190,Tegula funebralis,Animalia,Mollusca,Gastropoda,Trochida,Tegulidae,Tegula,,funebralis,,2026-08-13,"Kathy Ann, Svetlana, John, Soma, Gustav, Yander, Terry, Robin, Siena, Ciara, Isabel, Sadie, Julien",Baker's Beach,"Rocky shore and beach mixed with rocky outcrops, cobble fields, tide pools, kelp and algal cover, low IT with urchin barrens",,"hand, general",,Species,
CAEU-1062,7,7,,2,Tegula funebralis,,,,,Slapcinsky,2026-08-12,,534190,Tegula funebralis,Animalia,Mollusca,Gastropoda,Trochida,Tegulidae,Tegula,,funebralis,,2026-08-13,"Kathy Ann, Svetlana, John, Soma, Gustav, Yander, Terry, Robin, Siena, Ciara, Isabel, Sadie, Julien",Baker's Beach,"Rocky shore and beach mixed with rocky outcrops, cobble fields, tide pools, kelp and algal cover, low IT with urchin barrens",,"hand, general",,Species,
CAEU-1063,7,7,,1,Calliostoma ligatum,,,,,Slapcinsky,2026-08-12,,580412,Calliostoma ligatum,Animalia,Mollusca,Gastropoda,Trochida,Calliostomatidae,Calliostoma,,ligatum,,2026-08-13,"Kathy Ann, Svetlana, John, Soma, Gustav, Yander, Terry, Robin, Siena, Ciara, Isabel, Sadie, Julien",Baker's Beach,"Rocky shore and beach mixed with rocky outcrops, cobble fields, tide pools, kelp and algal cover, low IT with urchin barrens",,"hand, general",,Species,
CAEU-1064,7,7,,1,Acmaea mitra,,,,bulk,Slapcinsky,2026-08-12,,456582,Acmaea mitra,Animalia,Mollusca,Gastropoda,Nacellida,Acmaeidae,Acmaea,,mitra,,2026-08-13,"Kathy Ann, Svetlana, John, Soma, Gustav, Yander, Terry, Robin, Siena, Ciara, Isabel, Sadie, Julien",Baker's Beach,"Rocky shore and beach mixed with rocky outcrops, cobble fields, tide pools, kelp and algal cover, low IT with urchin barrens",,"hand, general",,Species,
CAEU-1065,7,7,,2,Margarites pupillus,,,,bulk,Slapcinsky,2026-08-12,,528731,Margarites pupillus,Animalia,Mollusca,Gastropoda,Trochida,Margaritesidae,Margarites,,pupillus,,2026-08-13,"Kathy Ann, Svetlana, John, Soma, Gustav, Yander, Terry, Robin, Siena, Ciara, Isabel, Sadie, Julien",Baker's Beach,"Rocky shore and beach mixed with rocky outcrops, cobble fields, tide pools, kelp and algal cover, low IT with urchin barrens",,"hand, general",,Species,
CAEU-1066,7,7,,1,Katharina tunicata,,,,,Slapcinsky,2026-08-12,,386338,Katharina tunicata,Animalia,Mollusca,Polyplacophora,Chitonida,Mopaliidae,Katharina,,tunicata,,2026-08-13,"Kathy Ann, Svetlana, John, Soma, Gustav, Yander, Terry, Robin, Siena, Ciara, Isabel, Sadie, Julien",Baker's Beach,"Rocky shore and beach mixed with rocky outcrops, cobble fields, tide pools, kelp and algal cover, low IT with urchin barrens",,"hand, general",,Species,
CAEU-1067,7,7,,1,Katharina tunicata,,,,,Slapcinsky,2026-08-12,,386338,Katharina tunicata,Animalia,Mollusca,Polyplacophora,Chitonida,Mopaliidae,Katharina,,tunicata,,2026-08-13,"Kathy Ann, Svetlana, John, Soma, Gustav, Yander, Terry, Robin, Siena, Ciara, Isabel, Sadie, Julien",Baker's Beach,"Rocky shore and beach mixed with rocky outcrops, cobble fields, tide pools, kelp and algal cover, low IT with urchin barrens",,"hand, general",,Species,
CAEU-1068,7,7,,1,Katharina tunicata,,,,,Slapcinsky,2026-08-12,,386338,Katharina tunicata,Animalia,Mollusca,Polyplacophora,Chitonida,Mopaliidae,Katharina,,tunicata,,2026-08-13,"Kathy Ann, Svetlana, John, Soma, Gustav, Yander, Terry, Robin, Siena, Ciara, Isabel, Sadie, Julien",Baker's Beach,"Rocky shore and beach mixed with rocky outcrops, cobble fields, tide pools, kelp and algal cover, low IT with urchin barrens",,"hand, general",,Species,
CAEU-1069,7,7,,1,Cryptochiton stelleri,,,,,Slapcinsky,2026-08-12,,240776,Cryptochiton stelleri,Animalia,Mollusca,Polyplacophora,Chitonida,Mopaliidae,Cryptochiton,,stelleri,,2026-08-13,"Kathy Ann, Svetlana, John, Soma, Gustav, Yander, Terry, Robin, Siena, Ciara, Isabel, Sadie, Julien",Baker's Beach,"Rocky shore and beach mixed with rocky outcrops, cobble fields, tide pools, kelp and algal cover, low IT with urchin barrens",,"hand, general",,Species,
CAEU-1070,7,7,,1,Cryptochiton stelleri,,,,,Slapcinsky,2026-08-12,,240776,Cryptochiton stelleri,Animalia,Mollusca,Polyplacophora,Chitonida,Mopaliidae,Cryptochiton,,stelleri,,2026-08-13,"Kathy Ann, Svetlana, John, Soma, Gustav, Yander, Terry, Robin, Siena, Ciara, Isabel, Sadie, Julien",Baker's Beach,"Rocky shore and beach mixed with rocky outcrops, cobble fields, tide pools, kelp and algal cover, low IT with urchin barrens",,"hand, general",,Species,
CAEU-1071,7,7,,1,Diodora aspera,,,,bulk,Slapcinsky,2026-08-12,,367955,Diodora aspera,Animalia,Mollusca,Gastropoda,Lepetellida,Fissurellidae,Diodora,,aspera,,2026-08-13,"Kathy Ann, Svetlana, John, Soma, Gustav, Yander, Terry, Robin, Siena, Ciara, Isabel, Sadie, Julien",Baker's Beach,"Rocky shore and beach mixed with rocky outcrops, cobble fields, tide pools, kelp and algal cover, low IT with urchin barrens",,"hand, general",,Species,
CAEU-1072,7,7,,1,Mytilus californianus,,,,,Slapcinsky,2026-08-12,,367837,Mytilus californianus,Animalia,Mollusca,Bivalvia,Mytilida,Mytilidae,Mytilus,,californianus,,2026-08-13,"Kathy Ann, Svetlana, John, Soma, Gustav, Yander, Terry, Robin, Siena, Ciara, Isabel, Sadie, Julien",Baker's Beach,"Rocky shore and beach mixed with rocky outcrops, cobble fields, tide pools, kelp and algal cover, low IT with urchin barrens",,"hand, general",,Species,
CAEU-1073,7,7,,5,Mytilus californianus,,,,bulk,Slapcinsky,2026-08-12,,367837,Mytilus californianus,Animalia,Mollusca,Bivalvia,Mytilida,Mytilidae,Mytilus,,californianus,,2026-08-13,"Kathy Ann, Svetlana, John, Soma, Gustav, Yander, Terry, Robin, Siena, Ciara, Isabel, Sadie, Julien",Baker's Beach,"Rocky shore and beach mixed with rocky outcrops, cobble fields, tide pools, kelp and algal cover, low IT with urchin barrens",,"hand, general",,Species,
CAEU-1074,7,7,,1,Lottia scutum,,,,,Slapcinsky,2026-08-12,,456605,Lottia scutum,Animalia,Mollusca,Gastropoda,Nacellida,Lottiidae,Lottia,,scutum,,2026-08-13,"Kathy Ann, Svetlana, John, Soma, Gustav, Yander, Terry, Robin, Siena, Ciara, Isabel, Sadie, Julien",Baker's Beach,"Rocky shore and beach mixed with rocky outcrops, cobble fields, tide pools, kelp and algal cover, low IT with urchin barrens",,"hand, general",,Species,
CAEU-1075,7,7,,1,Lottia scutum,,,,,Slapcinsky,2026-08-12,,456605,Lottia scutum,Animalia,Mollusca,Gastropoda,Nacellida,Lottiidae,Lottia,,scutum,,2026-08-13,"Kathy Ann, Svetlana, John, Soma, Gustav, Yander, Terry, Robin, Siena, Ciara, Isabel, Sadie, Julien",Baker's Beach,"Rocky shore and beach mixed with rocky outcrops, cobble fields, tide pools, kelp and algal cover, low IT with urchin barrens",,"hand, general",,Species,
CAEU-1076,7,7,,1,Lottia scutum,,,,,Slapcinsky,2026-08-12,,456605,Lottia scutum,Animalia,Mollusca,Gastropoda,Nacellida,Lottiidae,Lottia,,scutum,,2026-08-13,"Kathy Ann, Svetlana, John, Soma, Gustav, Yander, Terry, Robin, Siena, Ciara, Isabel, Sadie, Julien",Baker's Beach,"Rocky shore and beach mixed with rocky outcrops, cobble fields, tide pools, kelp and algal cover, low IT with urchin barrens",,"hand, general",,Species,
CAEU-1077,7,7,,1,Lottia pelta,,,,,Slapcinsky,2026-08-12,,456602,Lottia pelta,Animalia,Mollusca,Gastropoda,Nacellida,Lottiidae,Lottia,,pelta,,2026-08-13,"Kathy Ann, Svetlana, John, Soma, Gustav, Yander, Terry, Robin, Siena, Ciara, Isabel, Sadie, Julien",Baker's Beach,"Rocky shore and beach mixed with rocky outcrops, cobble fields, tide pools, kelp and algal cover, low IT with urchin barrens",,"hand, general",,Species,
CAEU-1078,7,7,,1,Lottia pelta,,,,,Slapcinsky,2026-08-12,,456602,Lottia pelta,Animalia,Mollusca,Gastropoda,Nacellida,Lottiidae,Lottia,,pelta,,2026-08-13,"Kathy Ann, Svetlana, John, Soma, Gustav, Yander, Terry, Robin, Siena, Ciara, Isabel, Sadie, Julien",Baker's Beach,"Rocky shore and beach mixed with rocky outcrops, cobble fields, tide pools, kelp and algal cover, low IT with urchin barrens",,"hand, general",,Species,
CAEU-1079,7,7,,1,Mopalia lignosa,,,,,Slapcinsky,2026-08-12,,386349,Mopalia lignosa,Animalia,Mollusca,Polyplacophora,Chitonida,Mopaliidae,Mopalia,,lignosa,,2026-08-13,"Kathy Ann, Svetlana, John, Soma, Gustav, Yander, Terry, Robin, Siena, Ciara, Isabel, Sadie, Julien",Baker's Beach,"Rocky shore and beach mixed with rocky outcrops, cobble fields, tide pools, kelp and algal cover, low IT with urchin barrens",,"hand, general",,Species,
CAEU-1080,7,7,,1,Mopalia lignosa,,,,,Slapcinsky,2026-08-12,,386349,Mopalia lignosa,Animalia,Mollusca,Polyplacophora,Chitonida,Mopaliidae,Mopalia,,lignosa,,2026-08-13,"Kathy Ann, Svetlana, John, Soma, Gustav, Yander, Terry, Robin, Siena, Ciara, Isabel, Sadie, Julien",Baker's Beach,"Rocky shore and beach mixed with rocky outcrops, cobble fields, tide pools, kelp and algal cover, low IT with urchin barrens",,"hand, general",,Species,
CAEU-1081,HUMB-07,7,,2,Hermissenda crassicornis,Y,Y,Y,TO CAS,Agarwal/Gosliner,2026-08-13,,367883,Hermissenda crassicornis,Animalia,Mollusca,Gastropoda,Nudibranchia,Myrrhinidae,Hermissenda,,crassicornis,,2026-08-13,"Kathy Ann, Svetlana, John, Soma, Gustav, Yander, Terry, Robin, Siena, Ciara, Isabel, Sadie, Julien",Baker's Beach,"Rocky shore and beach mixed with rocky outcrops, cobble fields, tide pools, kelp and algal cover, low IT with urchin barrens",,"hand, general",,Species,
CAEU-1082,HUMB-07,7,,3,Diaphorodoris lirulatocauda,Y,Y,Y,TO CAS,Agarwal/Gosliner,2026-08-13,,581691,Diaphorodoris lirulatocauda,Animalia,Mollusca,Gastropoda,Doridida,Calycidorididae,Diaphorodoris,,lirulatocauda,,2026-08-13,"Kathy Ann, Svetlana, John, Soma, Gustav, Yander, Terry, Robin, Siena, Ciara, Isabel, Sadie, Julien",Baker's Beach,"Rocky shore and beach mixed with rocky outcrops, cobble fields, tide pools, kelp and algal cover, low IT with urchin barrens",,"hand, general",,Species,
CAEU-1083,HUMB-07,7,,1,Tenellia albocrusta,Y,Y,N,TO CAS,Agarwal/Gosliner,2026-08-13,,986813,Tenellia albocrusta,Animalia,Mollusca,Gastropoda,Nudibranchia,Trinchesiidae,Tenellia,,albocrusta,,2026-08-13,"Kathy Ann, Svetlana, John, Soma, Gustav, Yander, Terry, Robin, Siena, Ciara, Isabel, Sadie, Julien",Baker's Beach,"Rocky shore and beach mixed with rocky outcrops, cobble fields, tide pools, kelp and algal cover, low IT with urchin barrens",,"hand, general",,Species,
CAEU-1084,HUMB-07,7,,1,Rictaxis punctocaelatus,Y,Y,Y,TO CAS Animal had green worm prey in its gut. Pulled for separate voucher/seq.,Agarwal/Gosliner,2026-08-13,,581391,Rictaxis punctocaelatus,Animalia,Mollusca,Gastropoda,,Acteonidae,Rictaxis,,punctocaelatus,,2026-08-13,"Kathy Ann, Svetlana, John, Soma, Gustav, Yander, Terry, Robin, Siena, Ciara, Isabel, Sadie, Julien",Baker's Beach,"Rocky shore and beach mixed with rocky outcrops, cobble fields, tide pools, kelp and algal cover, low IT with urchin barrens",,"hand, general",,Species,
CAEU-1085,HUMB-07,7,,4,Onchidella carpenteri,Y,Y,Y,TO CAS one specimen as tissue,Agarwal/Gosliner,2026-08-13,,509922,Onchidella carpenteri,Animalia,Mollusca,Gastropoda,Systellommatophora,Onchidiidae,Onchidella,,carpenteri,,2026-08-13,"Kathy Ann, Svetlana, John, Soma, Gustav, Yander, Terry, Robin, Siena, Ciara, Isabel, Sadie, Julien",Baker's Beach,"Rocky shore and beach mixed with rocky outcrops, cobble fields, tide pools, kelp and algal cover, low IT with urchin barrens",,"hand, general",,Species,
CAEU-1086,HUMB-07,7,,2,Crimora coneja,Y,Y,Y,TO CAS,Agarwal/Gosliner,2026-08-13,,531200,Crimora coneja,Animalia,Mollusca,Gastropoda,Doridida,Polyceridae,Crimora,,coneja,,2026-08-13,"Kathy Ann, Svetlana, John, Soma, Gustav, Yander, Terry, Robin, Siena, Ciara, Isabel, Sadie, Julien",Baker's Beach,"Rocky shore and beach mixed with rocky outcrops, cobble fields, tide pools, kelp and algal cover, low IT with urchin barrens",,"hand, general",,Species,
CAEU-1087,HUMB-07,7,,1,Doris montereyensis,Y,Y,Y,TO CAS,Agarwal/Gosliner,2026-08-13,,581816,Doris montereyensis,Animalia,Mollusca,Gastropoda,Doridida,Dorididae,Doris,,montereyensis,,2026-08-13,"Kathy Ann, Svetlana, John, Soma, Gustav, Yander, Terry, Robin, Siena, Ciara, Isabel, Sadie, Julien",Baker's Beach,"Rocky shore and beach mixed with rocky outcrops, cobble fields, tide pools, kelp and algal cover, low IT with urchin barrens",,"hand, general",,Species,
CAEU-1088,HUMB-07,7,,1,Rostanga pulchra,Y,Y,Y,TO CAS HIGH PRIORITY,Agarwal/Gosliner,2026-08-13,,533391,Rostanga pulchra,Animalia,Mollusca,Gastropoda,Doridida,Discodorididae,Rostanga,,pulchra,,2026-08-13,"Kathy Ann, Svetlana, John, Soma, Gustav, Yander, Terry, Robin, Siena, Ciara, Isabel, Sadie, Julien",Baker's Beach,"Rocky shore and beach mixed with rocky outcrops, cobble fields, tide pools, kelp and algal cover, low IT with urchin barrens",,"hand, general",,Species,
CAEU-1089,HUMB-07,7,,1,Acanthodoris rhodocerous,Y,Y,Y,TO CAS,Agarwal/Gosliner,2026-08-13,,535687,Acanthodoris rhodoceras,Animalia,Mollusca,Gastropoda,Doridida,Acanthodorididae,Acanthodoris,,rhodoceras,,2026-08-13,"Kathy Ann, Svetlana, John, Soma, Gustav, Yander, Terry, Robin, Siena, Ciara, Isabel, Sadie, Julien",Baker's Beach,"Rocky shore and beach mixed with rocky outcrops, cobble fields, tide pools, kelp and algal cover, low IT with urchin barrens",,"hand, general",,Species,
CAEU-1090,HUMB-07,7,,1,Aeolidia loui,Y,Y,Y,TO CAS,Agarwal/Gosliner,2026-08-13,,880372,Aeolidia loui,Animalia,Mollusca,Gastropoda,Nudibranchia,Aeolidiidae,Aeolidia,,loui,,2026-08-13,"Kathy Ann, Svetlana, John, Soma, Gustav, Yander, Terry, Robin, Siena, Ciara, Isabel, Sadie, Julien",Baker's Beach,"Rocky shore and beach mixed with rocky outcrops, cobble fields, tide pools, kelp and algal cover, low IT with urchin barrens",,"hand, general",,Species,
CAEU-1091,HUMB-07,7,CAEU-1084,2,Cirratulidae,N,Y,N,Dissected from gut cavity of Ritaxis punctocaelatus. Green gills ID'd by Greg Rouse.,Greg Rouse,2026-08-13,,919,Cirratulidae,Animalia,Annelida,Polychaeta,Terebellida,Cirratulidae,,,,,2026-08-13,"Kathy Ann, Svetlana, John, Soma, Gustav, Yander, Terry, Robin, Siena, Ciara, Isabel, Sadie, Julien",Baker's Beach,"Rocky shore and beach mixed with rocky outcrops, cobble fields, tide pools, kelp and algal cover, low IT with urchin barrens",,"hand, general",,Family,
CAEU-1092,HUMB-09,9,,1,Onchidoris muricata,Y,Y,Y,TO CAS,Agarwal/Gosliner,2026-08-13,,140640,Onchidoris muricata,Animalia,Mollusca,Gastropoda,Doridida,Onchidorididae,Onchidoris,,muricata,,2026-08-13,Gustav,Trinidad beach,Sand,floating in water,hand,,Species,
CAEU-1093,HUMB-07,7,,1,Pycnopodia helianthoides,Y,Y,N,Subsampled and released in wild,Agarwal/Gosliner,2026-08-14,,240764,Pycnopodia helianthoides,Animalia,Echinodermata,Asteroidea,Forcipulatida,Asteriidae,Pycnopodia,,helianthoides,,2026-08-13,"Kathy Ann, Svetlana, John, Soma, Gustav, Yander, Terry, Robin, Siena, Ciara, Isabel, Sadie, Julien",Baker's Beach,"Rocky shore and beach mixed with rocky outcrops, cobble fields, tide pools, kelp and algal cover, low IT with urchin barrens",,"hand, general",,Species,
CAEU-1094,HUMB-12A,12A,,1,Cuthona rolleri,Y,Y,,TO CAS,Agarwal/Gosliner,2026-08-14,,581886,Cuthona rolleri,Animalia,Mollusca,Gastropoda,Nudibranchia,Cuthonidae,Cuthona,,rolleri,,2026-08-14,,King salmon,intertidal sand flat,,yabby pumping,,Species,
CAEU-1095,HUMB-12B,12B,,4,Rictaxis punctocaelatus,Y,Y,Y,#ERROR!,Agarwal/Gosliner,2026-08-14,,581391,Rictaxis punctocaelatus,Animalia,Mollusca,Gastropoda,,Acteonidae,Rictaxis,,punctocaelatus,,2026-08-14,,King salmon,intertidal sand flat,Zostera,,,Species,
CAEU-1096,HUMB-12B,12B,,1,Doris montereyensis,Y,Y,Y,TO CAS,Agarwal/Gosliner,2026-08-14,,581816,Doris montereyensis,Animalia,Mollusca,Gastropoda,Doridida,Dorididae,Doris,,montereyensis,,2026-08-14,,King salmon,intertidal sand flat,Zostera,,,Species,
CAEU-1097,HUMB-12B,12B,,1,Hermissenda opalescens,Y,Y,Y,TO CAS,Agarwal/Gosliner,2026-08-14,,877759,Hermissenda opalescens,Animalia,Mollusca,Gastropoda,Nudibranchia,Myrrhinidae,Hermissenda,,opalescens,,2026-08-14,,King salmon,intertidal sand flat,Zostera,,,Species,
CAEU-1098,HUMB-12B,12B,,1,Hermissenda crassicornis,Y,Y,Y,TO CAS,Agarwal/Gosliner,2026-08-14,,367883,Hermissenda crassicornis,Animalia,Mollusca,Gastropoda,Nudibranchia,Myrrhinidae,Hermissenda,,crassicornis,,2026-08-14,,King salmon,intertidal sand flat,Zostera,,,Species,
CAEU-1099,HUMB-12B,12B,,1,Phyllaplysia taylori,Y,Y,Y,TO CAS,Agarwal/Gosliner,2026-08-14,,568034,Phyllaplysia taylori,Animalia,Mollusca,Gastropoda,Aplysiida,Aplysiidae,Phyllaplysia,,taylori,,2026-08-14,,King salmon,intertidal sand flat,Zostera,,,Species,
CAEU-1100,HUMB-10,10,,1,Rostanga pulchra,Y,Y,Y,TO CAS HIGH PRIORITY,Agarwal/Gosliner,2026-08-14,,533391,Rostanga pulchra,Animalia,Mollusca,Gastropoda,Doridida,Discodorididae,Rostanga,,pulchra,,2026-08-14,"Svetlana, Gustav, Soma, Kathy Ann",S of Cape Mendocino,"Rocky shore with boulders and cobbles, some on silty sand, beach in high IT only, tide pools, low IT with urchin barrens",,,,Species,
CAEU-1101,HUMB-13,13,,4,Dendronotus venustus,Y,Y,Y,TO CAS,Agarwal/Gosliner,2026-08-14,,548249,Dendronotus venustus,Animalia,Mollusca,Gastropoda,Nudibranchia,Dendronotidae,Dendronotus,,venustus,,2026-08-14,,Trinidad floating dock,bait cage,,hand,,Species,
CAEU-1102,HUMB-13,13,,1,Triopha maculata,Y,Y,Y,TO CAS,Agarwal/Gosliner,2026-08-14,,531262,Triopha maculata,Animalia,Mollusca,Gastropoda,Doridida,Polyceridae,Triopha,,maculata,,2026-08-14,,Trinidad floating dock,bait cage,,hand,,Species,
CAEU-1103,HUMB-13,13,,5,Hermissenda crassicornis,Y,Y,Y,TO CAS,Agarwal/Gosliner,2026-08-14,,367883,Hermissenda crassicornis,Animalia,Mollusca,Gastropoda,Nudibranchia,Myrrhinidae,Hermissenda,,crassicornis,,2026-08-14,,Trinidad floating dock,bait cage,,hand,,Species,
CAEU-1104,HUMB-13,13,,5,Acanthodoris rhodocerus,Y,Y,Y,TO CAS,Agarwal/Gosliner,2026-08-14,,535687,Acanthodoris rhodoceras,Animalia,Mollusca,Gastropoda,Doridida,Acanthodorididae,Acanthodoris,,rhodoceras,,2026-08-14,,Trinidad floating dock,bait cage,,hand,,Species,
CAEU-1105,HUMB-13,13,,1,Acanthodoris hudsoni,Y,Y,Y,TO CAS,Agarwal/Gosliner,2026-08-14,,581689,Acanthodoris hudsoni,Animalia,Mollusca,Gastropoda,Doridida,Acanthodorididae,Acanthodoris,,hudsoni,,2026-08-14,,Trinidad floating dock,bait cage,,hand,,Species,
CAEU-1106,HUMB-13,13,,20+,Corambe steinbergae,Y,Y,Y,to CAS,Agarwal/Gosliner,2026-08-14,,535679,Corambe steinbergae,Animalia,Mollusca,Gastropoda,Doridida,Corambidae,Corambe,,steinbergae,,2026-08-14,,Trinidad floating dock,bait cage,,hand,,Species,
CAEU-1107,,,,,,,,,,,,,,,,,,,,,,,,,,,,,,,,
CAEU-1108,HUMB-14D,14D,,1,Coryphella fisheri,,,,to CAS High Priority,Agarwal/Gosliner,2026-08-14,,1044782,Coryphella fisheri,Animalia,Mollusca,Gastropoda,Nudibranchia,Flabellinidae,Coryphella,,fisheri,,2026-08-15,Yander,Samoa dunes,Sandy shore and jetties,mid to coarse sand,MgCl2 extraction,,Species,
CAEU-1109,HUMB-14B,14B,,1,Coryphella fisheri,,,,to CAS high priority,Agarwal/Gosliner,2026-08-14,,1044782,Coryphella fisheri,Animalia,Mollusca,Gastropoda,Nudibranchia,Flabellinidae,Coryphella,,fisheri,,2026-08-15,"Gustav, Yander, Kathy Ann",Samoa dunes,Sandy shore and jetties,jetty rocks,hand,,Species,
CAEU-1110,HUMB-14B,14B,,2,Placida pacifica,,,,to CAS,Agarwal/Gosliner,2026-08-14,,138524,Placida,Animalia,Mollusca,Gastropoda,,Limapontiidae,Placida,,,,2026-08-15,"Gustav, Yander, Kathy Ann",Samoa dunes,Sandy shore and jetties,jetty rocks,hand,,Genus,
CAEU-1111,7,7,,1,Leptasterias,/,/,/,pale!,Gustav Paulay,2026-08-13,,123222,Leptasterias,Animalia,Echinodermata,Asteroidea,Forcipulatida,Asteriidae,Leptasterias,,,,2026-08-13,"Kathy Ann, Svetlana, John, Soma, Gustav, Yander, Terry, Robin, Siena, Ciara, Isabel, Sadie, Julien",Baker's Beach,"Rocky shore and beach mixed with rocky outcrops, cobble fields, tide pools, kelp and algal cover, low IT with urchin barrens",,"hand, general",,Genus,
CAEU-1112,7,7,,1,Epiactis prolifera,/,/,/,,Gustav Paulay,2026-08-13,,283435,Epiactis prolifera,Animalia,Cnidaria,Hexacorallia,Actiniaria,Actiniidae,Epiactis,,prolifera,,2026-08-13,"Kathy Ann, Svetlana, John, Soma, Gustav, Yander, Terry, Robin, Siena, Ciara, Isabel, Sadie, Julien",Baker's Beach,"Rocky shore and beach mixed with rocky outcrops, cobble fields, tide pools, kelp and algal cover, low IT with urchin barrens",,"hand, general",,Species,
CAEU-1113,7,7,,1,Balanus nubilis,/,/,/,low IT,Gustav Paulay,2026-08-13,,594745,Balanus nubilus,Animalia,Arthropoda,Thecostraca,Balanomorpha,Balanidae,Balanus,,nubilus,,2026-08-13,"Kathy Ann, Svetlana, John, Soma, Gustav, Yander, Terry, Robin, Siena, Ciara, Isabel, Sadie, Julien",Baker's Beach,"Rocky shore and beach mixed with rocky outcrops, cobble fields, tide pools, kelp and algal cover, low IT with urchin barrens",,"hand, general",,Species,
CAEU-1114,7,7,,1,Idotea wosnesenskii,/,/,/,,Gustav Paulay,2026-08-13,,711956,Idotea wosnesenskii,Animalia,Arthropoda,Malacostraca,Isopoda,Idoteidae,Idotea,,wosnesenskii,,2026-08-13,"Kathy Ann, Svetlana, John, Soma, Gustav, Yander, Terry, Robin, Siena, Ciara, Isabel, Sadie, Julien",Baker's Beach,"Rocky shore and beach mixed with rocky outcrops, cobble fields, tide pools, kelp and algal cover, low IT with urchin barrens",,"hand, general",,Species,
CAEU-1115,7,7,,1,Rocinela,/,/,/,odd sp.,Gustav Paulay,2026-08-13,,118396,Rocinela,Animalia,Arthropoda,Malacostraca,Isopoda,Aegidae,Rocinela,,,,2026-08-13,"Kathy Ann, Svetlana, John, Soma, Gustav, Yander, Terry, Robin, Siena, Ciara, Isabel, Sadie, Julien",Baker's Beach,"Rocky shore and beach mixed with rocky outcrops, cobble fields, tide pools, kelp and algal cover, low IT with urchin barrens",,"hand, general",,Genus,
CAEU-1116,7,7,,1,Idotea wosnesenskii,/,/,/,,Gustav Paulay,2026-08-13,,711956,Idotea wosnesenskii,Animalia,Arthropoda,Malacostraca,Isopoda,Idoteidae,Idotea,,wosnesenskii,,2026-08-13,"Kathy Ann, Svetlana, John, Soma, Gustav, Yander, Terry, Robin, Siena, Ciara, Isabel, Sadie, Julien",Baker's Beach,"Rocky shore and beach mixed with rocky outcrops, cobble fields, tide pools, kelp and algal cover, low IT with urchin barrens",,"hand, general",,Species,
CAEU-1117,7,7,,1,Bryozoa,/,/,/,,Gustav Paulay,2026-08-13,,146142,Bryozoa,Animalia,Bryozoa,,,,,,,,2026-08-13,"Kathy Ann, Svetlana, John, Soma, Gustav, Yander, Terry, Robin, Siena, Ciara, Isabel, Sadie, Julien",Baker's Beach,"Rocky shore and beach mixed with rocky outcrops, cobble fields, tide pools, kelp and algal cover, low IT with urchin barrens",,"hand, general",,Higher,
CAEU-1118,7,7,,1,Leptasterias,/,/,/,,Gustav Paulay,2026-08-13,,123222,Leptasterias,Animalia,Echinodermata,Asteroidea,Forcipulatida,Asteriidae,Leptasterias,,,,2026-08-13,"Kathy Ann, Svetlana, John, Soma, Gustav, Yander, Terry, Robin, Siena, Ciara, Isabel, Sadie, Julien",Baker's Beach,"Rocky shore and beach mixed with rocky outcrops, cobble fields, tide pools, kelp and algal cover, low IT with urchin barrens",,"hand, general",,Genus,
CAEU-1119,7,7,,1,Henricia A,/,/,/,,Gustav Paulay,2026-08-13,,123276,Henricia,Animalia,Echinodermata,Asteroidea,Spinulosida,Echinasteridae,Henricia,,,,2026-08-13,"Kathy Ann, Svetlana, John, Soma, Gustav, Yander, Terry, Robin, Siena, Ciara, Isabel, Sadie, Julien",Baker's Beach,"Rocky shore and beach mixed with rocky outcrops, cobble fields, tide pools, kelp and algal cover, low IT with urchin barrens",,"hand, general",,Genus,
CAEU-1120,7,7,CAEU-1119,1,Henricia A,/,/,/,,Gustav Paulay,2026-08-13,,123276,Henricia,Animalia,Echinodermata,Asteroidea,Spinulosida,Echinasteridae,Henricia,,,,2026-08-13,"Kathy Ann, Svetlana, John, Soma, Gustav, Yander, Terry, Robin, Siena, Ciara, Isabel, Sadie, Julien",Baker's Beach,"Rocky shore and beach mixed with rocky outcrops, cobble fields, tide pools, kelp and algal cover, low IT with urchin barrens",,"hand, general",,Genus,
CAEU-1121,7,7,CAEU-1119,1,Henricia A,/,/,/,,Gustav Paulay,2026-08-13,,123276,Henricia,Animalia,Echinodermata,Asteroidea,Spinulosida,Echinasteridae,Henricia,,,,2026-08-13,"Kathy Ann, Svetlana, John, Soma, Gustav, Yander, Terry, Robin, Siena, Ciara, Isabel, Sadie, Julien",Baker's Beach,"Rocky shore and beach mixed with rocky outcrops, cobble fields, tide pools, kelp and algal cover, low IT with urchin barrens",,"hand, general",,Genus,
CAEU-1122,7,7,,1,Henricia A,/,/,/,,Gustav Paulay,2026-08-13,,123276,Henricia,Animalia,Echinodermata,Asteroidea,Spinulosida,Echinasteridae,Henricia,,,,2026-08-13,"Kathy Ann, Svetlana, John, Soma, Gustav, Yander, Terry, Robin, Siena, Ciara, Isabel, Sadie, Julien",Baker's Beach,"Rocky shore and beach mixed with rocky outcrops, cobble fields, tide pools, kelp and algal cover, low IT with urchin barrens",,"hand, general",,Genus,
CAEU-1123,7,7,,1,Petrolisthes cinctipes,/,/,/,low–mid IT under rocks,Gustav Paulay,2026-08-13,,431841,Petrolisthes cinctipes,Animalia,Arthropoda,Malacostraca,Decapoda,Porcellanidae,Petrolisthes,,cinctipes,,2026-08-13,"Kathy Ann, Svetlana, John, Soma, Gustav, Yander, Terry, Robin, Siena, Ciara, Isabel, Sadie, Julien",Baker's Beach,"Rocky shore and beach mixed with rocky outcrops, cobble fields, tide pools, kelp and algal cover, low IT with urchin barrens",,"hand, general",,Species,
CAEU-1124,7,7,CAEU-1123,1,Petrolisthes cinctipes,/,/,/,low–mid IT under rocks,Gustav Paulay,2026-08-13,,431841,Petrolisthes cinctipes,Animalia,Arthropoda,Malacostraca,Decapoda,Porcellanidae,Petrolisthes,,cinctipes,,2026-08-13,"Kathy Ann, Svetlana, John, Soma, Gustav, Yander, Terry, Robin, Siena, Ciara, Isabel, Sadie, Julien",Baker's Beach,"Rocky shore and beach mixed with rocky outcrops, cobble fields, tide pools, kelp and algal cover, low IT with urchin barrens",,"hand, general",,Species,
CAEU-1125,7E,7E,,1,Leptosynapta,/,/,/,,Gustav Paulay,2026-08-13,,123449,Leptosynapta,Animalia,Echinodermata,Holothuroidea,Apodida,Synaptidae,Leptosynapta,,,,2026-08-13,Svetlana,Baker's Beach,"Rocky shore and beach mixed with rocky outcrops, cobble fields, tide pools, kelp and algal cover, low IT with urchin barrens",sandy beach,"shovel, hand",,Genus,
CAEU-1126,7E,7E,,1,Leptosynapta,/,/,/,,Gustav Paulay,2026-08-13,,123449,Leptosynapta,Animalia,Echinodermata,Holothuroidea,Apodida,Synaptidae,Leptosynapta,,,,2026-08-13,Svetlana,Baker's Beach,"Rocky shore and beach mixed with rocky outcrops, cobble fields, tide pools, kelp and algal cover, low IT with urchin barrens",sandy beach,"shovel, hand",,Genus,
CAEU-1127,7,7,,1,Ascidiacea,/,/,/,cd.,Gustav Paulay,2026-08-13,,1839,Ascidiacea,Animalia,Chordata,Ascidiacea,,,,,,,2026-08-13,"Kathy Ann, Svetlana, John, Soma, Gustav, Yander, Terry, Robin, Siena, Ciara, Isabel, Sadie, Julien",Baker's Beach,"Rocky shore and beach mixed with rocky outcrops, cobble fields, tide pools, kelp and algal cover, low IT with urchin barrens",,"hand, general",,Higher,
CAEU-1128,7,7,,1,Crassadoma gigantea?,/,/,/,Chlamys stage,Gustav Paulay,2026-08-13,,240774,Crassadoma gigantea,Animalia,Mollusca,Bivalvia,Pectinida,Pectinidae,Crassadoma,,gigantea,,2026-08-13,"Kathy Ann, Svetlana, John, Soma, Gustav, Yander, Terry, Robin, Siena, Ciara, Isabel, Sadie, Julien",Baker's Beach,"Rocky shore and beach mixed with rocky outcrops, cobble fields, tide pools, kelp and algal cover, low IT with urchin barrens",,"hand, general",,Species,
CAEU-1129,7,7,,1,Idotea A,/,/,/,,Gustav Paulay,2026-08-13,,118454,Idotea,Animalia,Arthropoda,Malacostraca,Isopoda,Idoteidae,Idotea,,,,2026-08-13,"Kathy Ann, Svetlana, John, Soma, Gustav, Yander, Terry, Robin, Siena, Ciara, Isabel, Sadie, Julien",Baker's Beach,"Rocky shore and beach mixed with rocky outcrops, cobble fields, tide pools, kelp and algal cover, low IT with urchin barrens",,"hand, general",,Genus,
CAEU-1130,7,7,,1,Cucumaria miniata,/,/,/,,Gustav Paulay,2026-08-13,,225807,Cucumaria miniata,Animalia,Echinodermata,Holothuroidea,Dendrochirotida,Cucumariidae,Cucumaria,,miniata,,2026-08-13,"Kathy Ann, Svetlana, John, Soma, Gustav, Yander, Terry, Robin, Siena, Ciara, Isabel, Sadie, Julien",Baker's Beach,"Rocky shore and beach mixed with rocky outcrops, cobble fields, tide pools, kelp and algal cover, low IT with urchin barrens",,"hand, general",,Species,
CAEU-1131,7,7,,1,Cucumaria miniata,/,/,/,,Gustav Paulay,2026-08-13,,225807,Cucumaria miniata,Animalia,Echinodermata,Holothuroidea,Dendrochirotida,Cucumariidae,Cucumaria,,miniata,,2026-08-13,"Kathy Ann, Svetlana, John, Soma, Gustav, Yander, Terry, Robin, Siena, Ciara, Isabel, Sadie, Julien",Baker's Beach,"Rocky shore and beach mixed with rocky outcrops, cobble fields, tide pools, kelp and algal cover, low IT with urchin barrens",,"hand, general",,Species,
CAEU-1132,7,7,,1,Cucumaria miniata,/,/,/,,Gustav Paulay,2026-08-13,,225807,Cucumaria miniata,Animalia,Echinodermata,Holothuroidea,Dendrochirotida,Cucumariidae,Cucumaria,,miniata,,2026-08-13,"Kathy Ann, Svetlana, John, Soma, Gustav, Yander, Terry, Robin, Siena, Ciara, Isabel, Sadie, Julien",Baker's Beach,"Rocky shore and beach mixed with rocky outcrops, cobble fields, tide pools, kelp and algal cover, low IT with urchin barrens",,"hand, general",,Species,
CAEU-1133,7,7,,1,Cucumaria salma?,/,/,/,,Gustav Paulay,2026-08-13,,529193,Cucumaria salma,Animalia,Echinodermata,Holothuroidea,Dendrochirotida,Cucumariidae,Cucumaria,,salma,,2026-08-13,"Kathy Ann, Svetlana, John, Soma, Gustav, Yander, Terry, Robin, Siena, Ciara, Isabel, Sadie, Julien",Baker's Beach,"Rocky shore and beach mixed with rocky outcrops, cobble fields, tide pools, kelp and algal cover, low IT with urchin barrens",,"hand, general",,Species,
CAEU-1134,7,7,,1,Heptacarpus,/,/,/,,Gustav Paulay,2026-08-13,,248339,Heptacarpus,Animalia,Arthropoda,Malacostraca,Decapoda,Thoridae,Heptacarpus,,,,2026-08-13,"Kathy Ann, Svetlana, John, Soma, Gustav, Yander, Terry, Robin, Siena, Ciara, Isabel, Sadie, Julien",Baker's Beach,"Rocky shore and beach mixed with rocky outcrops, cobble fields, tide pools, kelp and algal cover, low IT with urchin barrens",,"hand, general",,Genus,
CAEU-1135,7E,7E,,1,Edwardsiidae?,/,/,/,mangled,Gustav Paulay,2026-08-13,,100665,Edwardsiidae,Animalia,Cnidaria,Hexacorallia,Actiniaria,Edwardsiidae,,,,,2026-08-13,Svetlana,Baker's Beach,"Rocky shore and beach mixed with rocky outcrops, cobble fields, tide pools, kelp and algal cover, low IT with urchin barrens",sandy beach,"shovel, hand",,Family,
CAEU-1136,7,7,,1,Lottiidae?,/,/,/,bizarre Scutellastra-like,Gustav Paulay,2026-08-13,,7173,Lottiidae,Animalia,Mollusca,Gastropoda,Nacellida,Lottiidae,,,,,2026-08-13,"Kathy Ann, Svetlana, John, Soma, Gustav, Yander, Terry, Robin, Siena, Ciara, Isabel, Sadie, Julien",Baker's Beach,"Rocky shore and beach mixed with rocky outcrops, cobble fields, tide pools, kelp and algal cover, low IT with urchin barrens",,"hand, general",,Family,
CAEU-1137,7,7,,1,Glebocarcinus oregonensis,/,/,/,,Gustav Paulay,2026-08-13,,440384,Glebocarcinus oregonensis,Animalia,Arthropoda,Malacostraca,Decapoda,Cancridae,Glebocarcinus,,oregonensis,,2026-08-13,"Kathy Ann, Svetlana, John, Soma, Gustav, Yander, Terry, Robin, Siena, Ciara, Isabel, Sadie, Julien",Baker's Beach,"Rocky shore and beach mixed with rocky outcrops, cobble fields, tide pools, kelp and algal cover, low IT with urchin barrens",,"hand, general",,Species,
CAEU-1138,7,7,,1,Petrolisthes manimaculis,/,/,/,,Gustav Paulay,2026-08-13,,431859,Petrolisthes manimaculis,Animalia,Arthropoda,Malacostraca,Decapoda,Porcellanidae,Petrolisthes,,manimaculis,,2026-08-13,"Kathy Ann, Svetlana, John, Soma, Gustav, Yander, Terry, Robin, Siena, Ciara, Isabel, Sadie, Julien",Baker's Beach,"Rocky shore and beach mixed with rocky outcrops, cobble fields, tide pools, kelp and algal cover, low IT with urchin barrens",,"hand, general",,Species,
CAEU-1139,7,7,,bulk,Petrolisthes manimaculis,X,X,/,,Gustav Paulay,2026-08-13,,431859,Petrolisthes manimaculis,Animalia,Arthropoda,Malacostraca,Decapoda,Porcellanidae,Petrolisthes,,manimaculis,,2026-08-13,"Kathy Ann, Svetlana, John, Soma, Gustav, Yander, Terry, Robin, Siena, Ciara, Isabel, Sadie, Julien",Baker's Beach,"Rocky shore and beach mixed with rocky outcrops, cobble fields, tide pools, kelp and algal cover, low IT with urchin barrens",,"hand, general",,Species,
CAEU-1140,7,7,,1,Porifera,/,/,/,low IT in crevice,Gustav Paulay,2026-08-13,,558,Porifera,Animalia,Porifera,,,,,,,,2026-08-13,"Kathy Ann, Svetlana, John, Soma, Gustav, Yander, Terry, Robin, Siena, Ciara, Isabel, Sadie, Julien",Baker's Beach,"Rocky shore and beach mixed with rocky outcrops, cobble fields, tide pools, kelp and algal cover, low IT with urchin barrens",,"hand, general",,Higher,
CAEU-1141,HUMB-07A,7A,,1,Cicerina bicirrata,y,,y,WM,Yander L. Diez,2026-08-14,,155882,Cicerina bicirrata,Animalia,Platyhelminthes,,Rhabdocoela,Cicerinidae,Cicerina,,bicirrata,,2026-08-13,Yander,Baker's Beach,"Rocky shore and beach mixed with rocky outcrops, cobble fields, tide pools, kelp and algal cover, low IT with urchin barrens",coarse sand from tide pools,,,Species,
CAEU-1142,HUMB-07A,7A,,1,Cicerina bicirrata,y,,y,WM,Yander L. Diez,2026-08-14,,155882,Cicerina bicirrata,Animalia,Platyhelminthes,,Rhabdocoela,Cicerinidae,Cicerina,,bicirrata,,2026-08-13,Yander,Baker's Beach,"Rocky shore and beach mixed with rocky outcrops, cobble fields, tide pools, kelp and algal cover, low IT with urchin barrens",coarse sand from tide pools,,,Species,
CAEU-1143,HUMB-07A,7A,,1,Cicerina bicirrata,y,,y,WM,Yander L. Diez,2026-08-14,,155882,Cicerina bicirrata,Animalia,Platyhelminthes,,Rhabdocoela,Cicerinidae,Cicerina,,bicirrata,,2026-08-13,Yander,Baker's Beach,"Rocky shore and beach mixed with rocky outcrops, cobble fields, tide pools, kelp and algal cover, low IT with urchin barrens",coarse sand from tide pools,,,Species,
CAEU-1144,HUMB-07A,7A,,1,Carcharodorhynchus cf. flavidus,y,y,,eth,Yander L. Diez,2026-08-14,,142387,Carcharodorhynchus,Animalia,Platyhelminthes,,Rhabdocoela,Schizorhynchidae,Carcharodorhynchus,,,,2026-08-13,Yander,Baker's Beach,"Rocky shore and beach mixed with rocky outcrops, cobble fields, tide pools, kelp and algal cover, low IT with urchin barrens",coarse sand from tide pools,,,Genus,
CAEU-1145,HUMB-07A,7A,,1,Carcharodorhynchus cf. flavidus,y,y,,eth,Yander L. Diez,2026-08-14,,142387,Carcharodorhynchus,Animalia,Platyhelminthes,,Rhabdocoela,Schizorhynchidae,Carcharodorhynchus,,,,2026-08-13,Yander,Baker's Beach,"Rocky shore and beach mixed with rocky outcrops, cobble fields, tide pools, kelp and algal cover, low IT with urchin barrens",coarse sand from tide pools,,,Genus,
CAEU-1146,HUMB-07A,7A,,1,Cheliplana hawaiiensis,y,y,,eth,Yander L. Diez,2026-08-14,,1511111,Cheliplana hawaiiensis,Animalia,Platyhelminthes,,Rhabdocoela,Cheliplanidae,Cheliplana,,hawaiiensis,,2026-08-13,Yander,Baker's Beach,"Rocky shore and beach mixed with rocky outcrops, cobble fields, tide pools, kelp and algal cover, low IT with urchin barrens",coarse sand from tide pools,,,Species,
CAEU-1147,HUMB-07A,7A,,1,Carcharodorhynchus cf. flavidus,y,y,,eth,Yander L. Diez,2026-08-14,,142387,Carcharodorhynchus,Animalia,Platyhelminthes,,Rhabdocoela,Schizorhynchidae,Carcharodorhynchus,,,,2026-08-13,Yander,Baker's Beach,"Rocky shore and beach mixed with rocky outcrops, cobble fields, tide pools, kelp and algal cover, low IT with urchin barrens",coarse sand from tide pools,,,Genus,
CAEU-1148,HUMB-07A,7A,,1,Utelga sp. 1,y,,y,WM,Yander L. Diez,2026-08-14,,142357,Utelga,Animalia,Platyhelminthes,,Rhabdocoela,Koinocystididae,Utelga,,,,2026-08-13,Yander,Baker's Beach,"Rocky shore and beach mixed with rocky outcrops, cobble fields, tide pools, kelp and algal cover, low IT with urchin barrens",coarse sand from tide pools,,,Genus,
CAEU-1149,HUMB-07A,7A,,1,Cheliplana hawaiiensis,y,,y,WM,Yander L. Diez,2026-08-14,,1511111,Cheliplana hawaiiensis,Animalia,Platyhelminthes,,Rhabdocoela,Cheliplanidae,Cheliplana,,hawaiiensis,,2026-08-13,Yander,Baker's Beach,"Rocky shore and beach mixed with rocky outcrops, cobble fields, tide pools, kelp and algal cover, low IT with urchin barrens",coarse sand from tide pools,,,Species,
CAEU-1150,HUMB-07A,7A,,1,Cheliplana sp. 2,y,,y,WM,Yander L. Diez,2026-08-14,,142341,Cheliplana,Animalia,Platyhelminthes,,Rhabdocoela,Cheliplanidae,Cheliplana,,,,2026-08-13,Yander,Baker's Beach,"Rocky shore and beach mixed with rocky outcrops, cobble fields, tide pools, kelp and algal cover, low IT with urchin barrens",coarse sand from tide pools,,,Genus,
CAEU-1151,HUMB-07A,7A,,1,Cheliplana hawaiiensis,y,y,,WM,Yander L. Diez,2026-08-14,,1511111,Cheliplana hawaiiensis,Animalia,Platyhelminthes,,Rhabdocoela,Cheliplanidae,Cheliplana,,hawaiiensis,,2026-08-13,Yander,Baker's Beach,"Rocky shore and beach mixed with rocky outcrops, cobble fields, tide pools, kelp and algal cover, low IT with urchin barrens",coarse sand from tide pools,,,Species,
CAEU-1152,HUMB-07A,7A,,1,Prolecithophora sp. 4,y,y,,eth,Yander L. Diez,2026-08-14,,2854,Prolecithophora,Animalia,Platyhelminthes,,Prolecithophora,,,,,,2026-08-13,Yander,Baker's Beach,"Rocky shore and beach mixed with rocky outcrops, cobble fields, tide pools, kelp and algal cover, low IT with urchin barrens",coarse sand from tide pools,,,Higher,
CAEU-1153,HUMB-07A,7A,,1,Cheliplana hawaiiensis,y,y,,eth,Yander L. Diez,2026-08-14,,1511111,Cheliplana hawaiiensis,Animalia,Platyhelminthes,,Rhabdocoela,Cheliplanidae,Cheliplana,,hawaiiensis,,2026-08-13,Yander,Baker's Beach,"Rocky shore and beach mixed with rocky outcrops, cobble fields, tide pools, kelp and algal cover, low IT with urchin barrens",coarse sand from tide pools,,,Species,
CAEU-1154,HUMB-07A,7A,,1,Carcharodorhynchus cf. flavidus,y,,y,WM,Yander L. Diez,2026-08-14,,142387,Carcharodorhynchus,Animalia,Platyhelminthes,,Rhabdocoela,Schizorhynchidae,Carcharodorhynchus,,,,2026-08-13,Yander,Baker's Beach,"Rocky shore and beach mixed with rocky outcrops, cobble fields, tide pools, kelp and algal cover, low IT with urchin barrens",coarse sand from tide pools,,,Genus,
CAEU-1155,HUMB-07A,7A,,1,Carcharodorhynchus cf. flavidus,y,y,,eth,Yander L. Diez,2026-08-14,,142387,Carcharodorhynchus,Animalia,Platyhelminthes,,Rhabdocoela,Schizorhynchidae,Carcharodorhynchus,,,,2026-08-13,Yander,Baker's Beach,"Rocky shore and beach mixed with rocky outcrops, cobble fields, tide pools, kelp and algal cover, low IT with urchin barrens",coarse sand from tide pools,,,Genus,
CAEU-1156,HUMB-07A,7A,,1,Cheliplana sp. 2,y,y,,eth,Yander L. Diez,2026-08-14,,142341,Cheliplana,Animalia,Platyhelminthes,,Rhabdocoela,Cheliplanidae,Cheliplana,,,,2026-08-13,Yander,Baker's Beach,"Rocky shore and beach mixed with rocky outcrops, cobble fields, tide pools, kelp and algal cover, low IT with urchin barrens",coarse sand from tide pools,,,Genus,
CAEU-1157,HUMB-07A,7A,,1,Carcharodorhynchus cf. flavidus,y,y,,eth,Yander L. Diez,2026-08-14,,142387,Carcharodorhynchus,Animalia,Platyhelminthes,,Rhabdocoela,Schizorhynchidae,Carcharodorhynchus,,,,2026-08-13,Yander,Baker's Beach,"Rocky shore and beach mixed with rocky outcrops, cobble fields, tide pools, kelp and algal cover, low IT with urchin barrens",coarse sand from tide pools,,,Genus,
CAEU-1158,HUMB-8A,8A,,1,Ceratopera sp. 1,y,,y,WM,Yander L. Diez,2026-08-14,,142433,Ceratopera,Animalia,Platyhelminthes,,Rhabdocoela,Trigonostomidae,Ceratopera,,,,2026-08-13,"Greg, Dakota",Baker's Beach,"Rocky shore and beach mixed with rocky outcrops, cobble fields, tide pools, kelp and algal cover, low IT with urchin barrens",algae near beach,,,Genus,
CAEU-1159,HUMB-8A,8A,,1,Plagiostomum sp. 4,y,y,,eth,Yander L. Diez,2026-08-14,,142260,Plagiostomum,Animalia,Platyhelminthes,,Prolecithophora,Plagiostomidae,Plagiostomum,,,,2026-08-13,"Greg, Dakota",Baker's Beach,"Rocky shore and beach mixed with rocky outcrops, cobble fields, tide pools, kelp and algal cover, low IT with urchin barrens",algae near beach,,,Genus,
CAEU-1160,HUMB-8A,8A,,1,Plagiostomum sp. 4,y,y,,eth,Yander L. Diez,2026-08-14,,142260,Plagiostomum,Animalia,Platyhelminthes,,Prolecithophora,Plagiostomidae,Plagiostomum,,,,2026-08-13,"Greg, Dakota",Baker's Beach,"Rocky shore and beach mixed with rocky outcrops, cobble fields, tide pools, kelp and algal cover, low IT with urchin barrens",algae near beach,,,Genus,
CAEU-1161,HUMB-8A,8A,,8,Plagiostomum sp. 4,y,,y,Bouin-histology,Yander L. Diez,2026-08-14,,142260,Plagiostomum,Animalia,Platyhelminthes,,Prolecithophora,Plagiostomidae,Plagiostomum,,,,2026-08-13,"Greg, Dakota",Baker's Beach,"Rocky shore and beach mixed with rocky outcrops, cobble fields, tide pools, kelp and algal cover, low IT with urchin barrens",algae near beach,,,Genus,
CAEU-1162,HUMB-07B,7B,,1,Cicerina sp. 2,y,y,,eth,Yander L. Diez,2026-08-14,,142311,Cicerina,Animalia,Platyhelminthes,,Rhabdocoela,Cicerinidae,Cicerina,,,,2026-08-13,Yander,Baker's Beach,"Rocky shore and beach mixed with rocky outcrops, cobble fields, tide pools, kelp and algal cover, low IT with urchin barrens",coarse sand,,,Genus,
CAEU-1163,HUMB-07B,7B,,1,Coelogynoporidae sp. 1,y,y,y,"WM+eth, cut in half",Yander L. Diez,2026-08-14,,142108,Coelogynoporidae,Animalia,Platyhelminthes,,Proseriata,Coelogynoporidae,,,,,2026-08-13,Yander,Baker's Beach,"Rocky shore and beach mixed with rocky outcrops, cobble fields, tide pools, kelp and algal cover, low IT with urchin barrens",coarse sand,,,Family,
CAEU-1164,HUMB-07B,7B,,1,Parainvenusta paracnida,y,y,,eth,Yander L. Diez,2026-08-14,,152586,Invenusta paracnida,Animalia,Platyhelminthes,,Proseriata,Coelogynoporidae,Invenusta,,paracnida,,2026-08-13,Yander,Baker's Beach,"Rocky shore and beach mixed with rocky outcrops, cobble fields, tide pools, kelp and algal cover, low IT with urchin barrens",coarse sand,,,Species,
CAEU-1165,HUMB-07B,7B,,1,Parainvenusta paracnida,y,y,,eth,Yander L. Diez,2026-08-14,,152586,Invenusta paracnida,Animalia,Platyhelminthes,,Proseriata,Coelogynoporidae,Invenusta,,paracnida,,2026-08-13,Yander,Baker's Beach,"Rocky shore and beach mixed with rocky outcrops, cobble fields, tide pools, kelp and algal cover, low IT with urchin barrens",coarse sand,,,Species,
CAEU-1166,HUMB-07B,7B,,1,Proseriata sp. 3,y,y,,eth,Yander L. Diez,2026-08-14,,142027,Proseriata,Animalia,Platyhelminthes,,Proseriata,,,,,,2026-08-13,Yander,Baker's Beach,"Rocky shore and beach mixed with rocky outcrops, cobble fields, tide pools, kelp and algal cover, low IT with urchin barrens",coarse sand,,,Higher,
CAEU-1167,HUMB-07B,7B,,1,Proseriata sp. 1,y,,y,WM,Yander L. Diez,2026-08-14,,142027,Proseriata,Animalia,Platyhelminthes,,Proseriata,,,,,,2026-08-13,Yander,Baker's Beach,"Rocky shore and beach mixed with rocky outcrops, cobble fields, tide pools, kelp and algal cover, low IT with urchin barrens",coarse sand,,,Higher,
CAEU-1168,HUMB-07B,7B,,1,Pogaina sp. 2,y,,y,WM,Yander L. Diez,2026-08-14,,142293,Pogaina,Animalia,Platyhelminthes,,Rhabdocoela,Provorticidae,Pogaina,,,,2026-08-13,Yander,Baker's Beach,"Rocky shore and beach mixed with rocky outcrops, cobble fields, tide pools, kelp and algal cover, low IT with urchin barrens",coarse sand,,,Genus,
CAEU-1169,HUMB-07B,7B,,1,Proseriata sp. 3,y,y,,eth,Yander L. Diez,2026-08-14,,142027,Proseriata,Animalia,Platyhelminthes,,Proseriata,,,,,,2026-08-13,Yander,Baker's Beach,"Rocky shore and beach mixed with rocky outcrops, cobble fields, tide pools, kelp and algal cover, low IT with urchin barrens",coarse sand,,,Higher,
CAEU-1170,HUMB-7I,7I,,1,Ptychopera sp. 1,y,,y,WM,Yander L. Diez,2026-08-14,,142442,Ptychopera,Animalia,Platyhelminthes,,Rhabdocoela,Trigonostomidae,Ptychopera,,,,2026-08-13,Soma,Baker's Beach,"Rocky shore and beach mixed with rocky outcrops, cobble fields, tide pools, kelp and algal cover, low IT with urchin barrens",mixed red algae from rocks,sweat,,Genus,
CAEU-1171,7,7,,1,Petrolisthes cinctipes,/,/,/,mid IT under rocks,Gustav Paulay,2026-08-13,,431841,Petrolisthes cinctipes,Animalia,Arthropoda,Malacostraca,Decapoda,Porcellanidae,Petrolisthes,,cinctipes,,2026-08-13,"Kathy Ann, Svetlana, John, Soma, Gustav, Yander, Terry, Robin, Siena, Ciara, Isabel, Sadie, Julien",Baker's Beach,"Rocky shore and beach mixed with rocky outcrops, cobble fields, tide pools, kelp and algal cover, low IT with urchin barrens",,"hand, general",,Species,
CAEU-1172,7,7,CAEU-1172,1,Petrolisthes cinctipes,/,/,/,,Gustav Paulay,2026-08-13,,431841,Petrolisthes cinctipes,Animalia,Arthropoda,Malacostraca,Decapoda,Porcellanidae,Petrolisthes,,cinctipes,,2026-08-13,"Kathy Ann, Svetlana, John, Soma, Gustav, Yander, Terry, Robin, Siena, Ciara, Isabel, Sadie, Julien",Baker's Beach,"Rocky shore and beach mixed with rocky outcrops, cobble fields, tide pools, kelp and algal cover, low IT with urchin barrens",,"hand, general",,Species,
CAEU-1173,7,7,CAEU-1172,1,Petrolisthes cinctipes,/,/,/,,Gustav Paulay,2026-08-13,,431841,Petrolisthes cinctipes,Animalia,Arthropoda,Malacostraca,Decapoda,Porcellanidae,Petrolisthes,,cinctipes,,2026-08-13,"Kathy Ann, Svetlana, John, Soma, Gustav, Yander, Terry, Robin, Siena, Ciara, Isabel, Sadie, Julien",Baker's Beach,"Rocky shore and beach mixed with rocky outcrops, cobble fields, tide pools, kelp and algal cover, low IT with urchin barrens",,"hand, general",,Species,
CAEU-1174,7,7,CAEU-1172,bulk,Petrolisthes cinctipes,X,X,/,,Gustav Paulay,2026-08-13,,431841,Petrolisthes cinctipes,Animalia,Arthropoda,Malacostraca,Decapoda,Porcellanidae,Petrolisthes,,cinctipes,,2026-08-13,"Kathy Ann, Svetlana, John, Soma, Gustav, Yander, Terry, Robin, Siena, Ciara, Isabel, Sadie, Julien",Baker's Beach,"Rocky shore and beach mixed with rocky outcrops, cobble fields, tide pools, kelp and algal cover, low IT with urchin barrens",,"hand, general",,Species,
CAEU-1175,7,7,,1,Heptacarpus x,/,/,/,Green in netted in pool,Gustav Paulay,2026-08-13,,248339,Heptacarpus,Animalia,Arthropoda,Malacostraca,Decapoda,Thoridae,Heptacarpus,,,,2026-08-13,"Kathy Ann, Svetlana, John, Soma, Gustav, Yander, Terry, Robin, Siena, Ciara, Isabel, Sadie, Julien",Baker's Beach,"Rocky shore and beach mixed with rocky outcrops, cobble fields, tide pools, kelp and algal cover, low IT with urchin barrens",,"hand, general",,Genus,
CAEU-1176,7,7,CAEU-1175,1,Heptacarpus x,/,/,/,Green in netted in pool,Gustav Paulay,2026-08-13,,248339,Heptacarpus,Animalia,Arthropoda,Malacostraca,Decapoda,Thoridae,Heptacarpus,,,,2026-08-13,"Kathy Ann, Svetlana, John, Soma, Gustav, Yander, Terry, Robin, Siena, Ciara, Isabel, Sadie, Julien",Baker's Beach,"Rocky shore and beach mixed with rocky outcrops, cobble fields, tide pools, kelp and algal cover, low IT with urchin barrens",,"hand, general",,Genus,
CAEU-1177,7,7,,1,Idotea,/,/,/,,Gustav Paulay,2026-08-13,,118454,Idotea,Animalia,Arthropoda,Malacostraca,Isopoda,Idoteidae,Idotea,,,,2026-08-13,"Kathy Ann, Svetlana, John, Soma, Gustav, Yander, Terry, Robin, Siena, Ciara, Isabel, Sadie, Julien",Baker's Beach,"Rocky shore and beach mixed with rocky outcrops, cobble fields, tide pools, kelp and algal cover, low IT with urchin barrens",,"hand, general",,Genus,
CAEU-1178,7,7,,1,Idotea,/,/,/,,Gustav Paulay,2026-08-13,,118454,Idotea,Animalia,Arthropoda,Malacostraca,Isopoda,Idoteidae,Idotea,,,,2026-08-13,"Kathy Ann, Svetlana, John, Soma, Gustav, Yander, Terry, Robin, Siena, Ciara, Isabel, Sadie, Julien",Baker's Beach,"Rocky shore and beach mixed with rocky outcrops, cobble fields, tide pools, kelp and algal cover, low IT with urchin barrens",,"hand, general",,Genus,
CAEU-1179,7,7,,1,Staphylinidae,/,/,/,specimen lost?,Gustav Paulay,2026-08-13,,118093,Staphylinidae,Animalia,Arthropoda,Insecta,Coleoptera,Staphylinidae,,,,,2026-08-13,"Kathy Ann, Svetlana, John, Soma, Gustav, Yander, Terry, Robin, Siena, Ciara, Isabel, Sadie, Julien",Baker's Beach,"Rocky shore and beach mixed with rocky outcrops, cobble fields, tide pools, kelp and algal cover, low IT with urchin barrens",,"hand, general",,Family,
CAEU-1180,7,7,,bulk,Lophopanopeus bellus,X,X,/,,Gustav Paulay,2026-08-13,,443976,Lophopanopeus bellus,Animalia,Arthropoda,Malacostraca,Decapoda,Panopeidae,Lophopanopeus,,bellus,,2026-08-13,"Kathy Ann, Svetlana, John, Soma, Gustav, Yander, Terry, Robin, Siena, Ciara, Isabel, Sadie, Julien",Baker's Beach,"Rocky shore and beach mixed with rocky outcrops, cobble fields, tide pools, kelp and algal cover, low IT with urchin barrens",,"hand, general",,Species,
CAEU-1181,7,7,,bulk,Pugettia producta,X,X,/,,Gustav Paulay,2026-08-13,,240780,Pugettia producta,Animalia,Arthropoda,Malacostraca,Decapoda,Epialtidae,Pugettia,,producta,,2026-08-13,"Kathy Ann, Svetlana, John, Soma, Gustav, Yander, Terry, Robin, Siena, Ciara, Isabel, Sadie, Julien",Baker's Beach,"Rocky shore and beach mixed with rocky outcrops, cobble fields, tide pools, kelp and algal cover, low IT with urchin barrens",,"hand, general",,Species,
CAEU-1182,7,7,,1,Cucumaria pseudocurata,/,/,/,low IT among algae,Gustav Paulay,2026-08-13,,528844,Cucumaria pseudocurata,Animalia,Echinodermata,Holothuroidea,Dendrochirotida,Cucumariidae,Cucumaria,,pseudocurata,,2026-08-13,"Kathy Ann, Svetlana, John, Soma, Gustav, Yander, Terry, Robin, Siena, Ciara, Isabel, Sadie, Julien",Baker's Beach,"Rocky shore and beach mixed with rocky outcrops, cobble fields, tide pools, kelp and algal cover, low IT with urchin barrens",,"hand, general",,Species,
CAEU-1183,7,7,,1,Cucumaria pseudocurata,/,/,/,low IT among algae,Gustav Paulay,2026-08-13,,528844,Cucumaria pseudocurata,Animalia,Echinodermata,Holothuroidea,Dendrochirotida,Cucumariidae,Cucumaria,,pseudocurata,,2026-08-13,"Kathy Ann, Svetlana, John, Soma, Gustav, Yander, Terry, Robin, Siena, Ciara, Isabel, Sadie, Julien",Baker's Beach,"Rocky shore and beach mixed with rocky outcrops, cobble fields, tide pools, kelp and algal cover, low IT with urchin barrens",,"hand, general",,Species,
CAEU-1184,7,7,,1,Cucumaria pseudocurata,/,/,/,low IT among algae,Gustav Paulay,2026-08-13,,528844,Cucumaria pseudocurata,Animalia,Echinodermata,Holothuroidea,Dendrochirotida,Cucumariidae,Cucumaria,,pseudocurata,,2026-08-13,"Kathy Ann, Svetlana, John, Soma, Gustav, Yander, Terry, Robin, Siena, Ciara, Isabel, Sadie, Julien",Baker's Beach,"Rocky shore and beach mixed with rocky outcrops, cobble fields, tide pools, kelp and algal cover, low IT with urchin barrens",,"hand, general",,Species,
CAEU-1185,7,7,,1,Cucumaria pseudocurata,/,/,/,low IT among algae,Gustav Paulay,2026-08-13,,528844,Cucumaria pseudocurata,Animalia,Echinodermata,Holothuroidea,Dendrochirotida,Cucumariidae,Cucumaria,,pseudocurata,,2026-08-13,"Kathy Ann, Svetlana, John, Soma, Gustav, Yander, Terry, Robin, Siena, Ciara, Isabel, Sadie, Julien",Baker's Beach,"Rocky shore and beach mixed with rocky outcrops, cobble fields, tide pools, kelp and algal cover, low IT with urchin barrens",,"hand, general",,Species,
CAEU-1186,7,7,,bulk,Cucumaria pseudocurata,/,/,/,low IT among algae UF,Gustav Paulay,2026-08-13,,528844,Cucumaria pseudocurata,Animalia,Echinodermata,Holothuroidea,Dendrochirotida,Cucumariidae,Cucumaria,,pseudocurata,,2026-08-13,"Kathy Ann, Svetlana, John, Soma, Gustav, Yander, Terry, Robin, Siena, Ciara, Isabel, Sadie, Julien",Baker's Beach,"Rocky shore and beach mixed with rocky outcrops, cobble fields, tide pools, kelp and algal cover, low IT with urchin barrens",,"hand, general",,Species,
CAEU-1187,7,7,,1,Eupentacta,/,/,/,low IT among algae,Gustav Paulay,2026-08-13,,528610,Eupentacta,Animalia,Echinodermata,Holothuroidea,Dendrochirotida,Sclerodactylidae,Eupentacta,,,,2026-08-13,"Kathy Ann, Svetlana, John, Soma, Gustav, Yander, Terry, Robin, Siena, Ciara, Isabel, Sadie, Julien",Baker's Beach,"Rocky shore and beach mixed with rocky outcrops, cobble fields, tide pools, kelp and algal cover, low IT with urchin barrens",,"hand, general",,Genus,
CAEU-1188,7,7,,1,Eupentacta,/,/,/,low IT among algae,Gustav Paulay,2026-08-13,,528610,Eupentacta,Animalia,Echinodermata,Holothuroidea,Dendrochirotida,Sclerodactylidae,Eupentacta,,,,2026-08-13,"Kathy Ann, Svetlana, John, Soma, Gustav, Yander, Terry, Robin, Siena, Ciara, Isabel, Sadie, Julien",Baker's Beach,"Rocky shore and beach mixed with rocky outcrops, cobble fields, tide pools, kelp and algal cover, low IT with urchin barrens",,"hand, general",,Genus,
CAEU-1189,7,7,,1,Eupentacta,/,/,/,low IT among algae UF,Gustav Paulay,2026-08-13,,528610,Eupentacta,Animalia,Echinodermata,Holothuroidea,Dendrochirotida,Sclerodactylidae,Eupentacta,,,,2026-08-13,"Kathy Ann, Svetlana, John, Soma, Gustav, Yander, Terry, Robin, Siena, Ciara, Isabel, Sadie, Julien",Baker's Beach,"Rocky shore and beach mixed with rocky outcrops, cobble fields, tide pools, kelp and algal cover, low IT with urchin barrens",,"hand, general",,Genus,
CAEU-1190,7,7,,bulk,Eupentacta,/,/,/,low IT among algae,Gustav Paulay,2026-08-13,,528610,Eupentacta,Animalia,Echinodermata,Holothuroidea,Dendrochirotida,Sclerodactylidae,Eupentacta,,,,2026-08-13,"Kathy Ann, Svetlana, John, Soma, Gustav, Yander, Terry, Robin, Siena, Ciara, Isabel, Sadie, Julien",Baker's Beach,"Rocky shore and beach mixed with rocky outcrops, cobble fields, tide pools, kelp and algal cover, low IT with urchin barrens",,"hand, general",,Genus,
CAEU-1191,7H,7H,,1,Odostomia,/,/?,/,,Gustav Paulay,2026-08-13,,138413,Odostomia,Animalia,Mollusca,Gastropoda,,Pyramidellidae,Odostomia,,,,2026-08-13,Gustav,Baker's Beach,"Rocky shore and beach mixed with rocky outcrops, cobble fields, tide pools, kelp and algal cover, low IT with urchin barrens","mixed red algae, sligthly protected rock face",sweat,,Genus,
CAEU-1192,,,,,,,,,,,,,,,,,,,,,,,,,,,,,,,,
CAEU-1193,7,7,,1,Macoma,/,/,/,,Gustav Paulay,2026-08-13,,138531,Macoma,Animalia,Mollusca,Bivalvia,Cardiida,Tellinidae,Macoma,,,,2026-08-13,"Kathy Ann, Svetlana, John, Soma, Gustav, Yander, Terry, Robin, Siena, Ciara, Isabel, Sadie, Julien",Baker's Beach,"Rocky shore and beach mixed with rocky outcrops, cobble fields, tide pools, kelp and algal cover, low IT with urchin barrens",,"hand, general",,Genus,
CAEU-1194,7,7,CAEU-1140,1,Munidae,/,/,/,,Gustav Paulay,2026-08-13,,118263,Munnidae,Animalia,Arthropoda,Malacostraca,Isopoda,Munnidae,,,,,2026-08-13,"Kathy Ann, Svetlana, John, Soma, Gustav, Yander, Terry, Robin, Siena, Ciara, Isabel, Sadie, Julien",Baker's Beach,"Rocky shore and beach mixed with rocky outcrops, cobble fields, tide pools, kelp and algal cover, low IT with urchin barrens",,"hand, general",,Family,
CAEU-1195,10,10,,1,Pachygrapsus crassipes,/,/,/,high IT in crevices,Gustav Paulay,2026-08-13,,395016,Pachygrapsus crassipes,Animalia,Arthropoda,Malacostraca,Decapoda,Grapsidae,Pachygrapsus,,crassipes,,2026-08-14,"Svetlana, Gustav, Soma, Kathy Ann",S of Cape Mendocino,"Rocky shore with boulders and cobbles, some on silty sand, beach in high IT only, tide pools, low IT with urchin barrens",,,,Species,
CAEU-1196,10,10,,1,Pachygrapsus crassipes,/,/,/,high IT in crevices,Gustav Paulay,2026-08-13,,395016,Pachygrapsus crassipes,Animalia,Arthropoda,Malacostraca,Decapoda,Grapsidae,Pachygrapsus,,crassipes,,2026-08-14,"Svetlana, Gustav, Soma, Kathy Ann",S of Cape Mendocino,"Rocky shore with boulders and cobbles, some on silty sand, beach in high IT only, tide pools, low IT with urchin barrens",,,,Species,
CAEU-1197,10,10,,1,Pachygrapsus crassipes,/,/,/,high IT in crevices,Gustav Paulay,2026-08-13,,395016,Pachygrapsus crassipes,Animalia,Arthropoda,Malacostraca,Decapoda,Grapsidae,Pachygrapsus,,crassipes,,2026-08-14,"Svetlana, Gustav, Soma, Kathy Ann",S of Cape Mendocino,"Rocky shore with boulders and cobbles, some on silty sand, beach in high IT only, tide pools, low IT with urchin barrens",,,,Species,
CAEU-1198,10,10,,1,Pachygrapsus crassipes,/,/,/,high IT in crevices,Gustav Paulay,2026-08-13,,395016,Pachygrapsus crassipes,Animalia,Arthropoda,Malacostraca,Decapoda,Grapsidae,Pachygrapsus,,crassipes,,2026-08-14,"Svetlana, Gustav, Soma, Kathy Ann",S of Cape Mendocino,"Rocky shore with boulders and cobbles, some on silty sand, beach in high IT only, tide pools, low IT with urchin barrens",,,,Species,
CAEU-1199,10,10,,1,Henricia cf pumila,/,/,/,,Gustav Paulay,2026-08-13,,123276,Henricia,Animalia,Echinodermata,Asteroidea,Spinulosida,Echinasteridae,Henricia,,,,2026-08-14,"Svetlana, Gustav, Soma, Kathy Ann",S of Cape Mendocino,"Rocky shore with boulders and cobbles, some on silty sand, beach in high IT only, tide pools, low IT with urchin barrens",,,,Genus,
CAEU-1200,10,10,,1,Henricia cf pumila,/,/,/,UF,Gustav Paulay,2026-08-13,,123276,Henricia,Animalia,Echinodermata,Asteroidea,Spinulosida,Echinasteridae,Henricia,,,,2026-08-14,"Svetlana, Gustav, Soma, Kathy Ann",S of Cape Mendocino,"Rocky shore with boulders and cobbles, some on silty sand, beach in high IT only, tide pools, low IT with urchin barrens",,,,Genus,
CAEU-1201,7,7,,4,Lottia digitalis,,,,bulk,Slapcinsky,2026-08-13,,456588,Lottia digitalis,Animalia,Mollusca,Gastropoda,Nacellida,Lottiidae,Lottia,,digitalis,,2026-08-13,"Kathy Ann, Svetlana, John, Soma, Gustav, Yander, Terry, Robin, Siena, Ciara, Isabel, Sadie, Julien",Baker's Beach,"Rocky shore and beach mixed with rocky outcrops, cobble fields, tide pools, kelp and algal cover, low IT with urchin barrens",,"hand, general",,Species,
CAEU-1202,7,7,,3,Mopalia lignosa,,,,bulk,Slapcinsky,2026-08-13,,386349,Mopalia lignosa,Animalia,Mollusca,Polyplacophora,Chitonida,Mopaliidae,Mopalia,,lignosa,,2026-08-13,"Kathy Ann, Svetlana, John, Soma, Gustav, Yander, Terry, Robin, Siena, Ciara, Isabel, Sadie, Julien",Baker's Beach,"Rocky shore and beach mixed with rocky outcrops, cobble fields, tide pools, kelp and algal cover, low IT with urchin barrens",,"hand, general",,Species,
CAEU-1203,7,7,,1,Lepidozona mertensii?,,,,,Slapcinsky,2026-08-13,,386048,Lepidozona mertensii,Animalia,Mollusca,Polyplacophora,Chitonida,Ischnochitonidae,Lepidozona,,mertensii,,2026-08-13,"Kathy Ann, Svetlana, John, Soma, Gustav, Yander, Terry, Robin, Siena, Ciara, Isabel, Sadie, Julien",Baker's Beach,"Rocky shore and beach mixed with rocky outcrops, cobble fields, tide pools, kelp and algal cover, low IT with urchin barrens",,"hand, general",,Species,
CAEU-1204,7,7,,1,Lepidozona mertensii,,,,,Slapcinsky,2026-08-13,,386048,Lepidozona mertensii,Animalia,Mollusca,Polyplacophora,Chitonida,Ischnochitonidae,Lepidozona,,mertensii,,2026-08-13,"Kathy Ann, Svetlana, John, Soma, Gustav, Yander, Terry, Robin, Siena, Ciara, Isabel, Sadie, Julien",Baker's Beach,"Rocky shore and beach mixed with rocky outcrops, cobble fields, tide pools, kelp and algal cover, low IT with urchin barrens",,"hand, general",,Species,
CAEU-1205,7,7,,1,Lepidozona mertensii,,,,,Slapcinsky,2026-08-13,,386048,Lepidozona mertensii,Animalia,Mollusca,Polyplacophora,Chitonida,Ischnochitonidae,Lepidozona,,mertensii,,2026-08-13,"Kathy Ann, Svetlana, John, Soma, Gustav, Yander, Terry, Robin, Siena, Ciara, Isabel, Sadie, Julien",Baker's Beach,"Rocky shore and beach mixed with rocky outcrops, cobble fields, tide pools, kelp and algal cover, low IT with urchin barrens",,"hand, general",,Species,
CAEU-1206,7,7,,1,Amphissa,,,,dark large,Slapcinsky,2026-08-13,,137801,Amphissa,Animalia,Mollusca,Gastropoda,Neogastropoda,Columbellidae,Amphissa,,,,2026-08-13,"Kathy Ann, Svetlana, John, Soma, Gustav, Yander, Terry, Robin, Siena, Ciara, Isabel, Sadie, Julien",Baker's Beach,"Rocky shore and beach mixed with rocky outcrops, cobble fields, tide pools, kelp and algal cover, low IT with urchin barrens",,"hand, general",,Genus,
CAEU-1207,7,7,,1,Amphissa,,,,dark large,Slapcinsky,2026-08-13,,137801,Amphissa,Animalia,Mollusca,Gastropoda,Neogastropoda,Columbellidae,Amphissa,,,,2026-08-13,"Kathy Ann, Svetlana, John, Soma, Gustav, Yander, Terry, Robin, Siena, Ciara, Isabel, Sadie, Julien",Baker's Beach,"Rocky shore and beach mixed with rocky outcrops, cobble fields, tide pools, kelp and algal cover, low IT with urchin barrens",,"hand, general",,Genus,
CAEU-1208,7,7,,1,Lottia,,,,small brown,Slapcinsky,2026-08-13,,160336,Lottia,Animalia,Mollusca,Gastropoda,Nacellida,Lottiidae,Lottia,,,,2026-08-13,"Kathy Ann, Svetlana, John, Soma, Gustav, Yander, Terry, Robin, Siena, Ciara, Isabel, Sadie, Julien",Baker's Beach,"Rocky shore and beach mixed with rocky outcrops, cobble fields, tide pools, kelp and algal cover, low IT with urchin barrens",,"hand, general",,Genus,
CAEU-1209,7,7,,1,Lottia,,,,small brown,Slapcinsky,2026-08-13,,160336,Lottia,Animalia,Mollusca,Gastropoda,Nacellida,Lottiidae,Lottia,,,,2026-08-13,"Kathy Ann, Svetlana, John, Soma, Gustav, Yander, Terry, Robin, Siena, Ciara, Isabel, Sadie, Julien",Baker's Beach,"Rocky shore and beach mixed with rocky outcrops, cobble fields, tide pools, kelp and algal cover, low IT with urchin barrens",,"hand, general",,Genus,
CAEU-1210,7,7,,1,Polyplacophora,,,,small pustuled Felt girdle,Slapcinsky,2026-08-13,,55,Polyplacophora,Animalia,Mollusca,Polyplacophora,,,,,,,2026-08-13,"Kathy Ann, Svetlana, John, Soma, Gustav, Yander, Terry, Robin, Siena, Ciara, Isabel, Sadie, Julien",Baker's Beach,"Rocky shore and beach mixed with rocky outcrops, cobble fields, tide pools, kelp and algal cover, low IT with urchin barrens",,"hand, general",,Higher,
CAEU-1211,7,7,,1,Polyplacophora,,,,small pustuled Felt girdle,Slapcinsky,2026-08-13,,55,Polyplacophora,Animalia,Mollusca,Polyplacophora,,,,,,,2026-08-13,"Kathy Ann, Svetlana, John, Soma, Gustav, Yander, Terry, Robin, Siena, Ciara, Isabel, Sadie, Julien",Baker's Beach,"Rocky shore and beach mixed with rocky outcrops, cobble fields, tide pools, kelp and algal cover, low IT with urchin barrens",,"hand, general",,Higher,
CAEU-1212,7,7,,1,Pyramidellidae 1,,,,ridged lost,Slapcinsky,2026-08-13,,162,Pyramidellidae,Animalia,Mollusca,Gastropoda,,Pyramidellidae,,,,,2026-08-13,"Kathy Ann, Svetlana, John, Soma, Gustav, Yander, Terry, Robin, Siena, Ciara, Isabel, Sadie, Julien",Baker's Beach,"Rocky shore and beach mixed with rocky outcrops, cobble fields, tide pools, kelp and algal cover, low IT with urchin barrens",,"hand, general",,Family,
CAEU-1213,7,7,,1,Eulithidium,,,,,Slapcinsky,2026-08-13,,415368,Eulithidium,Animalia,Mollusca,Gastropoda,Trochida,Phasianellidae,Eulithidium,,,,2026-08-13,"Kathy Ann, Svetlana, John, Soma, Gustav, Yander, Terry, Robin, Siena, Ciara, Isabel, Sadie, Julien",Baker's Beach,"Rocky shore and beach mixed with rocky outcrops, cobble fields, tide pools, kelp and algal cover, low IT with urchin barrens",,"hand, general",,Genus,
CAEU-1214,7,7,,1,Pyramidellidae 2,,,,white,Slapcinsky,2026-08-13,,162,Pyramidellidae,Animalia,Mollusca,Gastropoda,,Pyramidellidae,,,,,2026-08-13,"Kathy Ann, Svetlana, John, Soma, Gustav, Yander, Terry, Robin, Siena, Ciara, Isabel, Sadie, Julien",Baker's Beach,"Rocky shore and beach mixed with rocky outcrops, cobble fields, tide pools, kelp and algal cover, low IT with urchin barrens",,"hand, general",,Family,
CAEU-1215,7,7,,1,Marginellidae,,,,small common,Slapcinsky,2026-08-13,,23025,Marginellidae,Animalia,Mollusca,Gastropoda,Neogastropoda,Marginellidae,,,,,2026-08-13,"Kathy Ann, Svetlana, John, Soma, Gustav, Yander, Terry, Robin, Siena, Ciara, Isabel, Sadie, Julien",Baker's Beach,"Rocky shore and beach mixed with rocky outcrops, cobble fields, tide pools, kelp and algal cover, low IT with urchin barrens",,"hand, general",,Family,
CAEU-1216,7,7,,1,Marginellidae,,,,small common,Slapcinsky,2026-08-13,,23025,Marginellidae,Animalia,Mollusca,Gastropoda,Neogastropoda,Marginellidae,,,,,2026-08-13,"Kathy Ann, Svetlana, John, Soma, Gustav, Yander, Terry, Robin, Siena, Ciara, Isabel, Sadie, Julien",Baker's Beach,"Rocky shore and beach mixed with rocky outcrops, cobble fields, tide pools, kelp and algal cover, low IT with urchin barrens",,"hand, general",,Family,
CAEU-1217,7,7,,1,Lottia,,,,small spots,Slapcinsky,2026-08-13,,160336,Lottia,Animalia,Mollusca,Gastropoda,Nacellida,Lottiidae,Lottia,,,,2026-08-13,"Kathy Ann, Svetlana, John, Soma, Gustav, Yander, Terry, Robin, Siena, Ciara, Isabel, Sadie, Julien",Baker's Beach,"Rocky shore and beach mixed with rocky outcrops, cobble fields, tide pools, kelp and algal cover, low IT with urchin barrens",,"hand, general",,Genus,
CAEU-1218,7,7,,1,Barleeia,,,,,Slapcinsky,2026-08-13,,137690,Barleeia,Animalia,Mollusca,Gastropoda,Littorinimorpha,Barleeiidae,Barleeia,,,,2026-08-13,"Kathy Ann, Svetlana, John, Soma, Gustav, Yander, Terry, Robin, Siena, Ciara, Isabel, Sadie, Julien",Baker's Beach,"Rocky shore and beach mixed with rocky outcrops, cobble fields, tide pools, kelp and algal cover, low IT with urchin barrens",,"hand, general",,Genus,
CAEU-1219,7,7,,1,Barleeia,,,,,Slapcinsky,2026-08-13,,137690,Barleeia,Animalia,Mollusca,Gastropoda,Littorinimorpha,Barleeiidae,Barleeia,,,,2026-08-13,"Kathy Ann, Svetlana, John, Soma, Gustav, Yander, Terry, Robin, Siena, Ciara, Isabel, Sadie, Julien",Baker's Beach,"Rocky shore and beach mixed with rocky outcrops, cobble fields, tide pools, kelp and algal cover, low IT with urchin barrens",,"hand, general",,Genus,
CAEU-1220,7,7,,1,Barleeia,,,,,Slapcinsky,2026-08-13,,137690,Barleeia,Animalia,Mollusca,Gastropoda,Littorinimorpha,Barleeiidae,Barleeia,,,,2026-08-13,"Kathy Ann, Svetlana, John, Soma, Gustav, Yander, Terry, Robin, Siena, Ciara, Isabel, Sadie, Julien",Baker's Beach,"Rocky shore and beach mixed with rocky outcrops, cobble fields, tide pools, kelp and algal cover, low IT with urchin barrens",,"hand, general",,Genus,
CAEU-1221,7,7,,1,Eulithidium,,,,,Slapcinsky,2026-08-13,,415368,Eulithidium,Animalia,Mollusca,Gastropoda,Trochida,Phasianellidae,Eulithidium,,,,2026-08-13,"Kathy Ann, Svetlana, John, Soma, Gustav, Yander, Terry, Robin, Siena, Ciara, Isabel, Sadie, Julien",Baker's Beach,"Rocky shore and beach mixed with rocky outcrops, cobble fields, tide pools, kelp and algal cover, low IT with urchin barrens",,"hand, general",,Genus,
CAEU-1222,7,7,,1,Lyonsia?,,,,,Slapcinsky,2026-08-13,,138154,Lyonsia,Animalia,Mollusca,Bivalvia,,Lyonsiidae,Lyonsia,,,,2026-08-13,"Kathy Ann, Svetlana, John, Soma, Gustav, Yander, Terry, Robin, Siena, Ciara, Isabel, Sadie, Julien",Baker's Beach,"Rocky shore and beach mixed with rocky outcrops, cobble fields, tide pools, kelp and algal cover, low IT with urchin barrens",,"hand, general",,Genus,
CAEU-1223,7,7,,1,Marginellidae,,,,bulk / small common,Slapcinsky,2026-08-13,,23025,Marginellidae,Animalia,Mollusca,Gastropoda,Neogastropoda,Marginellidae,,,,,2026-08-13,"Kathy Ann, Svetlana, John, Soma, Gustav, Yander, Terry, Robin, Siena, Ciara, Isabel, Sadie, Julien",Baker's Beach,"Rocky shore and beach mixed with rocky outcrops, cobble fields, tide pools, kelp and algal cover, low IT with urchin barrens",,"hand, general",,Family,
CAEU-1224,11,11,,1,Macoma nasuta,,,,twist,Slapcinsky,2026-08-13,,582761,Macoma nasuta,Animalia,Mollusca,Bivalvia,Cardiida,Tellinidae,Macoma,,nasuta,,2026-08-14,,King salmon,intertidal sand flat,,,,Species,
CAEU-1225,11,11,,1,Macoma nasuta,,,,twist,Slapcinsky,2026-08-13,,582761,Macoma nasuta,Animalia,Mollusca,Bivalvia,Cardiida,Tellinidae,Macoma,,nasuta,,2026-08-14,,King salmon,intertidal sand flat,,,,Species,
CAEU-1226,11,11,,1,Macoma nasuta,,,,twist,Slapcinsky,2026-08-13,,582761,Macoma nasuta,Animalia,Mollusca,Bivalvia,Cardiida,Tellinidae,Macoma,,nasuta,,2026-08-14,,King salmon,intertidal sand flat,,,,Species,
CAEU-1227,11,11,,4,Macoma nasuta,,,,bulk,Slapcinsky,2026-08-13,,582761,Macoma nasuta,Animalia,Mollusca,Bivalvia,Cardiida,Tellinidae,Macoma,,nasuta,,2026-08-14,,King salmon,intertidal sand flat,,,,Species,
CAEU-1228,11,11,,1,Clinocardium nuttallii,,,,,Slapcinsky,2026-08-13,,381980,Clinocardium nuttallii,Animalia,Mollusca,Bivalvia,Cardiida,Cardiidae,Clinocardium,,nuttallii,,2026-08-14,,King salmon,intertidal sand flat,,,,Species,
CAEU-1229,11,11,,1,Clinocardium nuttallii,,,,,Slapcinsky,2026-08-13,,381980,Clinocardium nuttallii,Animalia,Mollusca,Bivalvia,Cardiida,Cardiidae,Clinocardium,,nuttallii,,2026-08-14,,King salmon,intertidal sand flat,,,,Species,
CAEU-1230,11,11,,1,Clinocardium nuttallii,,,,,Slapcinsky,2026-08-13,,381980,Clinocardium nuttallii,Animalia,Mollusca,Bivalvia,Cardiida,Cardiidae,Clinocardium,,nuttallii,,2026-08-14,,King salmon,intertidal sand flat,,,,Species,
CAEU-1231,7,7,,1,Paranemertes peregrina?,✓,✓,✓,"2 pouches ac. st. complex; could be real; large dark,  stylet photo large dark",Svetlana Maslakova,2026-08-13,,162261,Paranemertes peregrina,Animalia,Nemertea,Hoplonemertea,Monostilifera,Neesiidae,Paranemertes,,peregrina,,2026-08-13,"Kathy Ann, Svetlana, John, Soma, Gustav, Yander, Terry, Robin, Siena, Ciara, Isabel, Sadie, Julien",Baker's Beach,"Rocky shore and beach mixed with rocky outcrops, cobble fields, tide pools, kelp and algal cover, low IT with urchin barrens",,"hand, general",,Species,
CAEU-1232,7,7,,1,Paranemertes peregrina?,✓,✓,✓,"2 pouches ac. st. complex; could be real; (no head voucher :(), stylet photo",Svetlana Maslakova,2026-08-13,,162261,Paranemertes peregrina,Animalia,Nemertea,Hoplonemertea,Monostilifera,Neesiidae,Paranemertes,,peregrina,,2026-08-13,"Kathy Ann, Svetlana, John, Soma, Gustav, Yander, Terry, Robin, Siena, Ciara, Isabel, Sadie, Julien",Baker's Beach,"Rocky shore and beach mixed with rocky outcrops, cobble fields, tide pools, kelp and algal cover, low IT with urchin barrens",,"hand, general",,Species,
CAEU-1233,7,7,,1,Paranemertes peregrina?,✓,✓,✓,2 pouches ac. st. complex; could be real; stylet photo,Svetlana Maslakova,2026-08-13,,162261,Paranemertes peregrina,Animalia,Nemertea,Hoplonemertea,Monostilifera,Neesiidae,Paranemertes,,peregrina,,2026-08-13,"Kathy Ann, Svetlana, John, Soma, Gustav, Yander, Terry, Robin, Siena, Ciara, Isabel, Sadie, Julien",Baker's Beach,"Rocky shore and beach mixed with rocky outcrops, cobble fields, tide pools, kelp and algal cover, low IT with urchin barrens",,"hand, general",,Species,
CAEU-1234,7,7,,1,Amphiporus formidabilis,✓,✓,✓,,Svetlana Maslakova,2026-08-13,,147983,Amphiporus formidabilis,Animalia,Nemertea,Hoplonemertea,Monostilifera,Amphiporidae,Amphiporus,,formidabilis,,2026-08-13,"Kathy Ann, Svetlana, John, Soma, Gustav, Yander, Terry, Robin, Siena, Ciara, Isabel, Sadie, Julien",Baker's Beach,"Rocky shore and beach mixed with rocky outcrops, cobble fields, tide pools, kelp and algal cover, low IT with urchin barrens",,"hand, general",,Species,
CAEU-1235,7,7,,1,Amphiporus formidabilis,✓,✓,✓,,Svetlana Maslakova,2026-08-13,,147983,Amphiporus formidabilis,Animalia,Nemertea,Hoplonemertea,Monostilifera,Amphiporidae,Amphiporus,,formidabilis,,2026-08-13,"Kathy Ann, Svetlana, John, Soma, Gustav, Yander, Terry, Robin, Siena, Ciara, Isabel, Sadie, Julien",Baker's Beach,"Rocky shore and beach mixed with rocky outcrops, cobble fields, tide pools, kelp and algal cover, low IT with urchin barrens",,"hand, general",,Species,
CAEU-1236,7,7,,1,Amphiporus formidabilis,✓,✓,✓,,Svetlana Maslakova,2026-08-13,,147983,Amphiporus formidabilis,Animalia,Nemertea,Hoplonemertea,Monostilifera,Amphiporidae,Amphiporus,,formidabilis,,2026-08-13,"Kathy Ann, Svetlana, John, Soma, Gustav, Yander, Terry, Robin, Siena, Ciara, Isabel, Sadie, Julien",Baker's Beach,"Rocky shore and beach mixed with rocky outcrops, cobble fields, tide pools, kelp and algal cover, low IT with urchin barrens",,"hand, general",,Species,
CAEU-1237,7,7,,1,Amphiporus aff. imparispinosus,✓,✓,✓,,Svetlana Maslakova,2026-08-13,,122391,Amphiporus,Animalia,Nemertea,Hoplonemertea,Monostilifera,Amphiporidae,Amphiporus,,,,2026-08-13,"Kathy Ann, Svetlana, John, Soma, Gustav, Yander, Terry, Robin, Siena, Ciara, Isabel, Sadie, Julien",Baker's Beach,"Rocky shore and beach mixed with rocky outcrops, cobble fields, tide pools, kelp and algal cover, low IT with urchin barrens",,"hand, general",,Genus,
CAEU-1238,7,7,,1,Lineidae?,✓,✓,✓,"headless piece; Tenuilineus sp. ""ochre""?",Svetlana Maslakova,2026-08-13,,122314,Lineidae,Animalia,Nemertea,Pilidiophora,Heteronemertea,Lineidae,,,,,2026-08-13,"Kathy Ann, Svetlana, John, Soma, Gustav, Yander, Terry, Robin, Siena, Ciara, Isabel, Sadie, Julien",Baker's Beach,"Rocky shore and beach mixed with rocky outcrops, cobble fields, tide pools, kelp and algal cover, low IT with urchin barrens",,"hand, general",,Family,
CAEU-1239,7,7,,1,Amphiporus aff. imparispinosus,✓,✓,✓,,Svetlana Maslakova,2026-08-13,,122391,Amphiporus,Animalia,Nemertea,Hoplonemertea,Monostilifera,Amphiporidae,Amphiporus,,,,2026-08-13,"Kathy Ann, Svetlana, John, Soma, Gustav, Yander, Terry, Robin, Siena, Ciara, Isabel, Sadie, Julien",Baker's Beach,"Rocky shore and beach mixed with rocky outcrops, cobble fields, tide pools, kelp and algal cover, low IT with urchin barrens",,"hand, general",,Genus,
CAEU-1240,7,7,,1,Emplectonema viride,✓,✓,—,"no tissue, cryo only",Svetlana Maslakova,2026-08-13,,176676,Emplectonema viride,Animalia,Nemertea,Hoplonemertea,Monostilifera,Emplectonematidae,Emplectonema,,viride,,2026-08-13,"Kathy Ann, Svetlana, John, Soma, Gustav, Yander, Terry, Robin, Siena, Ciara, Isabel, Sadie, Julien",Baker's Beach,"Rocky shore and beach mixed with rocky outcrops, cobble fields, tide pools, kelp and algal cover, low IT with urchin barrens",,"hand, general",,Species,
CAEU-1241,7,7,,1,Emplectonema viride,✓,cryo,—,,Svetlana Maslakova,2026-08-13,,176676,Emplectonema viride,Animalia,Nemertea,Hoplonemertea,Monostilifera,Emplectonematidae,Emplectonema,,viride,,2026-08-13,"Kathy Ann, Svetlana, John, Soma, Gustav, Yander, Terry, Robin, Siena, Ciara, Isabel, Sadie, Julien",Baker's Beach,"Rocky shore and beach mixed with rocky outcrops, cobble fields, tide pools, kelp and algal cover, low IT with urchin barrens",,"hand, general",,Species,
CAEU-1242,7,7,,1,Diptera,✓,✓,—,midge larva?,Svetlana Maslakova,2026-08-13,,118088,Diptera,Animalia,Arthropoda,Insecta,Diptera,,,,,,2026-08-13,"Kathy Ann, Svetlana, John, Soma, Gustav, Yander, Terry, Robin, Siena, Ciara, Isabel, Sadie, Julien",Baker's Beach,"Rocky shore and beach mixed with rocky outcrops, cobble fields, tide pools, kelp and algal cover, low IT with urchin barrens",,"hand, general",,Higher,
CAEU-1243,7,7,,1,Notoplana sp.,,,,,Svetlana Maslakova,2026-08-13,,142231,Notoplana,Animalia,Platyhelminthes,,Polycladida,Notoplanidae,Notoplana,,,,2026-08-13,"Kathy Ann, Svetlana, John, Soma, Gustav, Yander, Terry, Robin, Siena, Ciara, Isabel, Sadie, Julien",Baker's Beach,"Rocky shore and beach mixed with rocky outcrops, cobble fields, tide pools, kelp and algal cover, low IT with urchin barrens",,"hand, general",,Genus,
CAEU-1244,07F,7F,,1,Tubulanus sexlineatus,✓,✓ cryo2,✓,,Svetlana Maslakova,2026-08-13,,147256,Tubulanus sexlineatus,Animalia,Nemertea,Palaeonemertea,Tubulaniformes,Tubulanidae,Tubulanus,,sexlineatus,,2026-08-13,Svetlana,Baker's Beach,"Rocky shore and beach mixed with rocky outcrops, cobble fields, tide pools, kelp and algal cover, low IT with urchin barrens",Phyllospadix rhizomes,sweat,,Species,
CAEU-1245,11,11,,1,Cerebratulus sp. 2,✓,✓,✓,"very large, in pieces, dark chocolate brown",Svetlana Maslakova,2026-08-13,,122348,Cerebratulus,Animalia,Nemertea,Pilidiophora,Heteronemertea,Lineidae,Cerebratulus,,,,2026-08-14,,King salmon,intertidal sand flat,,,,Genus,
CAEU-1246,12,12,,1,Maculaura?,✓,✓,✓,in Upogebia burrows (yabby pump),Svetlana Maslakova,2026-08-13,,894171,Maculaura,Animalia,Nemertea,Pilidiophora,Heteronemertea,Lineidae,Maculaura,,,,2026-08-14,"Terry, Robin, Andre, Alex, Sadie, Ciara, Avery,",King salmon,intertidal sand flat,,,,Genus,
CAEU-1247,,,,,,,,,,,,,,,,,,,,,,,,,,,,,,,,
CAEU-1248,12,12,,1,Maculaura?,✓,✓ cryo2,✓,,Svetlana Maslakova,2026-08-13,,894171,Maculaura,Animalia,Nemertea,Pilidiophora,Heteronemertea,Lineidae,Maculaura,,,,2026-08-14,"Terry, Robin, Andre, Alex, Sadie, Ciara, Avery,",King salmon,intertidal sand flat,,,,Genus,
CAEU-1249,12,12,,1,Maculaura?,✓,✓,✓,,Svetlana Maslakova,2026-08-13,,894171,Maculaura,Animalia,Nemertea,Pilidiophora,Heteronemertea,Lineidae,Maculaura,,,,2026-08-14,"Terry, Robin, Andre, Alex, Sadie, Ciara, Avery,",King salmon,intertidal sand flat,,,,Genus,
CAEU-1250,12,12,,1,Paranemertes aff. peregrina?,✓,✓,—,headless piece (brownish),Svetlana Maslakova,2026-08-13,,122406,Paranemertes,Animalia,Nemertea,Hoplonemertea,Monostilifera,Neesiidae,Paranemertes,,,,2026-08-14,"Terry, Robin, Andre, Alex, Sadie, Ciara, Avery,",King salmon,intertidal sand flat,,,,Genus,
CAEU-1251,12,12,,1,Nemertea sp. (Kulikobia?),✓,cryo 2,—,headless piece (reddish brown),Svetlana Maslakova,2026-08-13,,152391,Nemertea,Animalia,Nemertea,,,,,,,,2026-08-14,"Terry, Robin, Andre, Alex, Sadie, Ciara, Avery,",King salmon,intertidal sand flat,,,,Higher,
CAEU-1252,7H,7H,,1,Tetrastemma nigrifrons,✓,✓,—,non descript baby,Svetlana Maslakova,2026-08-13,,162358,Tetrastemma nigrifrons,Animalia,Nemertea,Hoplonemertea,Monostilifera,Tetrastemmatidae,Tetrastemma,,nigrifrons,,2026-08-13,Gustav,Baker's Beach,"Rocky shore and beach mixed with rocky outcrops, cobble fields, tide pools, kelp and algal cover, low IT with urchin barrens","mixed red algae, sligthly protected rock face",sweat,,Species,
CAEU-1253,10,10,,1,Nemertea sp.,✓,✓,✓,"Lineid? Dark brown, headless piece. lost specimen",Svetlana Maslakova,2026-08-13,,152391,Nemertea,Animalia,Nemertea,,,,,,,,2026-08-14,"Svetlana, Gustav, Soma, Kathy Ann",S of Cape Mendocino,"Rocky shore with boulders and cobbles, some on silty sand, beach in high IT only, tide pools, low IT with urchin barrens",,,,Higher,
CAEU-1254,12C,12C,,1,Zygonemertes sp.,—,—,—,green-grey (mudflat-assoc.),Svetlana Maslakova,2026-08-13,,122400,Zygonemertes,Animalia,Nemertea,Hoplonemertea,Monostilifera,Zygonemertidae,Zygonemertes,,,,2026-08-14,,King salmon,intertidal sand flat,dead wood,,,Genus,
CAEU-1255,10,10,,1,Paranemertes aff. peregrina,✓,✓,✓,"purple, under rock",Svetlana Maslakova,2026-08-13,,122406,Paranemertes,Animalia,Nemertea,Hoplonemertea,Monostilifera,Neesiidae,Paranemertes,,,,2026-08-14,"Svetlana, Gustav, Soma, Kathy Ann",S of Cape Mendocino,"Rocky shore with boulders and cobbles, some on silty sand, beach in high IT only, tide pools, low IT with urchin barrens",,,,Genus,
CAEU-1256,14A,14A,,1,Carinoma sp.,✓,✓,✓,,Svetlana Maslakova,2026-08-13,,122378,Carinoma,Animalia,Nemertea,Palaeonemertea,Carinomiformes,Carinomidae,Carinoma,,,,2026-08-15,Svetlana,Samoa dunes,Sandy shore and jetties,sandy shore,"shovel, hand",,Genus,
CAEU-1257,14A,14A,,1,Maculaura alaskensis?,✓,✓,✓,missing posterior,Svetlana Maslakova,2026-08-13,,894172,Maculaura alaskensis,Animalia,Nemertea,Pilidiophora,Heteronemertea,Lineidae,Maculaura,,alaskensis,,2026-08-15,Svetlana,Samoa dunes,Sandy shore and jetties,sandy shore,"shovel, hand",,Species,
CAEU-1258,14A,14A,,1,Nanomia bijuga,,,,on top of sand - stranded,Svetlana Maslakova,2026-08-13,,135495,Nanomia bijuga,Animalia,Cnidaria,Hydrozoa,Siphonophorae,Agalmatidae,Nanomia,,bijuga,,2026-08-15,Svetlana,Samoa dunes,Sandy shore and jetties,sandy shore,"shovel, hand",,Species,
CAEU-1259,14A,14A,,1,Cerebratulus californiensis,✓,✓,✓,,Svetlana Maslakova,2026-08-13,,147295,Cerebratulus californiensis,Animalia,Nemertea,Pilidiophora,Heteronemertea,Lineidae,Cerebratulus,,californiensis,,2026-08-15,Svetlana,Samoa dunes,Sandy shore and jetties,sandy shore,"shovel, hand",,Species,
CAEU-1260,14A,14A,,1,Cerebratulus californiensis,✓,✓,✓,,Svetlana Maslakova,2026-08-13,,147295,Cerebratulus californiensis,Animalia,Nemertea,Pilidiophora,Heteronemertea,Lineidae,Cerebratulus,,californiensis,,2026-08-15,Svetlana,Samoa dunes,Sandy shore and jetties,sandy shore,"shovel, hand",,Species,
CAEU-1261,HUMB-12,12,,1,Grandidierella japonica,X,X,/,♀ not in best shape but alive,Siena McKim,2026-08-14,,238740,Grandidierella japonica,Animalia,Arthropoda,Malacostraca,Amphipoda,Aoridae,Grandidierella,,japonica,,2026-08-14,"Terry, Robin, Andre, Alex, Sadie, Ciara, Avery,",King salmon,intertidal sand flat,,,,Species,
CAEU-1262,HUMB-12,12,,1,Foxiphalus golfensis,/,X,/,"unique, to be subsampled later",Siena McKim,2026-08-14,,548809,Foxiphalus golfensis,Animalia,Arthropoda,Malacostraca,Amphipoda,Phoxocephalidae,Foxiphalus,,golfensis,,2026-08-14,"Terry, Robin, Andre, Alex, Sadie, Ciara, Avery,",King salmon,intertidal sand flat,,,,Species,
CAEU-1263,HUMB-12,12,,1,Diastylopsis sp.,/,X,/,subsample for DNA later,Siena McKim,2026-08-14,,110400,Diastylopsis,Animalia,Arthropoda,Malacostraca,Cumacea,Diastylidae,Diastylopsis,,,,2026-08-14,"Terry, Robin, Andre, Alex, Sadie, Ciara, Avery,",King salmon,intertidal sand flat,,,,Genus,
CAEU-1264,HUMB-12,12,,1,Cumella sp.,/,X,/,♂,Siena McKim,2026-08-14,,110416,Cumella,Animalia,Arthropoda,Malacostraca,Cumacea,Nannastacidae,Cumella,,,,2026-08-14,"Terry, Robin, Andre, Alex, Sadie, Ciara, Avery,",King salmon,intertidal sand flat,,,,Genus,
CAEU-1265,HUMB-12,12,,3,Cumella sp.,X,/,X,"tiny, pooled 3 for DNA",Siena McKim,2026-08-14,,110416,Cumella,Animalia,Arthropoda,Malacostraca,Cumacea,Nannastacidae,Cumella,,,,2026-08-14,"Terry, Robin, Andre, Alex, Sadie, Ciara, Avery,",King salmon,intertidal sand flat,,,,Genus,
CAEU-1266,HUMB-12,12,,1,Cumella sp.,X,X,/,♂,Siena McKim,2026-08-14,,110416,Cumella,Animalia,Arthropoda,Malacostraca,Cumacea,Nannastacidae,Cumella,,,,2026-08-14,"Terry, Robin, Andre, Alex, Sadie, Ciara, Avery,",King salmon,intertidal sand flat,,,,Genus,
CAEU-1267,HMB-10,10,,1,Ceradocus spinicaudata,/,X,/,covered in stuff,Siena McKim,2026-08-14,,531438,Ceradocus spinicauda,Animalia,Arthropoda,Malacostraca,Amphipoda,Maeridae,Ceradocus,,spinicauda,,2026-08-14,"Svetlana, Gustav, Soma, Kathy Ann",S of Cape Mendocino,"Rocky shore with boulders and cobbles, some on silty sand, beach in high IT only, tide pools, low IT with urchin barrens",,,,Species,
CAEU-1268,HMB-10,10,,1,Ceradocus spinicaudata,/,/,X,"covered in stuff, tried cleaning",Siena McKim,2026-08-14,,531438,Ceradocus spinicauda,Animalia,Arthropoda,Malacostraca,Amphipoda,Maeridae,Ceradocus,,spinicauda,,2026-08-14,"Svetlana, Gustav, Soma, Kathy Ann",S of Cape Mendocino,"Rocky shore with boulders and cobbles, some on silty sand, beach in high IT only, tide pools, low IT with urchin barrens",,,,Species,
CAEU-1269,HUMB-12C,12C,,1,Photis brevipes,/,X,/,♂,Siena McKim,2026-08-14,,548642,Photis brevipes,Animalia,Arthropoda,Malacostraca,Amphipoda,Photidae,Photis,,brevipes,,2026-08-14,,King salmon,intertidal sand flat,dead wood,,,Species,
CAEU-1270,HUMB-12C,12C,,1,Photis brevipes,/,/,X,♂,Siena McKim,2026-08-14,,548642,Photis brevipes,Animalia,Arthropoda,Malacostraca,Amphipoda,Photidae,Photis,,brevipes,,2026-08-14,,King salmon,intertidal sand flat,dead wood,,,Species,
CAEU-1271,HUMB-12C,12C,,1,Photis brevipes,X,X,/,♀,Siena McKim,2026-08-14,,548642,Photis brevipes,Animalia,Arthropoda,Malacostraca,Amphipoda,Photidae,Photis,,brevipes,,2026-08-14,,King salmon,intertidal sand flat,dead wood,,,Species,
CAEU-1272,HUMB-12C,12C,,1,Ampithoe plumulosa,/,X,/,♀,Siena McKim,2026-08-14,,423115,Ampithoe plumulosa,Animalia,Arthropoda,Malacostraca,Amphipoda,Ampithoidae,Ampithoe,,plumulosa,,2026-08-14,,King salmon,intertidal sand flat,dead wood,,,Species,
CAEU-1273,HUMB-12C,12C,,1,Ampithoe sp.,/,X,/,♀,Siena McKim,2026-08-14,,101459,Ampithoe,Animalia,Arthropoda,Malacostraca,Amphipoda,Ampithoidae,Ampithoe,,,,2026-08-14,,King salmon,intertidal sand flat,dead wood,,,Genus,
CAEU-1274,HUMB-12,12,,1,Ampithoe lacertosa,/,X,/,♀,Siena McKim,2026-08-14,,423106,Ampithoe lacertosa,Animalia,Arthropoda,Malacostraca,Amphipoda,Ampithoidae,Ampithoe,,lacertosa,,2026-08-14,"Terry, Robin, Andre, Alex, Sadie, Ciara, Avery,",King salmon,intertidal sand flat,,,,Species,
CAEU-1275,HUMB-12,12,CAEU-1274,1,Ampithoe lacertosa,X,/,X,gills subsampled for DNA,Siena McKim,2026-08-14,,423106,Ampithoe lacertosa,Animalia,Arthropoda,Malacostraca,Amphipoda,Ampithoidae,Ampithoe,,lacertosa,,2026-08-14,"Terry, Robin, Andre, Alex, Sadie, Ciara, Avery,",King salmon,intertidal sand flat,,,,Species,
CAEU-1276,HUMB-12,12,,1,Grandidierella japonica,/,X,/,♂ subsample later for DNA,Siena McKim,2026-08-14,,238740,Grandidierella japonica,Animalia,Arthropoda,Malacostraca,Amphipoda,Aoridae,Grandidierella,,japonica,,2026-08-14,"Terry, Robin, Andre, Alex, Sadie, Ciara, Avery,",King salmon,intertidal sand flat,,,,Species,
CAEU-1277,HUMB-12,12,,1,Ampithoe lacertosa,X,/,X,,Siena McKim,2026-08-14,,423106,Ampithoe lacertosa,Animalia,Arthropoda,Malacostraca,Amphipoda,Ampithoidae,Ampithoe,,lacertosa,,2026-08-14,"Terry, Robin, Andre, Alex, Sadie, Ciara, Avery,",King salmon,intertidal sand flat,,,,Species,
CAEU-1278,HUMB-10,10,,1,Grandidierella japonica,X,/,X,,Siena McKim,2026-08-14,,238740,Grandidierella japonica,Animalia,Arthropoda,Malacostraca,Amphipoda,Aoridae,Grandidierella,,japonica,,2026-08-14,"Svetlana, Gustav, Soma, Kathy Ann",S of Cape Mendocino,"Rocky shore with boulders and cobbles, some on silty sand, beach in high IT only, tide pools, low IT with urchin barrens",,,,Species,
CAEU-1279,HUMB-10,10,,1,Quadrimaera sp.,/,X,/,♂,Siena McKim,2026-08-14,,236533,Quadrimaera,Animalia,Arthropoda,Malacostraca,Amphipoda,Maeridae,Quadrimaera,,,,2026-08-14,"Svetlana, Gustav, Soma, Kathy Ann",S of Cape Mendocino,"Rocky shore with boulders and cobbles, some on silty sand, beach in high IT only, tide pools, low IT with urchin barrens",,,,Genus,
CAEU-1280,HUMB-10,10,,1,Quadrimaera sp.,X,/,X,♂,Siena McKim,2026-08-14,,236533,Quadrimaera,Animalia,Arthropoda,Malacostraca,Amphipoda,Maeridae,Quadrimaera,,,,2026-08-14,"Svetlana, Gustav, Soma, Kathy Ann",S of Cape Mendocino,"Rocky shore with boulders and cobbles, some on silty sand, beach in high IT only, tide pools, low IT with urchin barrens",,,,Genus,
CAEU-1281,HUMB-10,10,,1,Quadrimaera sp.,X,X,/,♂,Siena McKim,2026-08-14,,236533,Quadrimaera,Animalia,Arthropoda,Malacostraca,Amphipoda,Maeridae,Quadrimaera,,,,2026-08-14,"Svetlana, Gustav, Soma, Kathy Ann",S of Cape Mendocino,"Rocky shore with boulders and cobbles, some on silty sand, beach in high IT only, tide pools, low IT with urchin barrens",,,,Genus,
CAEU-1282,HUMB-10,10,,1,Quadrimaera sp.,X,/,X,♀,Siena McKim,2026-08-14,,236533,Quadrimaera,Animalia,Arthropoda,Malacostraca,Amphipoda,Maeridae,Quadrimaera,,,,2026-08-14,"Svetlana, Gustav, Soma, Kathy Ann",S of Cape Mendocino,"Rocky shore with boulders and cobbles, some on silty sand, beach in high IT only, tide pools, low IT with urchin barrens",,,,Genus,
CAEU-1283,10,10,,bulk,Pagurus granosimanus,X,X,/,,Gustav Paulay,2026-08-14,,366694,Pagurus granosimanus,Animalia,Arthropoda,Malacostraca,Decapoda,Paguridae,Pagurus,,granosimanus,,2026-08-14,"Svetlana, Gustav, Soma, Kathy Ann",S of Cape Mendocino,"Rocky shore with boulders and cobbles, some on silty sand, beach in high IT only, tide pools, low IT with urchin barrens",,,,Species,
CAEU-1284,12C,12C,,1,Balanus A,/,/,/,,Gustav Paulay,2026-08-14,,106122,Balanus,Animalia,Arthropoda,Thecostraca,Balanomorpha,Balanidae,Balanus,,,,2026-08-14,,King salmon,intertidal sand flat,dead wood,,,Genus,
CAEU-1285,12C,12C,,1,Balanus A,/,/,/,,Gustav Paulay,2026-08-14,,106122,Balanus,Animalia,Arthropoda,Thecostraca,Balanomorpha,Balanidae,Balanus,,,,2026-08-14,,King salmon,intertidal sand flat,dead wood,,,Genus,
CAEU-1286,10,10,,bulk,Mytilus californianus,X,X,/,,Gustav Paulay,2026-08-14,,367837,Mytilus californianus,Animalia,Mollusca,Bivalvia,Mytilida,Mytilidae,Mytilus,,californianus,,2026-08-14,"Svetlana, Gustav, Soma, Kathy Ann",S of Cape Mendocino,"Rocky shore with boulders and cobbles, some on silty sand, beach in high IT only, tide pools, low IT with urchin barrens",,,,Species,
CAEU-1287,13,13,,1,Idotea fewkesi,/,/,/,,Gustav Paulay,2026-08-14,,257347,Idotea fewkesi,Animalia,Arthropoda,Malacostraca,Isopoda,Idoteidae,Idotea,,fewkesi,,2026-08-14,,Trinidad floating dock,bait cage,,hand,,Species,
CAEU-1288,13,13,,1,Idotea fewkesi,/,/,/,,Gustav Paulay,2026-08-14,,257347,Idotea fewkesi,Animalia,Arthropoda,Malacostraca,Isopoda,Idoteidae,Idotea,,fewkesi,,2026-08-14,,Trinidad floating dock,bait cage,,hand,,Species,
CAEU-1289,13,13,,1,Idotea wosnesenskii,/,/,/,,Gustav Paulay,2026-08-14,,711956,Idotea wosnesenskii,Animalia,Arthropoda,Malacostraca,Isopoda,Idoteidae,Idotea,,wosnesenskii,,2026-08-14,,Trinidad floating dock,bait cage,,hand,,Species,
CAEU-1290,10,10,,1,Alia carinata,/,/,/,,Gustav Paulay,2026-08-14,,511703,Alia carinata,Animalia,Mollusca,Gastropoda,Neogastropoda,Columbellidae,Alia,,carinata,,2026-08-14,"Svetlana, Gustav, Soma, Kathy Ann",S of Cape Mendocino,"Rocky shore with boulders and cobbles, some on silty sand, beach in high IT only, tide pools, low IT with urchin barrens",,,,Species,
CAEU-1291,HUMB-7F,7F,,1,Ceratopera cf. axi,y,,y,WM,Yander L. Diez,2026-08-14,,142433,Ceratopera,Animalia,Platyhelminthes,,Rhabdocoela,Trigonostomidae,Ceratopera,,,,2026-08-13,Svetlana,Baker's Beach,"Rocky shore and beach mixed with rocky outcrops, cobble fields, tide pools, kelp and algal cover, low IT with urchin barrens",Phyllospadix rhizomes,sweat,,Genus,
CAEU-1292,HUMB-07G,7G,,1,Trigonostomidae sp. 1,y,,y,WM,Yander L. Diez,2026-08-14,,142106,Trigonostomidae,Animalia,Platyhelminthes,,Rhabdocoela,Trigonostomidae,,,,,2026-08-13,Gustav,Baker's Beach,"Rocky shore and beach mixed with rocky outcrops, cobble fields, tide pools, kelp and algal cover, low IT with urchin barrens","coralline algae & other reds, exposed rockface",sweat,,Family,
CAEU-1293,HUMB-07H,7H,,1,Austrorhynchus sp. 1,y,y,,eth,Yander L. Diez,2026-08-14,,142365,Austrorhynchus,Animalia,Platyhelminthes,,Rhabdocoela,Polycystididae,Austrorhynchus,,,,2026-08-13,Gustav,Baker's Beach,"Rocky shore and beach mixed with rocky outcrops, cobble fields, tide pools, kelp and algal cover, low IT with urchin barrens","mixed red algae, sligthly protected rock face",sweat,,Genus,
CAEU-1294,HUMB-07H,7H,,1,Byrsophlebidae sp. 1,y,,y,WM,Yander L. Diez,2026-08-14,,142102,Byrsophlebidae,Animalia,Platyhelminthes,,Rhabdocoela,Byrsophlebidae,,,,,2026-08-13,Gustav,Baker's Beach,"Rocky shore and beach mixed with rocky outcrops, cobble fields, tide pools, kelp and algal cover, low IT with urchin barrens","mixed red algae, sligthly protected rock face",sweat,,Family,
CAEU-1295,HUMB-7F,7F,,1,Ceratopera cf. axi,y,y,,eth,Yander L. Diez,2026-08-14,,142433,Ceratopera,Animalia,Platyhelminthes,,Rhabdocoela,Trigonostomidae,Ceratopera,,,,2026-08-13,Svetlana,Baker's Beach,"Rocky shore and beach mixed with rocky outcrops, cobble fields, tide pools, kelp and algal cover, low IT with urchin barrens",Phyllospadix rhizomes,sweat,,Genus,
CAEU-1296,HUMB-7F,7F,,1,Austrorhynchus sp. 1,y,,y,WM,Yander L. Diez,2026-08-14,,142365,Austrorhynchus,Animalia,Platyhelminthes,,Rhabdocoela,Polycystididae,Austrorhynchus,,,,2026-08-13,Svetlana,Baker's Beach,"Rocky shore and beach mixed with rocky outcrops, cobble fields, tide pools, kelp and algal cover, low IT with urchin barrens",Phyllospadix rhizomes,sweat,,Genus,
CAEU-1297,HUMB-7F,7F,,1,Austrorhynchus sp. 1,y,y,,eth,Yander L. Diez,2026-08-14,,142365,Austrorhynchus,Animalia,Platyhelminthes,,Rhabdocoela,Polycystididae,Austrorhynchus,,,,2026-08-13,Svetlana,Baker's Beach,"Rocky shore and beach mixed with rocky outcrops, cobble fields, tide pools, kelp and algal cover, low IT with urchin barrens",Phyllospadix rhizomes,sweat,,Genus,
CAEU-1298,HUMB-7F,7F,,1,Cicerina sp. 4,y,,y,WM,Yander L. Diez,2026-08-14,,142311,Cicerina,Animalia,Platyhelminthes,,Rhabdocoela,Cicerinidae,Cicerina,,,,2026-08-13,Svetlana,Baker's Beach,"Rocky shore and beach mixed with rocky outcrops, cobble fields, tide pools, kelp and algal cover, low IT with urchin barrens",Phyllospadix rhizomes,sweat,,Genus,
CAEU-1299,HUMB-7F,7F,,1,Macrostomum sp. 1,y,,,only photos,Yander L. Diez,2026-08-14,,142205,Macrostomum,Animalia,Platyhelminthes,,,Macrostomidae,Macrostomum,,,,2026-08-13,Svetlana,Baker's Beach,"Rocky shore and beach mixed with rocky outcrops, cobble fields, tide pools, kelp and algal cover, low IT with urchin barrens",Phyllospadix rhizomes,sweat,,Genus,
CAEU-1300,HUMB-7F,7F,,1,Macrostomum sp. 1,y,y,,eth,Yander L. Diez,2026-08-14,,142205,Macrostomum,Animalia,Platyhelminthes,,,Macrostomidae,Macrostomum,,,,2026-08-13,Svetlana,Baker's Beach,"Rocky shore and beach mixed with rocky outcrops, cobble fields, tide pools, kelp and algal cover, low IT with urchin barrens",Phyllospadix rhizomes,sweat,,Genus,
CAEU-1301,HUMB-7F,7F,,1,Ceratopera cf. axi,y,y,,eth,Yander L. Diez,2026-08-14,,142433,Ceratopera,Animalia,Platyhelminthes,,Rhabdocoela,Trigonostomidae,Ceratopera,,,,2026-08-13,Svetlana,Baker's Beach,"Rocky shore and beach mixed with rocky outcrops, cobble fields, tide pools, kelp and algal cover, low IT with urchin barrens",Phyllospadix rhizomes,sweat,,Genus,
CAEU-1302,HUMB-7F,7F,,1,Ceratopera cf. axi,y,y,,eth,Yander L. Diez,2026-08-14,,142433,Ceratopera,Animalia,Platyhelminthes,,Rhabdocoela,Trigonostomidae,Ceratopera,,,,2026-08-13,Svetlana,Baker's Beach,"Rocky shore and beach mixed with rocky outcrops, cobble fields, tide pools, kelp and algal cover, low IT with urchin barrens",Phyllospadix rhizomes,sweat,,Genus,
CAEU-1303,HUMB-7F,7F,,1,Austrorhynchus sp. 1,y,y,,eth,Yander L. Diez,2026-08-14,,142365,Austrorhynchus,Animalia,Platyhelminthes,,Rhabdocoela,Polycystididae,Austrorhynchus,,,,2026-08-13,Svetlana,Baker's Beach,"Rocky shore and beach mixed with rocky outcrops, cobble fields, tide pools, kelp and algal cover, low IT with urchin barrens",Phyllospadix rhizomes,sweat,,Genus,
CAEU-1304,HUMB-07B,7B,,1,Coelogynoporidae sp. 1,y,y,y,"WM+eth, cut in half",Yander L. Diez,2026-08-14,,142108,Coelogynoporidae,Animalia,Platyhelminthes,,Proseriata,Coelogynoporidae,,,,,2026-08-13,Yander,Baker's Beach,"Rocky shore and beach mixed with rocky outcrops, cobble fields, tide pools, kelp and algal cover, low IT with urchin barrens",coarse sand,,,Family,
CAEU-1305,HUMB-07B,7B,,1,Coelogynoporidae sp. 1,y,y,y,"WM+eth, cut in half",Yander L. Diez,2026-08-14,,142108,Coelogynoporidae,Animalia,Platyhelminthes,,Proseriata,Coelogynoporidae,,,,,2026-08-13,Yander,Baker's Beach,"Rocky shore and beach mixed with rocky outcrops, cobble fields, tide pools, kelp and algal cover, low IT with urchin barrens",coarse sand,,,Family,
CAEU-1306,HUMB-07B,7B,,1,Proseriata sp. 1,y,y,y,"WM+eth, cut in half",Yander L. Diez,2026-08-14,,142027,Proseriata,Animalia,Platyhelminthes,,Proseriata,,,,,,2026-08-13,Yander,Baker's Beach,"Rocky shore and beach mixed with rocky outcrops, cobble fields, tide pools, kelp and algal cover, low IT with urchin barrens",coarse sand,,,Higher,
CAEU-1307,HUMB-11B,11B,,1,Phonorhynchus sp. 1,y,,y,WM,Yander L. Diez,2026-08-14,,142378,Phonorhynchus,Animalia,Platyhelminthes,,Rhabdocoela,Polycystididae,Phonorhynchus,,,,2026-08-14,"Greg, Dakota",King salmon,intertidal sand flat,coarse sand from slope of beach before sand flat,MgCl2 extraction,,Genus,
CAEU-1308,HUMB-11B,11B,,1,Carcharodorhynchus cf. flavidus,y,y,,eth,Yander L. Diez,2026-08-14,,142387,Carcharodorhynchus,Animalia,Platyhelminthes,,Rhabdocoela,Schizorhynchidae,Carcharodorhynchus,,,,2026-08-14,"Greg, Dakota",King salmon,intertidal sand flat,coarse sand from slope of beach before sand flat,MgCl2 extraction,,Genus,
CAEU-1309,HUMB-11B,11B,,1,Cheliplana hawaiiensis,y,,y,WM,Yander L. Diez,2026-08-14,,1511111,Cheliplana hawaiiensis,Animalia,Platyhelminthes,,Rhabdocoela,Cheliplanidae,Cheliplana,,hawaiiensis,,2026-08-14,"Greg, Dakota",King salmon,intertidal sand flat,coarse sand from slope of beach before sand flat,MgCl2 extraction,,Species,
CAEU-1310,HUMB-11B,11B,,1,Carcharodorhynchus cf. flavidus,y,,y,WM,Yander L. Diez,2026-08-14,,142387,Carcharodorhynchus,Animalia,Platyhelminthes,,Rhabdocoela,Schizorhynchidae,Carcharodorhynchus,,,,2026-08-14,"Greg, Dakota",King salmon,intertidal sand flat,coarse sand from slope of beach before sand flat,MgCl2 extraction,,Genus,
CAEU-1311,HUMB-11B,11B,,1,Plagiostomum sp. 6,y,y,,WM,Yander L. Diez,2026-08-14,,142260,Plagiostomum,Animalia,Platyhelminthes,,Prolecithophora,Plagiostomidae,Plagiostomum,,,,2026-08-14,"Greg, Dakota",King salmon,intertidal sand flat,coarse sand from slope of beach before sand flat,MgCl2 extraction,,Genus,
CAEU-1312,HUMB-11B,11B,,1,Plagiostomum sp. 6,y,y,,eth,Yander L. Diez,2026-08-14,,142260,Plagiostomum,Animalia,Platyhelminthes,,Prolecithophora,Plagiostomidae,Plagiostomum,,,,2026-08-14,"Greg, Dakota",King salmon,intertidal sand flat,coarse sand from slope of beach before sand flat,MgCl2 extraction,,Genus,
CAEU-1313,HUMB-07D,7D,,1,Duplominona sp. 1,y,y,y,"WM+eth, cut in half",Yander L. Diez,2026-08-14,,142469,Duplominona,Animalia,Platyhelminthes,,Proseriata,Monocelididae,Duplominona,,,,2026-08-13,Yander,Baker's Beach,"Rocky shore and beach mixed with rocky outcrops, cobble fields, tide pools, kelp and algal cover, low IT with urchin barrens",coarse sand,,,Genus,
CAEU-1314,HUMB-07D,7D,,1,Proseriata sp. 4,y,y,,"eth, not sure if spines are in the ♂ bulb or are digestive content",Yander L. Diez,2026-08-14,,142027,Proseriata,Animalia,Platyhelminthes,,Proseriata,,,,,,2026-08-13,Yander,Baker's Beach,"Rocky shore and beach mixed with rocky outcrops, cobble fields, tide pools, kelp and algal cover, low IT with urchin barrens",coarse sand,,,Higher,
CAEU-1315,HUMB-07D,7D,,1,Coelogynoporidae sp. 2,y,y,y,"WM+eth, cut in half",Yander L. Diez,2026-08-14,,142108,Coelogynoporidae,Animalia,Platyhelminthes,,Proseriata,Coelogynoporidae,,,,,2026-08-13,Yander,Baker's Beach,"Rocky shore and beach mixed with rocky outcrops, cobble fields, tide pools, kelp and algal cover, low IT with urchin barrens",coarse sand,,,Family,
CAEU-1316,HUMB-07D,7D,,1,Cheliplana sp. 3,y,,y,"WM, proboscis hooks not observed",Yander L. Diez,2026-08-14,,142341,Cheliplana,Animalia,Platyhelminthes,,Rhabdocoela,Cheliplanidae,Cheliplana,,,,2026-08-13,Yander,Baker's Beach,"Rocky shore and beach mixed with rocky outcrops, cobble fields, tide pools, kelp and algal cover, low IT with urchin barrens",coarse sand,,,Genus,
CAEU-1317,HUMB-07D,7D,,1,Proseriata sp. 5,y,y,,eth,Yander L. Diez,2026-08-14,,142027,Proseriata,Animalia,Platyhelminthes,,Proseriata,,,,,,2026-08-13,Yander,Baker's Beach,"Rocky shore and beach mixed with rocky outcrops, cobble fields, tide pools, kelp and algal cover, low IT with urchin barrens",coarse sand,,,Higher,
CAEU-1318,HUMB-07D,7D,,1,Annelida cf. sp. 1,y,y,,eth,Yander L. Diez,2026-08-14,,882,Annelida,Animalia,Annelida,,,,,,,,2026-08-13,Yander,Baker's Beach,"Rocky shore and beach mixed with rocky outcrops, cobble fields, tide pools, kelp and algal cover, low IT with urchin barrens",coarse sand,,,Higher,
CAEU-1319,HUMB-07D,7D,,1,Duplominona sp. 2,y,y,y,"WM+eth, cut in half",Yander L. Diez,2026-08-14,,142469,Duplominona,Animalia,Platyhelminthes,,Proseriata,Monocelididae,Duplominona,,,,2026-08-13,Yander,Baker's Beach,"Rocky shore and beach mixed with rocky outcrops, cobble fields, tide pools, kelp and algal cover, low IT with urchin barrens",coarse sand,,,Genus,
CAEU-1320,HUMB-07D,7D,,1,Proseriata sp. 4,y,,,"specimen lost, only photos",Yander L. Diez,2026-08-14,,142027,Proseriata,Animalia,Platyhelminthes,,Proseriata,,,,,,2026-08-13,Yander,Baker's Beach,"Rocky shore and beach mixed with rocky outcrops, cobble fields, tide pools, kelp and algal cover, low IT with urchin barrens",coarse sand,,,Higher,
CAEU-1321,10,10,,1,Henricia A,/,/,/,,Gustav Paulay,2026-08-14,,123276,Henricia,Animalia,Echinodermata,Asteroidea,Spinulosida,Echinasteridae,Henricia,,,,2026-08-14,"Svetlana, Gustav, Soma, Kathy Ann",S of Cape Mendocino,"Rocky shore with boulders and cobbles, some on silty sand, beach in high IT only, tide pools, low IT with urchin barrens",,,,Genus,
CAEU-1322,10,10,,1,Henricia B,/,/,/,,Gustav Paulay,2026-08-14,,123276,Henricia,Animalia,Echinodermata,Asteroidea,Spinulosida,Echinasteridae,Henricia,,,,2026-08-14,"Svetlana, Gustav, Soma, Kathy Ann",S of Cape Mendocino,"Rocky shore with boulders and cobbles, some on silty sand, beach in high IT only, tide pools, low IT with urchin barrens",,,,Genus,
CAEU-1323,11,11,,1,Cancer productus,/,/,/,check ID - done from far away,Gustav Paulay,2026-08-14,,440382,Cancer productus,Animalia,Arthropoda,Malacostraca,Decapoda,Cancridae,Cancer,,productus,,2026-08-14,,King salmon,intertidal sand flat,,,,Species,
CAEU-1324,10,10,,1,Anthopleura elegantissima,/,/,/,,Gustav Paulay,2026-08-14,,283347,Anthopleura elegantissima,Animalia,Cnidaria,Hexacorallia,Actiniaria,Actiniidae,Anthopleura,,elegantissima,,2026-08-14,"Svetlana, Gustav, Soma, Kathy Ann",S of Cape Mendocino,"Rocky shore with boulders and cobbles, some on silty sand, beach in high IT only, tide pools, low IT with urchin barrens",,,,Species,
CAEU-1325,10,10,,1,Hemigrapsus nudus,/,/,/,high IT under rocks,Gustav Paulay,2026-08-14,,444776,Hemigrapsus nudus,Animalia,Arthropoda,Malacostraca,Decapoda,Varunidae,Hemigrapsus,,nudus,,2026-08-14,"Svetlana, Gustav, Soma, Kathy Ann",S of Cape Mendocino,"Rocky shore with boulders and cobbles, some on silty sand, beach in high IT only, tide pools, low IT with urchin barrens",,,,Species,
CAEU-1326,10,10,,1,Hemigrapsus nudus,/,/,/,high IT under rocks,Gustav Paulay,2026-08-14,,444776,Hemigrapsus nudus,Animalia,Arthropoda,Malacostraca,Decapoda,Varunidae,Hemigrapsus,,nudus,,2026-08-14,"Svetlana, Gustav, Soma, Kathy Ann",S of Cape Mendocino,"Rocky shore with boulders and cobbles, some on silty sand, beach in high IT only, tide pools, low IT with urchin barrens",,,,Species,
CAEU-1327,10,10,,1,Hemigrapsus nudus,/,/,/,high IT under rocks,Gustav Paulay,2026-08-14,,444776,Hemigrapsus nudus,Animalia,Arthropoda,Malacostraca,Decapoda,Varunidae,Hemigrapsus,,nudus,,2026-08-14,"Svetlana, Gustav, Soma, Kathy Ann",S of Cape Mendocino,"Rocky shore with boulders and cobbles, some on silty sand, beach in high IT only, tide pools, low IT with urchin barrens",,,,Species,
CAEU-1328,10,10,,1,Haliotis rufescens,/,/,X,,Gustav Paulay,2026-08-14,,445357,Haliotis rufescens,Animalia,Mollusca,Gastropoda,Lepetellida,Haliotidae,Haliotis,,rufescens,,2026-08-14,"Svetlana, Gustav, Soma, Kathy Ann",S of Cape Mendocino,"Rocky shore with boulders and cobbles, some on silty sand, beach in high IT only, tide pools, low IT with urchin barrens",,,,Species,
CAEU-1329,10,10,,1,Kellia suborbicularis,/,/,/,in pholad burrows w/ Pista elongata,Gustav Paulay,2026-08-14,,140161,Kellia suborbicularis,Animalia,Mollusca,Bivalvia,Galeommatida,Lasaeidae,Kellia,,suborbicularis,,2026-08-14,"Svetlana, Gustav, Soma, Kathy Ann",S of Cape Mendocino,"Rocky shore with boulders and cobbles, some on silty sand, beach in high IT only, tide pools, low IT with urchin barrens",,,,Species,
CAEU-1330,12,12,,1,Aequorea victoria,/,/,/,,Gustav Paulay,2026-08-14,,283998,Aequorea victoria,Animalia,Cnidaria,Hydrozoa,Leptothecata,Aequoreidae,Aequorea,,victoria,,2026-08-14,"Terry, Robin, Andre, Alex, Sadie, Ciara, Avery,",King salmon,intertidal sand flat,,,,Species,
CAEU-1331,12,12,,1,Aequorea victoria,/,/,/,,Gustav Paulay,2026-08-14,,283998,Aequorea victoria,Animalia,Cnidaria,Hydrozoa,Leptothecata,Aequoreidae,Aequorea,,victoria,,2026-08-14,"Terry, Robin, Andre, Alex, Sadie, Ciara, Avery,",King salmon,intertidal sand flat,,,,Species,
CAEU-1332,12,12,,1,Aequorea victoria,/,/,/,,Gustav Paulay,2026-08-14,,283998,Aequorea victoria,Animalia,Cnidaria,Hydrozoa,Leptothecata,Aequoreidae,Aequorea,,victoria,,2026-08-14,"Terry, Robin, Andre, Alex, Sadie, Ciara, Avery,",King salmon,intertidal sand flat,,,,Species,
CAEU-1333,10,10,,1,Anthopleura xanthogrammica,iphone,/,/,,Gustav Paulay,2026-08-14,,283377,Anthopleura xanthogrammica,Animalia,Cnidaria,Hexacorallia,Actiniaria,Actiniidae,Anthopleura,,xanthogrammica,,2026-08-14,"Svetlana, Gustav, Soma, Kathy Ann",S of Cape Mendocino,"Rocky shore with boulders and cobbles, some on silty sand, beach in high IT only, tide pools, low IT with urchin barrens",,,,Species,
CAEU-1334,10,10,,bulk,Pollicipes polymerus,iphone,/,/,,Gustav Paulay,2026-08-14,,535329,Pollicipes polymerus,Animalia,Arthropoda,Thecostraca,Pollicipedomorpha,Pollicipedidae,Pollicipes,,polymerus,,2026-08-14,"Svetlana, Gustav, Soma, Kathy Ann",S of Cape Mendocino,"Rocky shore with boulders and cobbles, some on silty sand, beach in high IT only, tide pools, low IT with urchin barrens",,,,Species,
CAEU-1335,10,10,,1,Semibalanus cariosus,/,/,/,,Gustav Paulay,2026-08-14,,594746,Semibalanus cariosus,Animalia,Arthropoda,Thecostraca,Balanomorpha,Balanidae,Semibalanus,,cariosus,,2026-08-14,"Svetlana, Gustav, Soma, Kathy Ann",S of Cape Mendocino,"Rocky shore with boulders and cobbles, some on silty sand, beach in high IT only, tide pools, low IT with urchin barrens",,,,Species,
CAEU-1336,10,10,,1,Semibalanus cariosus,/,/,/,,Gustav Paulay,2026-08-14,,594746,Semibalanus cariosus,Animalia,Arthropoda,Thecostraca,Balanomorpha,Balanidae,Semibalanus,,cariosus,,2026-08-14,"Svetlana, Gustav, Soma, Kathy Ann",S of Cape Mendocino,"Rocky shore with boulders and cobbles, some on silty sand, beach in high IT only, tide pools, low IT with urchin barrens",,,,Species,
CAEU-1337,10,10,,1,Semibalanus cariosus,/,/,/,,Gustav Paulay,2026-08-14,,594746,Semibalanus cariosus,Animalia,Arthropoda,Thecostraca,Balanomorpha,Balanidae,Semibalanus,,cariosus,,2026-08-14,"Svetlana, Gustav, Soma, Kathy Ann",S of Cape Mendocino,"Rocky shore with boulders and cobbles, some on silty sand, beach in high IT only, tide pools, low IT with urchin barrens",,,,Species,
CAEU-1338,12,12,,1,Aequorea victoria,/,/,/,,Gustav Paulay,2026-08-14,,283998,Aequorea victoria,Animalia,Cnidaria,Hydrozoa,Leptothecata,Aequoreidae,Aequorea,,victoria,,2026-08-14,"Terry, Robin, Andre, Alex, Sadie, Ciara, Avery,",King salmon,intertidal sand flat,,,,Species,
CAEU-1339,12B,12B,,1,Cancer antennarius,/,/,/,,Gustav Paulay,2026-08-14,,452126,Cancer antennaria,Animalia,Arthropoda,Malacostraca,Decapoda,Cancridae,Cancer,,antennaria,,2026-08-14,,King salmon,intertidal sand flat,Zostera,,,Species,
CAEU-1340,12B,12B,,1,Didemnidae,/,/,/,,Gustav Paulay,2026-08-14,,103439,Didemnidae,Animalia,Chordata,Ascidiacea,Aplousobranchia,Didemnidae,,,,,2026-08-14,,King salmon,intertidal sand flat,Zostera,,,Family,
CAEU-1341,12A,12A,,1,Neotrypaea californiensis,/,/,/,,Gustav Paulay,2026-08-14,,465347,Neotrypaea californiensis,Animalia,Arthropoda,Malacostraca,Decapoda,Callianassidae,Neotrypaea,,californiensis,,2026-08-14,,King salmon,intertidal sand flat,,yabby pumping,,Species,
CAEU-1342,12A,12A,,1,Neotrypaea californiensis,/,/,/,,Gustav Paulay,2026-08-14,,465347,Neotrypaea californiensis,Animalia,Arthropoda,Malacostraca,Decapoda,Callianassidae,Neotrypaea,,californiensis,,2026-08-14,,King salmon,intertidal sand flat,,yabby pumping,,Species,
CAEU-1343,12A,12A,,1,Neotrypaea californiensis,/,/,/,,Gustav Paulay,2026-08-14,,465347,Neotrypaea californiensis,Animalia,Arthropoda,Malacostraca,Decapoda,Callianassidae,Neotrypaea,,californiensis,,2026-08-14,,King salmon,intertidal sand flat,,yabby pumping,,Species,
CAEU-1344,12A,12A,,1,Neotrypaea californiensis,/,/,/,,Gustav Paulay,2026-08-14,,465347,Neotrypaea californiensis,Animalia,Arthropoda,Malacostraca,Decapoda,Callianassidae,Neotrypaea,,californiensis,,2026-08-14,,King salmon,intertidal sand flat,,yabby pumping,,Species,
CAEU-1345,12A,12A,,bulk,Neotrypaea californiensis,X,X,/,,Gustav Paulay,2026-08-14,,465347,Neotrypaea californiensis,Animalia,Arthropoda,Malacostraca,Decapoda,Callianassidae,Neotrypaea,,californiensis,,2026-08-14,,King salmon,intertidal sand flat,,yabby pumping,,Species,
CAEU-1346,10,10,,1,Cancer productus,/,/,/,,Gustav Paulay,2026-08-14,,440382,Cancer productus,Animalia,Arthropoda,Malacostraca,Decapoda,Cancridae,Cancer,,productus,,2026-08-14,"Svetlana, Gustav, Soma, Kathy Ann",S of Cape Mendocino,"Rocky shore with boulders and cobbles, some on silty sand, beach in high IT only, tide pools, low IT with urchin barrens",,,,Species,
CAEU-1347,12B,12B,,1,Hemigrapsus oregonensis,/,/,/,,Gustav Paulay,2026-08-14,,444778,Hemigrapsus oregonensis,Animalia,Arthropoda,Malacostraca,Decapoda,Varunidae,Hemigrapsus,,oregonensis,,2026-08-14,,King salmon,intertidal sand flat,Zostera,,,Species,
CAEU-1348,12B,12B,,1,Heptacarpus paludicola?,/,/,/,,Gustav Paulay,2026-08-14,,515262,Heptacarpus paludicola,Animalia,Arthropoda,Malacostraca,Decapoda,Thoridae,Heptacarpus,,paludicola,,2026-08-14,,King salmon,intertidal sand flat,Zostera,,,Species,
CAEU-1349,12B,12B,,1,Heptacarpus paludicola?,/,/,/,,Gustav Paulay,2026-08-14,,515262,Heptacarpus paludicola,Animalia,Arthropoda,Malacostraca,Decapoda,Thoridae,Heptacarpus,,paludicola,,2026-08-14,,King salmon,intertidal sand flat,Zostera,,,Species,
CAEU-1350,,,,,,,,,,,,,,,,,,,,,,,,,,,,,,,,
CAEU-1351,12B,12B,,1,Carcinus maenas? juv.,/,/,/,,Gustav Paulay,2026-08-14,,107381,Carcinus maenas,Animalia,Arthropoda,Malacostraca,Decapoda,Carcinidae,Carcinus,,maenas,,2026-08-14,,King salmon,intertidal sand flat,Zostera,,,Species,
CAEU-1352,12B,12B,,1,Heptacarpus paludicola,/,/,/,,Gustav Paulay,2026-08-14,,515262,Heptacarpus paludicola,Animalia,Arthropoda,Malacostraca,Decapoda,Thoridae,Heptacarpus,,paludicola,,2026-08-14,,King salmon,intertidal sand flat,Zostera,,,Species,
CAEU-1353,12B,12B,,1,Heptacarpus paludicola,/,/,/,,Gustav Paulay,2026-08-14,,515262,Heptacarpus paludicola,Animalia,Arthropoda,Malacostraca,Decapoda,Thoridae,Heptacarpus,,paludicola,,2026-08-14,,King salmon,intertidal sand flat,Zostera,,,Species,
CAEU-1354,12B,12B,,1,Hippolyte californiensis,/,/,/,,Gustav Paulay,2026-08-14,,515276,Hippolyte californiensis,Animalia,Arthropoda,Malacostraca,Decapoda,Hippolytidae,Hippolyte,,californiensis,,2026-08-14,,King salmon,intertidal sand flat,Zostera,,,Species,
CAEU-1355,12B,12B,,1,Idotea resecata,/,/,/,,Gustav Paulay,2026-08-14,,325482,Idotea resecata,Animalia,Arthropoda,Malacostraca,Isopoda,Idoteidae,Idotea,,resecata,,2026-08-14,,King salmon,intertidal sand flat,Zostera,,,Species,
CAEU-1356,12B,12B,,1,Idotea resecata,/,/,/,,Gustav Paulay,2026-08-14,,325482,Idotea resecata,Animalia,Arthropoda,Malacostraca,Isopoda,Idoteidae,Idotea,,resecata,,2026-08-14,,King salmon,intertidal sand flat,Zostera,,,Species,
CAEU-1357,12B,12B,,1,Idotea resecata,/,/,/,,Gustav Paulay,2026-08-14,,325482,Idotea resecata,Animalia,Arthropoda,Malacostraca,Isopoda,Idoteidae,Idotea,,resecata,,2026-08-14,,King salmon,intertidal sand flat,Zostera,,,Species,
CAEU-1358,12B,12B,,1,Idotea resecata,/,/,/,,Gustav Paulay,2026-08-14,,325482,Idotea resecata,Animalia,Arthropoda,Malacostraca,Isopoda,Idoteidae,Idotea,,resecata,,2026-08-14,,King salmon,intertidal sand flat,Zostera,,,Species,
CAEU-1359,12A,12A,,1,Scleroplax granulata,/,/,/,ex Neotrypaea californiensis,Gustav Paulay,2026-08-14,,445239,Scleroplax granulata,Animalia,Arthropoda,Malacostraca,Decapoda,Pinnotheridae,Scleroplax,,granulata,,2026-08-14,,King salmon,intertidal sand flat,,yabby pumping,,Species,
CAEU-1360,12A,12A,,1,Scleroplax granulata,/,/,/,ex Neotrypaea californiensis UF,Gustav Paulay,2026-08-14,,445239,Scleroplax granulata,Animalia,Arthropoda,Malacostraca,Decapoda,Pinnotheridae,Scleroplax,,granulata,,2026-08-14,,King salmon,intertidal sand flat,,yabby pumping,,Species,
CAEU-1361,12A,12A,,1,Scleroplax granulata,/,/,/,ex Neotrypaea californiensis,Gustav Paulay,2026-08-14,,445239,Scleroplax granulata,Animalia,Arthropoda,Malacostraca,Decapoda,Pinnotheridae,Scleroplax,,granulata,,2026-08-14,,King salmon,intertidal sand flat,,yabby pumping,,Species,
CAEU-1362,,,,,,,,,,,,,,,,,,,,,,,,,,,,,,,,
CAEU-1363,12A,12A,,bulk,Scleroplax granulata,X,X,/,,Gustav Paulay,2026-08-14,,445239,Scleroplax granulata,Animalia,Arthropoda,Malacostraca,Decapoda,Pinnotheridae,Scleroplax,,granulata,,2026-08-14,,King salmon,intertidal sand flat,,yabby pumping,,Species,
CAEU-1364,12A,12A,,1,Crangon nigricauda,/,/,/,,Gustav Paulay,2026-08-14,,515551,Crangon nigricauda,Animalia,Arthropoda,Malacostraca,Decapoda,Crangonidae,Crangon,,nigricauda,,2026-08-14,,King salmon,intertidal sand flat,,yabby pumping,,Species,
CAEU-1365,12A,12A,,1,Crangon nigricauda,/,/,/,,Gustav Paulay,2026-08-14,,515551,Crangon nigricauda,Animalia,Arthropoda,Malacostraca,Decapoda,Crangonidae,Crangon,,nigricauda,,2026-08-14,,King salmon,intertidal sand flat,,yabby pumping,,Species,
CAEU-1366,12A,12A,CAEU-1365,2?,Argeia pugettensis,/,/,/,in Crangon nigricauda CAEU-1365,Gustav Paulay,2026-08-14,,259044,Argeia pugettensis,Animalia,Arthropoda,Malacostraca,Isopoda,Bopyridae,Argeia,,pugettensis,,2026-08-14,,King salmon,intertidal sand flat,,yabby pumping,,Species,
CAEU-1367,12A,12A,,1,Cryptomya californica,/,/,/,in Neotrypaea californiensis burrow,Gustav Paulay,2026-08-14,,397065,Cryptomya californica,Animalia,Mollusca,Bivalvia,Myida,Myidae,Cryptomya,,californica,,2026-08-14,,King salmon,intertidal sand flat,,yabby pumping,,Species,
CAEU-1368,12A,12A,,1,Cryptomya californica,/,/,/,in Neotrypaea californiensis burrow,Gustav Paulay,2026-08-14,,397065,Cryptomya californica,Animalia,Mollusca,Bivalvia,Myida,Myidae,Cryptomya,,californica,,2026-08-14,,King salmon,intertidal sand flat,,yabby pumping,,Species,
CAEU-1369,12A,12A,,bulk,Cryptomya californica,/,/,/,in Neotrypaea californiensis burrow,Gustav Paulay,2026-08-14,,397065,Cryptomya californica,Animalia,Mollusca,Bivalvia,Myida,Myidae,Cryptomya,,californica,,2026-08-14,,King salmon,intertidal sand flat,,yabby pumping,,Species,
CAEU-1370,12A,12A,,1,Ramphidonta retifera?,/,/,/,in Neotrypaea californiensis burrow,Gustav Paulay,2026-08-14,,582734,Rhamphidonta retifera,Animalia,Mollusca,Bivalvia,Galeommatida,Lasaeidae,Rhamphidonta,,retifera,,2026-08-14,,King salmon,intertidal sand flat,,yabby pumping,,Species,
CAEU-1371,12A,12A,,1,Ramphidonta retifera?,/,/,/,in Neotrypaea californiensis burrow,Gustav Paulay,2026-08-14,,582734,Rhamphidonta retifera,Animalia,Mollusca,Bivalvia,Galeommatida,Lasaeidae,Rhamphidonta,,retifera,,2026-08-14,,King salmon,intertidal sand flat,,yabby pumping,,Species,
CAEU-1372,12A,12A,,1,Ramphidonta retifera?,/,/,/,,Gustav Paulay,2026-08-14,,582734,Rhamphidonta retifera,Animalia,Mollusca,Bivalvia,Galeommatida,Lasaeidae,Rhamphidonta,,retifera,,2026-08-14,,King salmon,intertidal sand flat,,yabby pumping,,Species,
CAEU-1373,12A,12A,,1,Macoma juv.,/,/,/,,Gustav Paulay,2026-08-14,,138531,Macoma,Animalia,Mollusca,Bivalvia,Cardiida,Tellinidae,Macoma,,,,2026-08-14,,King salmon,intertidal sand flat,,yabby pumping,,Genus,
CAEU-1374,12A,12A,,1,Macoma juv.,/,/,/,,Gustav Paulay,2026-08-14,,138531,Macoma,Animalia,Mollusca,Bivalvia,Cardiida,Tellinidae,Macoma,,,,2026-08-14,,King salmon,intertidal sand flat,,yabby pumping,,Genus,
CAEU-1375,10,10,,1,Pista elongata,/,/,/,,Gustav Paulay,2026-08-14,,330759,Pista elongata,Animalia,Annelida,Polychaeta,Terebellida,Terebellidae,Pista,,elongata,,2026-08-14,"Svetlana, Gustav, Soma, Kathy Ann",S of Cape Mendocino,"Rocky shore with boulders and cobbles, some on silty sand, beach in high IT only, tide pools, low IT with urchin barrens",,,,Species,
CAEU-1376,10,10,,1,Balanus glandula,/,/,/,,Gustav Paulay,2026-08-14,,394848,Balanus glandula,Animalia,Arthropoda,Thecostraca,Balanomorpha,Balanidae,Balanus,,glandula,,2026-08-14,"Svetlana, Gustav, Soma, Kathy Ann",S of Cape Mendocino,"Rocky shore with boulders and cobbles, some on silty sand, beach in high IT only, tide pools, low IT with urchin barrens",,,,Species,
CAEU-1377,10,10,,1,Balanus glandula,/,/,/,,Gustav Paulay,2026-08-14,,394848,Balanus glandula,Animalia,Arthropoda,Thecostraca,Balanomorpha,Balanidae,Balanus,,glandula,,2026-08-14,"Svetlana, Gustav, Soma, Kathy Ann",S of Cape Mendocino,"Rocky shore with boulders and cobbles, some on silty sand, beach in high IT only, tide pools, low IT with urchin barrens",,,,Species,
CAEU-1378,10,10,,bulk,Balanus glandula,/,/,/,,Gustav Paulay,2026-08-14,,394848,Balanus glandula,Animalia,Arthropoda,Thecostraca,Balanomorpha,Balanidae,Balanus,,glandula,,2026-08-14,"Svetlana, Gustav, Soma, Kathy Ann",S of Cape Mendocino,"Rocky shore with boulders and cobbles, some on silty sand, beach in high IT only, tide pools, low IT with urchin barrens",,,,Species,
CAEU-1379,11,11,,1,Neverita lewisii,/,/,/,smaller,Gustav Paulay,2026-08-14,,718659,Neverita lewisii,Animalia,Mollusca,Gastropoda,Littorinimorpha,Naticidae,Neverita,,lewisii,,2026-08-14,,King salmon,intertidal sand flat,,,,Species,
CAEU-1380,11,11,,1,Neverita lewisii,/,/,/,larger,Gustav Paulay,2026-08-14,,718659,Neverita lewisii,Animalia,Mollusca,Gastropoda,Littorinimorpha,Naticidae,Neverita,,lewisii,,2026-08-14,,King salmon,intertidal sand flat,,,,Species,
CAEU-1381,11,11,,1,Tresus capax,,,,,Slapcinsky,2026-08-14,,367776,Tresus capax,Animalia,Mollusca,Bivalvia,Venerida,Mactridae,Tresus,,capax,,2026-08-14,,King salmon,intertidal sand flat,,,,Species,
CAEU-1382,11,11,,1,Saxidomus nuttalli,,,,,Slapcinsky,2026-08-14,,367778,Saxidomus nuttalli,Animalia,Mollusca,Bivalvia,Venerida,Veneridae,Saxidomus,,nuttalli,,2026-08-14,,King salmon,intertidal sand flat,,,,Species,
CAEU-1383,11,11,,1,Saxidomus nuttalli,,,,,Slapcinsky,2026-08-14,,367778,Saxidomus nuttalli,Animalia,Mollusca,Bivalvia,Venerida,Veneridae,Saxidomus,,nuttalli,,2026-08-14,,King salmon,intertidal sand flat,,,,Species,
CAEU-1384,11,11,,1,Saxidomus nuttalli,,,,,Slapcinsky,2026-08-14,,367778,Saxidomus nuttalli,Animalia,Mollusca,Bivalvia,Venerida,Veneridae,Saxidomus,,nuttalli,,2026-08-14,,King salmon,intertidal sand flat,,,,Species,
CAEU-1385,11,11,,1,Macoma 2,,,,,Slapcinsky,2026-08-14,,138531,Macoma,Animalia,Mollusca,Bivalvia,Cardiida,Tellinidae,Macoma,,,,2026-08-14,,King salmon,intertidal sand flat,,,,Genus,
CAEU-1386,11,11,,1,Macoma 2,,,,,Slapcinsky,2026-08-14,,138531,Macoma,Animalia,Mollusca,Bivalvia,Cardiida,Tellinidae,Macoma,,,,2026-08-14,,King salmon,intertidal sand flat,,,,Genus,
CAEU-1387,11,11,,1,Macoma 2,,,,,Slapcinsky,2026-08-14,,138531,Macoma,Animalia,Mollusca,Bivalvia,Cardiida,Tellinidae,Macoma,,,,2026-08-14,,King salmon,intertidal sand flat,,,,Genus,
CAEU-1388,11,11,,3,Macoma 2,,,,bulk,Slapcinsky,2026-08-14,,138531,Macoma,Animalia,Mollusca,Bivalvia,Cardiida,Tellinidae,Macoma,,,,2026-08-14,,King salmon,intertidal sand flat,,,,Genus,
CAEU-1389,11,11,,1,Cryptomya,,,,,Slapcinsky,2026-08-14,,206927,Cryptomya,Animalia,Mollusca,Bivalvia,Myida,Myidae,Cryptomya,,,,2026-08-14,,King salmon,intertidal sand flat,,,,Genus,
CAEU-1390,10,10,,1,Discurria,,,,,Slapcinsky,2026-08-14,,456555,Discurria,Animalia,Mollusca,Gastropoda,Nacellida,Lottiidae,Discurria,,,,2026-08-14,"Svetlana, Gustav, Soma, Kathy Ann",S of Cape Mendocino,"Rocky shore with boulders and cobbles, some on silty sand, beach in high IT only, tide pools, low IT with urchin barrens",,,,Genus,
CAEU-1391,10,10,,1,Amphissa,,,,,Slapcinsky,2026-08-14,,137801,Amphissa,Animalia,Mollusca,Gastropoda,Neogastropoda,Columbellidae,Amphissa,,,,2026-08-14,"Svetlana, Gustav, Soma, Kathy Ann",S of Cape Mendocino,"Rocky shore with boulders and cobbles, some on silty sand, beach in high IT only, tide pools, low IT with urchin barrens",,,,Genus,
CAEU-1392,10,10,,1,Amphissa,,,,,Slapcinsky,2026-08-14,,137801,Amphissa,Animalia,Mollusca,Gastropoda,Neogastropoda,Columbellidae,Amphissa,,,,2026-08-14,"Svetlana, Gustav, Soma, Kathy Ann",S of Cape Mendocino,"Rocky shore with boulders and cobbles, some on silty sand, beach in high IT only, tide pools, low IT with urchin barrens",,,,Genus,
CAEU-1393,10,10,,1,Lottia asmi,,,,,Slapcinsky,2026-08-14,,510016,Lottia asmi,Animalia,Mollusca,Gastropoda,Nacellida,Lottiidae,Lottia,,asmi,,2026-08-14,"Svetlana, Gustav, Soma, Kathy Ann",S of Cape Mendocino,"Rocky shore with boulders and cobbles, some on silty sand, beach in high IT only, tide pools, low IT with urchin barrens",,,,Species,
CAEU-1394,10,10,,1,Lottia asmi,,,,,Slapcinsky,2026-08-14,,510016,Lottia asmi,Animalia,Mollusca,Gastropoda,Nacellida,Lottiidae,Lottia,,asmi,,2026-08-14,"Svetlana, Gustav, Soma, Kathy Ann",S of Cape Mendocino,"Rocky shore with boulders and cobbles, some on silty sand, beach in high IT only, tide pools, low IT with urchin barrens",,,,Species,
CAEU-1395,10,10,,1,Lottia asmi,,,,,Slapcinsky,2026-08-14,,510016,Lottia asmi,Animalia,Mollusca,Gastropoda,Nacellida,Lottiidae,Lottia,,asmi,,2026-08-14,"Svetlana, Gustav, Soma, Kathy Ann",S of Cape Mendocino,"Rocky shore with boulders and cobbles, some on silty sand, beach in high IT only, tide pools, low IT with urchin barrens",,,,Species,
CAEU-1396,10,10,,1,Ceratostoma foliata,,,,,Slapcinsky,2026-08-14,,240767,Ceratostoma foliatum,Animalia,Mollusca,Gastropoda,Neogastropoda,Muricidae,Ceratostoma,,foliatum,,2026-08-14,"Svetlana, Gustav, Soma, Kathy Ann",S of Cape Mendocino,"Rocky shore with boulders and cobbles, some on silty sand, beach in high IT only, tide pools, low IT with urchin barrens",,,,Species,
CAEU-1397,10,10,,1,Ceratostoma foliata,,,,,Slapcinsky,2026-08-14,,240767,Ceratostoma foliatum,Animalia,Mollusca,Gastropoda,Neogastropoda,Muricidae,Ceratostoma,,foliatum,,2026-08-14,"Svetlana, Gustav, Soma, Kathy Ann",S of Cape Mendocino,"Rocky shore with boulders and cobbles, some on silty sand, beach in high IT only, tide pools, low IT with urchin barrens",,,,Species,
CAEU-1398,13,13,,1,Caprellidae,,,,large,Slapcinsky,2026-08-14,,101361,Caprellidae,Animalia,Arthropoda,Malacostraca,Amphipoda,Caprellidae,,,,,2026-08-14,,Trinidad floating dock,bait cage,,hand,,Family,
CAEU-1399,13,13,,1,Caprellidae,,,,large,Slapcinsky,2026-08-14,,101361,Caprellidae,Animalia,Arthropoda,Malacostraca,Amphipoda,Caprellidae,,,,,2026-08-14,,Trinidad floating dock,bait cage,,hand,,Family,
CAEU-1400,13,13,,10,Caprellidae,,,,large bulk,Slapcinsky,2026-08-14,,101361,Caprellidae,Animalia,Arthropoda,Malacostraca,Amphipoda,Caprellidae,,,,,2026-08-14,,Trinidad floating dock,bait cage,,hand,,Family,
CAEU-1401,13,13,,1,Bryozoa,,,,,Slapcinsky,2026-08-14,,146142,Bryozoa,Animalia,Bryozoa,,,,,,,,2026-08-14,,Trinidad floating dock,bait cage,,hand,,Higher,
CAEU-1402,10,10,,1,Lirabuccinum dirum,,,,,Slapcinsky,2026-08-14,,491076,Lirabuccinum dirum,Animalia,Mollusca,Gastropoda,Neogastropoda,Tudiclidae,Lirabuccinum,,dirum,,2026-08-14,"Svetlana, Gustav, Soma, Kathy Ann",S of Cape Mendocino,"Rocky shore with boulders and cobbles, some on silty sand, beach in high IT only, tide pools, low IT with urchin barrens",,,,Species,
CAEU-1403,10,10,,1,Lirabuccinum dirum,,,,,Slapcinsky,2026-08-14,,491076,Lirabuccinum dirum,Animalia,Mollusca,Gastropoda,Neogastropoda,Tudiclidae,Lirabuccinum,,dirum,,2026-08-14,"Svetlana, Gustav, Soma, Kathy Ann",S of Cape Mendocino,"Rocky shore with boulders and cobbles, some on silty sand, beach in high IT only, tide pools, low IT with urchin barrens",,,,Species,
CAEU-1404,10,10,,7,Lirabuccinum dirum,,,,bulk,Slapcinsky,2026-08-14,,491076,Lirabuccinum dirum,Animalia,Mollusca,Gastropoda,Neogastropoda,Tudiclidae,Lirabuccinum,,dirum,,2026-08-14,"Svetlana, Gustav, Soma, Kathy Ann",S of Cape Mendocino,"Rocky shore with boulders and cobbles, some on silty sand, beach in high IT only, tide pools, low IT with urchin barrens",,,,Species,
CAEU-1405,10,10,,10,Nucella ostrina,,,,bulk,Slapcinsky,2026-08-14,,404225,Nucella ostrina,Animalia,Mollusca,Gastropoda,Neogastropoda,Muricidae,Nucella,,ostrina,,2026-08-14,"Svetlana, Gustav, Soma, Kathy Ann",S of Cape Mendocino,"Rocky shore with boulders and cobbles, some on silty sand, beach in high IT only, tide pools, low IT with urchin barrens",,,,Species,
CAEU-1406,10,10,,12,Lottia digitalis,,,,bulk,Slapcinsky,2026-08-14,,456588,Lottia digitalis,Animalia,Mollusca,Gastropoda,Nacellida,Lottiidae,Lottia,,digitalis,,2026-08-14,"Svetlana, Gustav, Soma, Kathy Ann",S of Cape Mendocino,"Rocky shore with boulders and cobbles, some on silty sand, beach in high IT only, tide pools, low IT with urchin barrens",,,,Species,
CAEU-1407,10,10,,10,Tegula funebralis,,,,bulk,Slapcinsky,2026-08-14,,534190,Tegula funebralis,Animalia,Mollusca,Gastropoda,Trochida,Tegulidae,Tegula,,funebralis,,2026-08-14,"Svetlana, Gustav, Soma, Kathy Ann",S of Cape Mendocino,"Rocky shore with boulders and cobbles, some on silty sand, beach in high IT only, tide pools, low IT with urchin barrens",,,,Species,
CAEU-1408,14A,14A,,1,Callianax biplicata,,,,white form,Slapcinsky,2026-08-14,,1424883,Callianax biplicata,Animalia,Mollusca,Gastropoda,Neogastropoda,Olividae,Callianax,,biplicata,,2026-08-15,Svetlana,Samoa dunes,Sandy shore and jetties,sandy shore,"shovel, hand",,Species,
CAEU-1409,14A,14A,,1,Callianax pycnon,,,,small striped,Slapcinsky,2026-08-14,,1674302,Callianax pycna,Animalia,Mollusca,Gastropoda,Neogastropoda,Olividae,Callianax,,pycna,,2026-08-15,Svetlana,Samoa dunes,Sandy shore and jetties,sandy shore,"shovel, hand",,Species,
CAEU-1410,14A,14A,,1,Callianax pycnon,,,,small striped,Slapcinsky,2026-08-14,,1674302,Callianax pycna,Animalia,Mollusca,Gastropoda,Neogastropoda,Olividae,Callianax,,pycna,,2026-08-15,Svetlana,Samoa dunes,Sandy shore and jetties,sandy shore,"shovel, hand",,Species,
CAEU-1411,10,10,,1,Leptosynapta albicans,/,/,/,UF,Gustav Paulay,2026-08-14,,529522,Leptosynapta albicans,Animalia,Echinodermata,Holothuroidea,Apodida,Synaptidae,Leptosynapta,,albicans,,2026-08-14,"Svetlana, Gustav, Soma, Kathy Ann",S of Cape Mendocino,"Rocky shore with boulders and cobbles, some on silty sand, beach in high IT only, tide pools, low IT with urchin barrens",,,,Species,
CAEU-1412,12C,12C,,1,Bankia setosa,/,/,/,,Gustav Paulay,2026-08-14,,527858,Bankia setacea,Animalia,Mollusca,Bivalvia,Myida,Teredinidae,Bankia,,setacea,,2026-08-14,,King salmon,intertidal sand flat,dead wood,,,Species,
CAEU-1413,12C,12C,,1,Bankia setosa,/,/,/,UF,Gustav Paulay,2026-08-14,,527858,Bankia setacea,Animalia,Mollusca,Bivalvia,Myida,Teredinidae,Bankia,,setacea,,2026-08-14,,King salmon,intertidal sand flat,dead wood,,,Species,
CAEU-1414,12C,12C,,bulk,Bankia setosa,X,X,/,,Gustav Paulay,2026-08-14,,527858,Bankia setacea,Animalia,Mollusca,Bivalvia,Myida,Teredinidae,Bankia,,setacea,,2026-08-14,,King salmon,intertidal sand flat,dead wood,,,Species,
CAEU-1415,10,10,,1,Hiatella,/,/,/,,Gustav Paulay,2026-08-14,,138068,Hiatella,Animalia,Mollusca,Bivalvia,Adapedonta,Hiatellidae,Hiatella,,,,2026-08-14,"Svetlana, Gustav, Soma, Kathy Ann",S of Cape Mendocino,"Rocky shore with boulders and cobbles, some on silty sand, beach in high IT only, tide pools, low IT with urchin barrens",,,,Genus,
CAEU-1416,10,10,,1,Diadora,/,/,/,,Gustav Paulay,2026-08-14,,1817683,Diadora,Animalia,Mollusca,Gastropoda,Lepetellida,Fissurellidae,Diadora,,,,2026-08-14,"Svetlana, Gustav, Soma, Kathy Ann",S of Cape Mendocino,"Rocky shore with boulders and cobbles, some on silty sand, beach in high IT only, tide pools, low IT with urchin barrens",,,,Genus,
CAEU-1417,10,10,,1,Mopalia muscosa,/,/,/,,Gustav Paulay,2026-08-14,,386353,Mopalia muscosa,Animalia,Mollusca,Polyplacophora,Chitonida,Mopaliidae,Mopalia,,muscosa,,2026-08-14,"Svetlana, Gustav, Soma, Kathy Ann",S of Cape Mendocino,"Rocky shore with boulders and cobbles, some on silty sand, beach in high IT only, tide pools, low IT with urchin barrens",,,,Species,
CAEU-1418,10,10,,1,Mopalia muscosa,/,/,/,,Gustav Paulay,2026-08-14,,386353,Mopalia muscosa,Animalia,Mollusca,Polyplacophora,Chitonida,Mopaliidae,Mopalia,,muscosa,,2026-08-14,"Svetlana, Gustav, Soma, Kathy Ann",S of Cape Mendocino,"Rocky shore with boulders and cobbles, some on silty sand, beach in high IT only, tide pools, low IT with urchin barrens",,,,Species,
CAEU-1419,10,10,,bulk,Mopalia muscosa,/,/,/,,Gustav Paulay,2026-08-14,,386353,Mopalia muscosa,Animalia,Mollusca,Polyplacophora,Chitonida,Mopaliidae,Mopalia,,muscosa,,2026-08-14,"Svetlana, Gustav, Soma, Kathy Ann",S of Cape Mendocino,"Rocky shore with boulders and cobbles, some on silty sand, beach in high IT only, tide pools, low IT with urchin barrens",,,,Species,
CAEU-1420,10,10,,1,Tonicella lokii?,/,/,/,,Gustav Paulay,2026-08-14,,386442,Tonicella lokii,Animalia,Mollusca,Polyplacophora,Chitonida,Tonicellidae,Tonicella,,lokii,,2026-08-14,"Svetlana, Gustav, Soma, Kathy Ann",S of Cape Mendocino,"Rocky shore with boulders and cobbles, some on silty sand, beach in high IT only, tide pools, low IT with urchin barrens",,,,Species,
CAEU-1421,10,10,,bulk,Tonicella lokii?,/,/,/,UF,Gustav Paulay,2026-08-14,,386442,Tonicella lokii,Animalia,Mollusca,Polyplacophora,Chitonida,Tonicellidae,Tonicella,,lokii,,2026-08-14,"Svetlana, Gustav, Soma, Kathy Ann",S of Cape Mendocino,"Rocky shore with boulders and cobbles, some on silty sand, beach in high IT only, tide pools, low IT with urchin barrens",,,,Species,
CAEU-1422,10,10,,1,Nuttallina californica,/,/,/,,Gustav Paulay,2026-08-14,,386437,Nuttallina californica,Animalia,Mollusca,Polyplacophora,Chitonida,Tonicellidae,Nuttallina,,californica,,2026-08-14,"Svetlana, Gustav, Soma, Kathy Ann",S of Cape Mendocino,"Rocky shore with boulders and cobbles, some on silty sand, beach in high IT only, tide pools, low IT with urchin barrens",,,,Species,
CAEU-1423,10,10,,1,Mopalia lignosa,/,/,/,,Gustav Paulay,2026-08-14,,386349,Mopalia lignosa,Animalia,Mollusca,Polyplacophora,Chitonida,Mopaliidae,Mopalia,,lignosa,,2026-08-14,"Svetlana, Gustav, Soma, Kathy Ann",S of Cape Mendocino,"Rocky shore with boulders and cobbles, some on silty sand, beach in high IT only, tide pools, low IT with urchin barrens",,,,Species,
CAEU-1424,10,10,,1,Mopalia lignosa,/,/,/,,Gustav Paulay,2026-08-14,,386349,Mopalia lignosa,Animalia,Mollusca,Polyplacophora,Chitonida,Mopaliidae,Mopalia,,lignosa,,2026-08-14,"Svetlana, Gustav, Soma, Kathy Ann",S of Cape Mendocino,"Rocky shore with boulders and cobbles, some on silty sand, beach in high IT only, tide pools, low IT with urchin barrens",,,,Species,
CAEU-1425,10,10,,1,Mopalia A,/,/,/,,Gustav Paulay,2026-08-14,,385567,Mopalia,Animalia,Mollusca,Polyplacophora,Chitonida,Mopaliidae,Mopalia,,,,2026-08-14,"Svetlana, Gustav, Soma, Kathy Ann",S of Cape Mendocino,"Rocky shore with boulders and cobbles, some on silty sand, beach in high IT only, tide pools, low IT with urchin barrens",,,,Genus,
CAEU-1426,10,10,,1,Callistochiton decoratus?,/,/,/,,Gustav Paulay,2026-08-14,,386122,Callistochiton decoratus,Animalia,Mollusca,Polyplacophora,Chitonida,Callistoplacidae,Callistochiton,,decoratus,,2026-08-14,"Svetlana, Gustav, Soma, Kathy Ann",S of Cape Mendocino,"Rocky shore with boulders and cobbles, some on silty sand, beach in high IT only, tide pools, low IT with urchin barrens",,,,Species,
CAEU-1427,10,10,,1,Lepidozona cooperi,/,/,/,,Gustav Paulay,2026-08-14,,386035,Lepidozona cooperi,Animalia,Mollusca,Polyplacophora,Chitonida,Ischnochitonidae,Lepidozona,,cooperi,,2026-08-14,"Svetlana, Gustav, Soma, Kathy Ann",S of Cape Mendocino,"Rocky shore with boulders and cobbles, some on silty sand, beach in high IT only, tide pools, low IT with urchin barrens",,,,Species,
CAEU-1428,10,10,,1,Lepidozona cooperi,/,/,/,,Gustav Paulay,2026-08-14,,386035,Lepidozona cooperi,Animalia,Mollusca,Polyplacophora,Chitonida,Ischnochitonidae,Lepidozona,,cooperi,,2026-08-14,"Svetlana, Gustav, Soma, Kathy Ann",S of Cape Mendocino,"Rocky shore with boulders and cobbles, some on silty sand, beach in high IT only, tide pools, low IT with urchin barrens",,,,Species,
CAEU-1429,10,10,,bulk,Lepidozona cooperi,/,/,/,,Gustav Paulay,2026-08-14,,386035,Lepidozona cooperi,Animalia,Mollusca,Polyplacophora,Chitonida,Ischnochitonidae,Lepidozona,,cooperi,,2026-08-14,"Svetlana, Gustav, Soma, Kathy Ann",S of Cape Mendocino,"Rocky shore with boulders and cobbles, some on silty sand, beach in high IT only, tide pools, low IT with urchin barrens",,,,Species,
CAEU-1430,10,10,,1,Cyanoplax dentiens,/,/,/,found label -> lost label,Gustav Paulay,2026-08-14,,386414,Cyanoplax dentiens,Animalia,Mollusca,Polyplacophora,Chitonida,Tonicellidae,Cyanoplax,,dentiens,,2026-08-14,"Svetlana, Gustav, Soma, Kathy Ann",S of Cape Mendocino,"Rocky shore with boulders and cobbles, some on silty sand, beach in high IT only, tide pools, low IT with urchin barrens",,,,Species,
CAEU-1431,10,10,,1,Cyanoplax dentiens,/,/,/,,Gustav Paulay,2026-08-14,,386414,Cyanoplax dentiens,Animalia,Mollusca,Polyplacophora,Chitonida,Tonicellidae,Cyanoplax,,dentiens,,2026-08-14,"Svetlana, Gustav, Soma, Kathy Ann",S of Cape Mendocino,"Rocky shore with boulders and cobbles, some on silty sand, beach in high IT only, tide pools, low IT with urchin barrens",,,,Species,
CAEU-1432,10,10,,1,Sphaeromatidae,/,,/,,Gustav Paulay,2026-08-14,,118277,Sphaeromatidae,Animalia,Arthropoda,Malacostraca,Isopoda,Sphaeromatidae,,,,,2026-08-14,"Svetlana, Gustav, Soma, Kathy Ann",S of Cape Mendocino,"Rocky shore with boulders and cobbles, some on silty sand, beach in high IT only, tide pools, low IT with urchin barrens",,,,Family,
CAEU-1433,10,10,,1,Sphaeromatidae,/,,/,,Gustav Paulay,2026-08-14,,118277,Sphaeromatidae,Animalia,Arthropoda,Malacostraca,Isopoda,Sphaeromatidae,,,,,2026-08-14,"Svetlana, Gustav, Soma, Kathy Ann",S of Cape Mendocino,"Rocky shore with boulders and cobbles, some on silty sand, beach in high IT only, tide pools, low IT with urchin barrens",,,,Family,
CAEU-1434,10,10,,1,Urticina red,iphone,/,/,,Gustav Paulay,2026-08-14,,100706,Urticina,Animalia,Cnidaria,Hexacorallia,Actiniaria,Tealidae,Urticina,,,,2026-08-14,"Svetlana, Gustav, Soma, Kathy Ann",S of Cape Mendocino,"Rocky shore with boulders and cobbles, some on silty sand, beach in high IT only, tide pools, low IT with urchin barrens",,,,Genus,
CAEU-1435,10,10,,1,Orchestidae,/,,/,on beach supratidal,Gustav Paulay,2026-08-14,,101783,Orchestia,Animalia,Arthropoda,Malacostraca,Amphipoda,Talitridae,Orchestia,,,,2026-08-14,"Svetlana, Gustav, Soma, Kathy Ann",S of Cape Mendocino,"Rocky shore with boulders and cobbles, some on silty sand, beach in high IT only, tide pools, low IT with urchin barrens",,,,Genus,
CAEU-1436,10,10,,1,Orchestidae,/,,/,on beach supratidal,Gustav Paulay,2026-08-14,,101783,Orchestia,Animalia,Arthropoda,Malacostraca,Amphipoda,Talitridae,Orchestia,,,,2026-08-14,"Svetlana, Gustav, Soma, Kathy Ann",S of Cape Mendocino,"Rocky shore with boulders and cobbles, some on silty sand, beach in high IT only, tide pools, low IT with urchin barrens",,,,Genus,
CAEU-1437,10,10,,1,Orchestidae,/,,/,on beach supratidal,Gustav Paulay,2026-08-14,,101783,Orchestia,Animalia,Arthropoda,Malacostraca,Amphipoda,Talitridae,Orchestia,,,,2026-08-14,"Svetlana, Gustav, Soma, Kathy Ann",S of Cape Mendocino,"Rocky shore with boulders and cobbles, some on silty sand, beach in high IT only, tide pools, low IT with urchin barrens",,,,Genus,
CAEU-1438,10,10,,1,Orchestidae,,,,on beach supratidal,Gustav Paulay,2026-08-14,,101783,Orchestia,Animalia,Arthropoda,Malacostraca,Amphipoda,Talitridae,Orchestia,,,,2026-08-14,"Svetlana, Gustav, Soma, Kathy Ann",S of Cape Mendocino,"Rocky shore with boulders and cobbles, some on silty sand, beach in high IT only, tide pools, low IT with urchin barrens",,,,Genus,
CAEU-1439,10,10,,bulk,Orchestidae,X,X,/,on beach supratidal,Gustav Paulay,2026-08-14,,101783,Orchestia,Animalia,Arthropoda,Malacostraca,Amphipoda,Talitridae,Orchestia,,,,2026-08-14,"Svetlana, Gustav, Soma, Kathy Ann",S of Cape Mendocino,"Rocky shore with boulders and cobbles, some on silty sand, beach in high IT only, tide pools, low IT with urchin barrens",,,,Genus,
CAEU-1440,10,10,,bulk,Phascolosoma agassizii,X,X,/,,Gustav Paulay,2026-08-14,,266496,Phascolosoma (Phascolosoma) agassizii,Animalia,Annelida,,Sipuncula,Phascolosomatidae,Phascolosoma,Phascolosoma,agassizii,,2026-08-14,"Svetlana, Gustav, Soma, Kathy Ann",S of Cape Mendocino,"Rocky shore with boulders and cobbles, some on silty sand, beach in high IT only, tide pools, low IT with urchin barrens",,,,Species,
CAEU-1441,HUMB-07D,7D,,1,Cheliplana sp. 3,y,y,,eth,Yander L. Diez,2026-08-15,,142341,Cheliplana,Animalia,Platyhelminthes,,Rhabdocoela,Cheliplanidae,Cheliplana,,,,2026-08-13,Yander,Baker's Beach,"Rocky shore and beach mixed with rocky outcrops, cobble fields, tide pools, kelp and algal cover, low IT with urchin barrens",coarse sand,,,Genus,
CAEU-1442,HUMB-07D,7D,,1,Cheliplana sp. 3,y,y,,eth,Yander L. Diez,2026-08-15,,142341,Cheliplana,Animalia,Platyhelminthes,,Rhabdocoela,Cheliplanidae,Cheliplana,,,,2026-08-13,Yander,Baker's Beach,"Rocky shore and beach mixed with rocky outcrops, cobble fields, tide pools, kelp and algal cover, low IT with urchin barrens",coarse sand,,,Genus,
CAEU-1443,HUMB-07D,7D,,1,Cheliplana sp. 3,y,y,,eth,Yander L. Diez,2026-08-15,,142341,Cheliplana,Animalia,Platyhelminthes,,Rhabdocoela,Cheliplanidae,Cheliplana,,,,2026-08-13,Yander,Baker's Beach,"Rocky shore and beach mixed with rocky outcrops, cobble fields, tide pools, kelp and algal cover, low IT with urchin barrens",coarse sand,,,Genus,
CAEU-1444,HUMB-07D,7D,,1,Cheliplana sp. 3,y,,y,WM,Yander L. Diez,2026-08-15,,142341,Cheliplana,Animalia,Platyhelminthes,,Rhabdocoela,Cheliplanidae,Cheliplana,,,,2026-08-13,Yander,Baker's Beach,"Rocky shore and beach mixed with rocky outcrops, cobble fields, tide pools, kelp and algal cover, low IT with urchin barrens",coarse sand,,,Genus,
CAEU-1445,HUMB-07D,7D,,1,Proseriata sp. 3,y,y,y,"WM+eth, cut in half",Yander L. Diez,2026-08-15,,142027,Proseriata,Animalia,Platyhelminthes,,Proseriata,,,,,,2026-08-13,Yander,Baker's Beach,"Rocky shore and beach mixed with rocky outcrops, cobble fields, tide pools, kelp and algal cover, low IT with urchin barrens",coarse sand,,,Higher,
CAEU-1446,HUMB-11B,11B,,1,Utelga sp. 1,y,y,,eth,Yander L. Diez,2026-08-15,,142357,Utelga,Animalia,Platyhelminthes,,Rhabdocoela,Koinocystididae,Utelga,,,,2026-08-14,"Greg, Dakota",King salmon,intertidal sand flat,coarse sand from slope of beach before sand flat,MgCl2 extraction,,Genus,
CAEU-1447,HUMB-11B,11B,,1,Carcharodorhynchus cf. flavidus,y,y,,eth,Yander L. Diez,2026-08-15,,142387,Carcharodorhynchus,Animalia,Platyhelminthes,,Rhabdocoela,Schizorhynchidae,Carcharodorhynchus,,,,2026-08-14,"Greg, Dakota",King salmon,intertidal sand flat,coarse sand from slope of beach before sand flat,MgCl2 extraction,,Genus,
CAEU-1448,HUMB-14B,14B,,1,Kaitalugia sp. 1,y,,y,"WM, algae on rocks",Yander L. Diez,2026-08-15,,479883,Kaitalugia,Animalia,Platyhelminthes,,Rhabdocoela,Byrsophlebidae,Kaitalugia,,,,2026-08-15,"Gustav, Yander, Kathy Ann",Samoa dunes,Sandy shore and jetties,jetty rocks,hand,,Genus,
CAEU-1449,HUMB-14B,14B,,1,Kaitalugia sp. 1,y,,y,"WM, algae on rocks",Yander L. Diez,2026-08-15,,479883,Kaitalugia,Animalia,Platyhelminthes,,Rhabdocoela,Byrsophlebidae,Kaitalugia,,,,2026-08-15,"Gustav, Yander, Kathy Ann",Samoa dunes,Sandy shore and jetties,jetty rocks,hand,,Genus,
CAEU-1450,HUMB-14B,14B,,1,Microstomum sp. 1,y,y,,eth,Yander L. Diez,2026-08-15,,142210,Microstomum,Animalia,Platyhelminthes,,Dolichomicrostomida,Microstomidae,Microstomum,,,,2026-08-15,"Gustav, Yander, Kathy Ann",Samoa dunes,Sandy shore and jetties,jetty rocks,hand,,Genus,
CAEU-1451,HUMB-14B,14B,,1,Ptychopera sp. 2,y,,y,WM,Yander L. Diez,2026-08-15,,142442,Ptychopera,Animalia,Platyhelminthes,,Rhabdocoela,Trigonostomidae,Ptychopera,,,,2026-08-15,"Gustav, Yander, Kathy Ann",Samoa dunes,Sandy shore and jetties,jetty rocks,hand,,Genus,
CAEU-1452,HUMB-14B,14B,,1,Pogaina sp. 2,y,y,,eth,Yander L. Diez,2026-08-15,,142293,Pogaina,Animalia,Platyhelminthes,,Rhabdocoela,Provorticidae,Pogaina,,,,2026-08-15,"Gustav, Yander, Kathy Ann",Samoa dunes,Sandy shore and jetties,jetty rocks,hand,,Genus,
CAEU-1453,HUMB-14B,14B,,1,Kaitalugia sp. 1,y,y,,eth,Yander L. Diez,2026-08-15,,479883,Kaitalugia,Animalia,Platyhelminthes,,Rhabdocoela,Byrsophlebidae,Kaitalugia,,,,2026-08-15,"Gustav, Yander, Kathy Ann",Samoa dunes,Sandy shore and jetties,jetty rocks,hand,,Genus,
CAEU-1454,HUMB-14B,14B,,1,Kaitalugia sp. 1,y,y,,eth,Yander L. Diez,2026-08-15,,479883,Kaitalugia,Animalia,Platyhelminthes,,Rhabdocoela,Byrsophlebidae,Kaitalugia,,,,2026-08-15,"Gustav, Yander, Kathy Ann",Samoa dunes,Sandy shore and jetties,jetty rocks,hand,,Genus,
CAEU-1455,HUMB-14B,14B,,1,Phonorhynchus sp. 1,y,y,,eth,Yander L. Diez,2026-08-15,,142378,Phonorhynchus,Animalia,Platyhelminthes,,Rhabdocoela,Polycystididae,Phonorhynchus,,,,2026-08-15,"Gustav, Yander, Kathy Ann",Samoa dunes,Sandy shore and jetties,jetty rocks,hand,,Genus,
CAEU-1456,HUMB-14B,14B,,1,Vorticeros sp. 1,y,y,,eth,Yander L. Diez,2026-08-15,,142262,Vorticeros,Animalia,Platyhelminthes,,Prolecithophora,Plagiostomidae,Vorticeros,,,,2026-08-15,"Gustav, Yander, Kathy Ann",Samoa dunes,Sandy shore and jetties,jetty rocks,hand,,Genus,
CAEU-1457,HUMB-14B,14B,,1,Pogaina sp. 2,y,y,,eth,Yander L. Diez,2026-08-15,,142293,Pogaina,Animalia,Platyhelminthes,,Rhabdocoela,Provorticidae,Pogaina,,,,2026-08-15,"Gustav, Yander, Kathy Ann",Samoa dunes,Sandy shore and jetties,jetty rocks,hand,,Genus,
CAEU-1458,HUMB-14B,14B,,1,Cicerina sp. 4,y,y,,eth,Yander L. Diez,2026-08-15,,142311,Cicerina,Animalia,Platyhelminthes,,Rhabdocoela,Cicerinidae,Cicerina,,,,2026-08-15,"Gustav, Yander, Kathy Ann",Samoa dunes,Sandy shore and jetties,jetty rocks,hand,,Genus,
CAEU-1459,HUMB-14B,14B,,1,Prolecithophora sp. 5,y,y,,eth,Yander L. Diez,2026-08-15,,2854,Prolecithophora,Animalia,Platyhelminthes,,Prolecithophora,,,,,,2026-08-15,"Gustav, Yander, Kathy Ann",Samoa dunes,Sandy shore and jetties,jetty rocks,hand,,Higher,
CAEU-1460,HUMB-14B,14B,,1,Pogaina sp. 2,y,,y,WM,Yander L. Diez,2026-08-15,,142293,Pogaina,Animalia,Platyhelminthes,,Rhabdocoela,Provorticidae,Pogaina,,,,2026-08-15,"Gustav, Yander, Kathy Ann",Samoa dunes,Sandy shore and jetties,jetty rocks,hand,,Genus,
CAEU-1461,HUMB-14E,14E,,1,Carcharodorhynchus sp. 1,y,y,,eth,Yander L. Diez,2026-08-15,,142387,Carcharodorhynchus,Animalia,Platyhelminthes,,Rhabdocoela,Schizorhynchidae,Carcharodorhynchus,,,,2026-08-15,Yander,Samoa dunes,Sandy shore and jetties,coarse sand,MgCl2 extraction,,Genus,
CAEU-1462,HUMB-14E,14E,,1,Carcharodorhynchus sp. 1,y,y,,eth,Yander L. Diez,2026-08-15,,142387,Carcharodorhynchus,Animalia,Platyhelminthes,,Rhabdocoela,Schizorhynchidae,Carcharodorhynchus,,,,2026-08-15,Yander,Samoa dunes,Sandy shore and jetties,coarse sand,MgCl2 extraction,,Genus,
CAEU-1463,HUMB-14E,14E,,1,Solenopharyngidae sp. 3,y,y,,eth,Yander L. Diez,2026-08-15,,142105,Solenopharyngidae,Animalia,Platyhelminthes,,Rhabdocoela,Solenopharyngidae,,,,,2026-08-15,Yander,Samoa dunes,Sandy shore and jetties,coarse sand,MgCl2 extraction,,Family,
CAEU-1464,HUMB-14E,14E,,1,Carcharodorhynchus sp. 3,y,y,,eth,Yander L. Diez,2026-08-15,,142387,Carcharodorhynchus,Animalia,Platyhelminthes,,Rhabdocoela,Schizorhynchidae,Carcharodorhynchus,,,,2026-08-15,Yander,Samoa dunes,Sandy shore and jetties,coarse sand,MgCl2 extraction,,Genus,
CAEU-1465,HUMB-14D,14D,,1,Solenopharyngidae sp. 3,y,y,,eth,Yander L. Diez,2026-08-15,,142105,Solenopharyngidae,Animalia,Platyhelminthes,,Rhabdocoela,Solenopharyngidae,,,,,2026-08-15,Yander,Samoa dunes,Sandy shore and jetties,mid to coarse sand,MgCl2 extraction,,Family,
CAEU-1466,HUMB-14D,14D,,1,Myozonaria sp. 1,y,y,,eth,Yander L. Diez,2026-08-15,,142201,Myozonaria,Animalia,Platyhelminthes,,Dolichomicrostomida,Dolichomacrostomidae,Myozonaria,,,,2026-08-15,Yander,Samoa dunes,Sandy shore and jetties,mid to coarse sand,MgCl2 extraction,,Genus,
CAEU-1467,HUMB-14D,14D,,1,Freddius sp. 1,y,,y,WM,Yander L. Diez,2026-08-15,,1290118,Freddius,Animalia,Platyhelminthes,,Rhabdocoela,Cheliplanidae,Freddius,,,,2026-08-15,Yander,Samoa dunes,Sandy shore and jetties,mid to coarse sand,MgCl2 extraction,,Genus,
CAEU-1468,HUMB-14D,14D,,1,Schizorhynchia sp. 2,y,,y,eth,Yander L. Diez,2026-08-15,,155663,Schizorhynchia,Animalia,Platyhelminthes,,Rhabdocoela,,,,,,2026-08-15,Yander,Samoa dunes,Sandy shore and jetties,mid to coarse sand,MgCl2 extraction,,Higher,
CAEU-1469,HUMB-14D,14D,,1,Microstomum sp. 2,y,y,,eth,Yander L. Diez,2026-08-15,,142210,Microstomum,Animalia,Platyhelminthes,,Dolichomicrostomida,Microstomidae,Microstomum,,,,2026-08-15,Yander,Samoa dunes,Sandy shore and jetties,mid to coarse sand,MgCl2 extraction,,Genus,
CAEU-1470,HUMB-14D,14D,,1,Solenopharyngidae sp. 3,y,,y,WM,Yander L. Diez,2026-08-15,,142105,Solenopharyngidae,Animalia,Platyhelminthes,,Rhabdocoela,Solenopharyngidae,,,,,2026-08-15,Yander,Samoa dunes,Sandy shore and jetties,mid to coarse sand,MgCl2 extraction,,Family,
CAEU-1471,HUMB-21B,21B,,1,Ampithoe lacertosa,,,,,André Giraldi,2026-08-14,,423106,Ampithoe lacertosa,Animalia,Arthropoda,Malacostraca,Amphipoda,Ampithoidae,Ampithoe,,lacertosa,,,,,,,,,Species,
CAEU-1472,HUMB-21B,21B,,1,Cymothoidae,,,,On top of Phyllaplysia taylori,André Giraldi,2026-08-14,,118274,Cymothoidae,Animalia,Arthropoda,Malacostraca,Isopoda,Cymothoidae,,,,,,,,,,,,Family,
CAEU-1473,HUMB-21B,21B,,1,Ampithoidae,,,,,André Giraldi,2026-08-14,,101366,Ampithoidae,Animalia,Arthropoda,Malacostraca,Amphipoda,Ampithoidae,,,,,,,,,,,,Family,
CAEU-1474,HUMB-13,13,,1,Heptacarpus franciscanus,,,,,André Giraldi,2026-08-14,,515248,Heptacarpus franciscanus,Animalia,Arthropoda,Malacostraca,Decapoda,Thoridae,Heptacarpus,,franciscanus,,2026-08-14,,Trinidad floating dock,bait cage,,hand,,Species,
CAEU-1475,HUMB-13,13,,1,Glebocarcinus oregonensis,,,,,André Giraldi,2026-08-14,,440384,Glebocarcinus oregonensis,Animalia,Arthropoda,Malacostraca,Decapoda,Cancridae,Glebocarcinus,,oregonensis,,2026-08-14,,Trinidad floating dock,bait cage,,hand,,Species,
CAEU-1476,HUMB-13,13,,1,Glebocarcinus oregonensis,,,,,André Giraldi,2026-08-14,,440384,Glebocarcinus oregonensis,Animalia,Arthropoda,Malacostraca,Decapoda,Cancridae,Glebocarcinus,,oregonensis,,2026-08-14,,Trinidad floating dock,bait cage,,hand,,Species,
CAEU-1477,HUMB-13,13,,1,Ampithoidae,,,,,André Giraldi,2026-08-14,,101366,Ampithoidae,Animalia,Arthropoda,Malacostraca,Amphipoda,Ampithoidae,,,,,2026-08-14,,Trinidad floating dock,bait cage,,hand,,Family,
CAEU-1478,HUMB-13,13,,1,Heptacarpus,,,,,André Giraldi,2026-08-14,,248339,Heptacarpus,Animalia,Arthropoda,Malacostraca,Decapoda,Thoridae,Heptacarpus,,,,2026-08-14,,Trinidad floating dock,bait cage,,hand,,Genus,
CAEU-1479,HUMB-13,13,,1,Heptacarpus,,,,,André Giraldi,2026-08-14,,248339,Heptacarpus,Animalia,Arthropoda,Malacostraca,Decapoda,Thoridae,Heptacarpus,,,,2026-08-14,,Trinidad floating dock,bait cage,,hand,,Genus,
CAEU-1480,HUMB-13,13,,1,Heptacarpus,,,,,André Giraldi,2026-08-14,,248339,Heptacarpus,Animalia,Arthropoda,Malacostraca,Decapoda,Thoridae,Heptacarpus,,,,2026-08-14,,Trinidad floating dock,bait cage,,hand,,Genus,
CAEU-1481,HUMB-13,13,,1,Amphipoda,,,,,André Giraldi,2026-08-14,,1135,Amphipoda,Animalia,Arthropoda,Malacostraca,Amphipoda,,,,,,2026-08-14,,Trinidad floating dock,bait cage,,hand,,Higher,
CAEU-1482,HUMB-13,13,,1,Amphipod,,,,,André Giraldi,2026-08-14,,1135,Amphipoda,Animalia,Arthropoda,Malacostraca,Amphipoda,,,,,,2026-08-14,,Trinidad floating dock,bait cage,,hand,,Higher,
CAEU-1483,HUMB-13,13,,1,Amphipoda,,,,,André Giraldi,2026-08-14,,1135,Amphipoda,Animalia,Arthropoda,Malacostraca,Amphipoda,,,,,,2026-08-14,,Trinidad floating dock,bait cage,,hand,,Higher,
CAEU-1484,HUMB-13,13,,1,Amphipoda,,,,,André Giraldi,2026-08-14,,1135,Amphipoda,Animalia,Arthropoda,Malacostraca,Amphipoda,,,,,,2026-08-14,,Trinidad floating dock,bait cage,,hand,,Higher,
CAEU-1485,HUMB-13,13,,1,Heptacarpus,,,,,André Giraldi,2026-08-14,,248339,Heptacarpus,Animalia,Arthropoda,Malacostraca,Decapoda,Thoridae,Heptacarpus,,,,2026-08-14,,Trinidad floating dock,bait cage,,hand,,Genus,
CAEU-1486,HUMB-13,13,,1,Heptacarpus,,,,,André Giraldi,2026-08-14,,248339,Heptacarpus,Animalia,Arthropoda,Malacostraca,Decapoda,Thoridae,Heptacarpus,,,,2026-08-14,,Trinidad floating dock,bait cage,,hand,,Genus,
CAEU-1487,HUMB-13,13,,1,Hirudinea,,,,,André Giraldi,2026-08-14,,2041,Hirudinea,Animalia,Annelida,Clitellata,,,,,,,2026-08-14,,Trinidad floating dock,bait cage,,hand,,Higher,
CAEU-1488,HUMB-13,13,,1,Cancridae,,,,,André Giraldi,2026-08-14,,106749,Cancridae,Animalia,Arthropoda,Malacostraca,Decapoda,Cancridae,,,,,2026-08-14,,Trinidad floating dock,bait cage,,hand,,Family,
CAEU-1489,HUMB-13,13,,1,Cancer productus,,,,,André Giraldi,2026-08-14,,440382,Cancer productus,Animalia,Arthropoda,Malacostraca,Decapoda,Cancridae,Cancer,,productus,,2026-08-14,,Trinidad floating dock,bait cage,,hand,,Species,
CAEU-1490,HUMB-13,13,,1,Bivalvia,,,,,André Giraldi,2026-08-14,,105,Bivalvia,Animalia,Mollusca,Bivalvia,,,,,,,2026-08-14,,Trinidad floating dock,bait cage,,hand,,Higher,
CAEU-1491,HUMB-12A,12A,,1,Cryptomya californica,,,,In burrow of Neotrypaea californiensis,André Giraldi,2026-08-14,,397065,Cryptomya californica,Animalia,Mollusca,Bivalvia,Myida,Myidae,Cryptomya,,californica,,2026-08-14,,King salmon,intertidal sand flat,,yabby pumping,,Species,
CAEU-1492,HUMB-12A,12A,,1,Nereidae,,,,,André Giraldi,2026-08-14,,950,Nereidae,Animalia,Annelida,Polychaeta,Phyllodocida,Nereidae,,,,,2026-08-14,,King salmon,intertidal sand flat,,yabby pumping,,Family,
CAEU-1493,HUMB-12A,12A,,1,Pareurythoe californiensis,,,,In burrow of Neotrypaea californiensis,André Giraldi,2026-08-14,,334404,Pareurythoe californica,Animalia,Annelida,Polychaeta,Amphinomida,Amphinomidae,Pareurythoe,,californica,,2026-08-14,,King salmon,intertidal sand flat,,yabby pumping,,Species,
CAEU-1494,HUMB-12A,12A,,1,Cryptomya californica,,,,In burrow of Neotrypaea californiensis,André Giraldi,2026-08-14,,397065,Cryptomya californica,Animalia,Mollusca,Bivalvia,Myida,Myidae,Cryptomya,,californica,,2026-08-14,,King salmon,intertidal sand flat,,yabby pumping,,Species,
CAEU-1495,HUMB-12A,12A,,1,Cryptomya californica,,,,,André Giraldi,2026-08-14,,397065,Cryptomya californica,Animalia,Mollusca,Bivalvia,Myida,Myidae,Cryptomya,,californica,,2026-08-14,,King salmon,intertidal sand flat,,yabby pumping,,Species,
CAEU-1496,HUMB-14B,14B,,1,Pachycheles rudis,,,,,André Giraldi,2026-08-14,,492861,Pachycheles rudis,Animalia,Arthropoda,Malacostraca,Decapoda,Porcellanidae,Pachycheles,,rudis,,2026-08-15,"Gustav, Yander, Kathy Ann",Samoa dunes,Sandy shore and jetties,jetty rocks,hand,,Species,
CAEU-1497,HUMB-14B,14B,,1,pachycheles rudis,,,,,André Giraldi,2026-08-14,,492861,Pachycheles rudis,Animalia,Arthropoda,Malacostraca,Decapoda,Porcellanidae,Pachycheles,,rudis,,2026-08-15,"Gustav, Yander, Kathy Ann",Samoa dunes,Sandy shore and jetties,jetty rocks,hand,,Species,
CAEU-1498,HUMB-14B,14B,,1,Pachycheles rudis,,,,,André Giraldi,2026-08-14,,492861,Pachycheles rudis,Animalia,Arthropoda,Malacostraca,Decapoda,Porcellanidae,Pachycheles,,rudis,,2026-08-15,"Gustav, Yander, Kathy Ann",Samoa dunes,Sandy shore and jetties,jetty rocks,hand,,Species,
CAEU-1499,HUMB-14B,14B,,1,Betaeus setosus,,,,,André Giraldi,2026-08-14,,515050,Betaeus setosus,Animalia,Arthropoda,Malacostraca,Decapoda,Alpheidae,Betaeus,,setosus,,2026-08-15,"Gustav, Yander, Kathy Ann",Samoa dunes,Sandy shore and jetties,jetty rocks,hand,,Species,
CAEU-1500,HUMB-16,16,,1,Scleroplax schmitti,,,,In burrow of Neotrypaea californiensis,André Giraldi,2026-08-14,,1424669,Scleroplax schmitti,Animalia,Arthropoda,Malacostraca,Decapoda,Pinnotheridae,Scleroplax,,schmitti,,2026-08-15,"Andre, Robin, Sadie, Alex",Park Street,sand flat with ghost shrimp burrows,,,,Species,
CAEU-1501,10,10,,bulk,Petrolisthes cinctipes,X,X,/,,Gustav Paulay,2026-08-15,,431841,Petrolisthes cinctipes,Animalia,Arthropoda,Malacostraca,Decapoda,Porcellanidae,Petrolisthes,,cinctipes,,2026-08-14,"Svetlana, Gustav, Soma, Kathy Ann",S of Cape Mendocino,"Rocky shore with boulders and cobbles, some on silty sand, beach in high IT only, tide pools, low IT with urchin barrens",,,,Species,
CAEU-1502,14A,14A,,1,Phoxocephalidae A,/,X,/,voucher,Gustav Paulay,2026-08-15,,101403,Phoxocephalidae,Animalia,Arthropoda,Malacostraca,Amphipoda,Phoxocephalidae,,,,,2026-08-15,Svetlana,Samoa dunes,Sandy shore and jetties,sandy shore,"shovel, hand",,Family,
CAEU-1503,14A,14A,,1,Phoxocephalidae A,/,X,X,DNA only,Gustav Paulay,2026-08-15,,101403,Phoxocephalidae,Animalia,Arthropoda,Malacostraca,Amphipoda,Phoxocephalidae,,,,,2026-08-15,Svetlana,Samoa dunes,Sandy shore and jetties,sandy shore,"shovel, hand",,Family,
CAEU-1504,7,7,,1,Orchestid,/,/,/,,Gustav Paulay,2026-08-15,,101783,Orchestia,Animalia,Arthropoda,Malacostraca,Amphipoda,Talitridae,Orchestia,,,,2026-08-13,"Kathy Ann, Svetlana, John, Soma, Gustav, Yander, Terry, Robin, Siena, Ciara, Isabel, Sadie, Julien",Baker's Beach,"Rocky shore and beach mixed with rocky outcrops, cobble fields, tide pools, kelp and algal cover, low IT with urchin barrens",,"hand, general",,Genus,
CAEU-1505,11,11,,1,Pinnixa littoralis,/,/,/,ex Tresus 1381,Gustav Paulay,2026-08-15,,445046,Pinnixa littoralis,Animalia,Arthropoda,Malacostraca,Decapoda,Pinnotheridae,Pinnixa,,littoralis,,2026-08-14,,King salmon,intertidal sand flat,,,,Species,
CAEU-1506,11,11,,1,Pinnixa littoralis,/,/,/,,Gustav Paulay,2026-08-15,,445046,Pinnixa littoralis,Animalia,Arthropoda,Malacostraca,Decapoda,Pinnotheridae,Pinnixa,,littoralis,,2026-08-14,,King salmon,intertidal sand flat,,,,Species,
CAEU-1507,14B,14B,,1,Scyra acutifrons,/,/,/,,Gustav Paulay,2026-08-15,,441698,Scyra acutifrons,Animalia,Arthropoda,Malacostraca,Decapoda,Epialtidae,Scyra,,acutifrons,,2026-08-15,"Gustav, Yander, Kathy Ann",Samoa dunes,Sandy shore and jetties,jetty rocks,hand,,Species,
CAEU-1508,14B,14B,,1,Crassadoma gigantea,/,/,/,,Gustav Paulay,2026-08-15,,240774,Crassadoma gigantea,Animalia,Mollusca,Bivalvia,Pectinida,Pectinidae,Crassadoma,,gigantea,,2026-08-15,"Gustav, Yander, Kathy Ann",Samoa dunes,Sandy shore and jetties,jetty rocks,hand,,Species,
CAEU-1509,14B,14B,,1,Balanus nubilus,/,/,/,,Gustav Paulay,2026-08-15,,594745,Balanus nubilus,Animalia,Arthropoda,Thecostraca,Balanomorpha,Balanidae,Balanus,,nubilus,,2026-08-15,"Gustav, Yander, Kathy Ann",Samoa dunes,Sandy shore and jetties,jetty rocks,hand,,Species,
CAEU-1510,14B,14B,,bulk,Balanus ? nubilus juv.,/,/,/,,Gustav Paulay,2026-08-15,,594745,Balanus nubilus,Animalia,Arthropoda,Thecostraca,Balanomorpha,Balanidae,Balanus,,nubilus,,2026-08-15,"Gustav, Yander, Kathy Ann",Samoa dunes,Sandy shore and jetties,jetty rocks,hand,,Species,
CAEU-1511,14B,14B,,1,Balanus,/,/,/,,Gustav Paulay,2026-08-15,,106122,Balanus,Animalia,Arthropoda,Thecostraca,Balanomorpha,Balanidae,Balanus,,,,2026-08-15,"Gustav, Yander, Kathy Ann",Samoa dunes,Sandy shore and jetties,jetty rocks,hand,,Genus,
CAEU-1512,14A,14A,,1,Phoxocephalidae,/,,,,Gustav Paulay,2026-08-15,,101403,Phoxocephalidae,Animalia,Arthropoda,Malacostraca,Amphipoda,Phoxocephalidae,,,,,2026-08-15,Svetlana,Samoa dunes,Sandy shore and jetties,sandy shore,"shovel, hand",,Family,
CAEU-1513,14B,14B,,1,"Cucumaria A speckled, odd",/,/,/,UF,Gustav Paulay,2026-08-15,,123479,Cucumaria,Animalia,Echinodermata,Holothuroidea,Dendrochirotida,Cucumariidae,Cucumaria,,,,2026-08-15,"Gustav, Yander, Kathy Ann",Samoa dunes,Sandy shore and jetties,jetty rocks,hand,,Genus,
CAEU-1514,14B,14B,,1,Chelyosoma,/,/,/,,Gustav Paulay,2026-08-15,,103494,Chelyosoma,Animalia,Chordata,Ascidiacea,Phlebobranchia,Corellidae,Chelyosoma,,,,2026-08-15,"Gustav, Yander, Kathy Ann",Samoa dunes,Sandy shore and jetties,jetty rocks,hand,,Genus,
CAEU-1515,14B,14B,,1,Chelyosoma,/,/,/,,Gustav Paulay,2026-08-15,,103494,Chelyosoma,Animalia,Chordata,Ascidiacea,Phlebobranchia,Corellidae,Chelyosoma,,,,2026-08-15,"Gustav, Yander, Kathy Ann",Samoa dunes,Sandy shore and jetties,jetty rocks,hand,,Genus,
CAEU-1516,14B,14B,,1,Chelyosoma,/,/,/,,Gustav Paulay,2026-08-15,,103494,Chelyosoma,Animalia,Chordata,Ascidiacea,Phlebobranchia,Corellidae,Chelyosoma,,,,2026-08-15,"Gustav, Yander, Kathy Ann",Samoa dunes,Sandy shore and jetties,jetty rocks,hand,,Genus,
CAEU-1517,14B,14B,,1,Eupentacta,/,/,/,,Gustav Paulay,2026-08-15,,528610,Eupentacta,Animalia,Echinodermata,Holothuroidea,Dendrochirotida,Sclerodactylidae,Eupentacta,,,,2026-08-15,"Gustav, Yander, Kathy Ann",Samoa dunes,Sandy shore and jetties,jetty rocks,hand,,Genus,
CAEU-1518,14B,14B,,1,Terebratalia transversa,/,/,/,,Gustav Paulay,2026-08-15,,235615,Terebratalia transversa,Animalia,Brachiopoda,Rhynchonellata,Terebratulida,Terebrataliidae,Terebratalia,,transversa,,2026-08-15,"Gustav, Yander, Kathy Ann",Samoa dunes,Sandy shore and jetties,jetty rocks,hand,,Species,
CAEU-1519,14B,14B,,1,Terebratalia transversa,/,/,/,,Gustav Paulay,2026-08-15,,235615,Terebratalia transversa,Animalia,Brachiopoda,Rhynchonellata,Terebratulida,Terebrataliidae,Terebratalia,,transversa,,2026-08-15,"Gustav, Yander, Kathy Ann",Samoa dunes,Sandy shore and jetties,jetty rocks,hand,,Species,
CAEU-1520,14B,14B,,1,Cucumaria miniata,/,/,/,,Gustav Paulay,2026-08-15,,225807,Cucumaria miniata,Animalia,Echinodermata,Holothuroidea,Dendrochirotida,Cucumariidae,Cucumaria,,miniata,,2026-08-15,"Gustav, Yander, Kathy Ann",Samoa dunes,Sandy shore and jetties,jetty rocks,hand,,Species,
CAEU-1521,14B,14B,1513,1,Cucumaria A,/,/,/,UF,Gustav Paulay,2026-08-15,,123479,Cucumaria,Animalia,Echinodermata,Holothuroidea,Dendrochirotida,Cucumariidae,Cucumaria,,,,2026-08-15,"Gustav, Yander, Kathy Ann",Samoa dunes,Sandy shore and jetties,jetty rocks,hand,,Genus,
CAEU-1522,14B,14B,1513,1,Cucumaria A,/,/,/,could be lubrica color variant,Gustav Paulay,2026-08-15,,123479,Cucumaria,Animalia,Echinodermata,Holothuroidea,Dendrochirotida,Cucumariidae,Cucumaria,,,,2026-08-15,"Gustav, Yander, Kathy Ann",Samoa dunes,Sandy shore and jetties,jetty rocks,hand,,Genus,
CAEU-1523,14B,14B,,1,Cucumaria A juv. or lubrica?,/,/,/,,Gustav Paulay,2026-08-15,,123479,Cucumaria,Animalia,Echinodermata,Holothuroidea,Dendrochirotida,Cucumariidae,Cucumaria,,,,2026-08-15,"Gustav, Yander, Kathy Ann",Samoa dunes,Sandy shore and jetties,jetty rocks,hand,,Genus,
CAEU-1524,14B,14B,1523,1,Cucumaria A juv. or lubrica?,/,/,/,,Gustav Paulay,2026-08-15,,123479,Cucumaria,Animalia,Echinodermata,Holothuroidea,Dendrochirotida,Cucumariidae,Cucumaria,,,,2026-08-15,"Gustav, Yander, Kathy Ann",Samoa dunes,Sandy shore and jetties,jetty rocks,hand,,Genus,
CAEU-1525,14B,14B,1523,bulk,Cucumaria A juv. or lubrica?,X,X,/,,Gustav Paulay,2026-08-15,,123479,Cucumaria,Animalia,Echinodermata,Holothuroidea,Dendrochirotida,Cucumariidae,Cucumaria,,,,2026-08-15,"Gustav, Yander, Kathy Ann",Samoa dunes,Sandy shore and jetties,jetty rocks,hand,,Genus,
CAEU-1526,14B,14B,,1,Cucumaria miniata,/,/,/,,Gustav Paulay,2026-08-15,,225807,Cucumaria miniata,Animalia,Echinodermata,Holothuroidea,Dendrochirotida,Cucumariidae,Cucumaria,,miniata,,2026-08-15,"Gustav, Yander, Kathy Ann",Samoa dunes,Sandy shore and jetties,jetty rocks,hand,,Species,
CAEU-1527,14B,14B,,1,Lottiidae Scutellastra - like,/,/,/,UF,Gustav Paulay,2026-08-15,,7173,Lottiidae,Animalia,Mollusca,Gastropoda,Nacellida,Lottiidae,,,,,2026-08-15,"Gustav, Yander, Kathy Ann",Samoa dunes,Sandy shore and jetties,jetty rocks,hand,,Family,
CAEU-1528,14B,14B,,1,Cyclostomata,/,/,/,,Gustav Paulay,2026-08-15,,160487,Cyclostomata,Animalia,Bryozoa,Stenolaemata,Cyclostomata,,,,,,2026-08-15,"Gustav, Yander, Kathy Ann",Samoa dunes,Sandy shore and jetties,jetty rocks,hand,,Higher,
CAEU-1529,14B,14B,,bulk,Petrolisthes cinctipes,/,X,/,,Gustav Paulay,2026-08-15,,431841,Petrolisthes cinctipes,Animalia,Arthropoda,Malacostraca,Decapoda,Porcellanidae,Petrolisthes,,cinctipes,,2026-08-15,"Gustav, Yander, Kathy Ann",Samoa dunes,Sandy shore and jetties,jetty rocks,hand,,Species,
CAEU-1530,14B,14B,,bulk,Pachycheles rudis,X,X,/,,Gustav Paulay,2026-08-15,,492861,Pachycheles rudis,Animalia,Arthropoda,Malacostraca,Decapoda,Porcellanidae,Pachycheles,,rudis,,2026-08-15,"Gustav, Yander, Kathy Ann",Samoa dunes,Sandy shore and jetties,jetty rocks,hand,,Species,
CAEU-1531,14A,14A,,3,Callianax biplicata,,,,bulk,Slapcinsky,2026-08-15,,1424883,Callianax biplicata,Animalia,Mollusca,Gastropoda,Neogastropoda,Olividae,Callianax,,biplicata,,2026-08-15,Svetlana,Samoa dunes,Sandy shore and jetties,sandy shore,"shovel, hand",,Species,
CAEU-1532,14A,14A,,2,Callianax pycna,,,,striped smaller bulk,Slapcinsky,2026-08-15,,1674302,Callianax pycna,Animalia,Mollusca,Gastropoda,Neogastropoda,Olividae,Callianax,,pycna,,2026-08-15,Svetlana,Samoa dunes,Sandy shore and jetties,sandy shore,"shovel, hand",,Species,
CAEU-1533,16,16,,1,Nassarius mendicus,,,,,Slapcinsky,2026-08-15,,560256,Nassarius mendicus,Animalia,Mollusca,Gastropoda,Neogastropoda,Nassariidae,Nassarius,,mendicus,,2026-08-15,"Andre, Robin, Sadie, Alex",Park Street,sand flat with ghost shrimp burrows,,,,Species,
CAEU-1534,16,16,,1,Nassarius mendicus,,,,,Slapcinsky,2026-08-15,,560256,Nassarius mendicus,Animalia,Mollusca,Gastropoda,Neogastropoda,Nassariidae,Nassarius,,mendicus,,2026-08-15,"Andre, Robin, Sadie, Alex",Park Street,sand flat with ghost shrimp burrows,,,,Species,
CAEU-1535,16,16,,1,Nucella lamellosa,,,,,Slapcinsky,2026-08-15,,404218,Nucella lamellosa,Animalia,Mollusca,Gastropoda,Neogastropoda,Muricidae,Nucella,,lamellosa,,2026-08-15,"Andre, Robin, Sadie, Alex",Park Street,sand flat with ghost shrimp burrows,,,,Species,
CAEU-1536,14B,14B,,1,Nucella lamellosa,,,,,Slapcinsky,2026-08-15,,404218,Nucella lamellosa,Animalia,Mollusca,Gastropoda,Neogastropoda,Muricidae,Nucella,,lamellosa,,2026-08-15,"Gustav, Yander, Kathy Ann",Samoa dunes,Sandy shore and jetties,jetty rocks,hand,,Species,
CAEU-1537,15,15,,1,Siliqua patula,,,,,Slapcinsky,2026-08-15,,536684,Siliqua patula,Animalia,Mollusca,Bivalvia,Adapedonta,Pharidae,Siliqua,,patula,,2026-08-15,"Greg, Dakota",Samoa boat ramp,Zostera bed and rocks,,hand,,Species,
CAEU-1538,14F,14F,,1,Hyalina arctica,,,,,Slapcinsky,2026-08-15,,1365671,Hyalina arctica,Animalia,Mollusca,Gastropoda,Stylommatophora,Vitrinidae,Hyalina,,arctica,,2026-08-15,Gustav,Samoa dunes,Sandy shore and jetties,Watersipora colonies,scrape & sweat,,Species,
CAEU-1539,14B,14B,,6,Nucella lamellosa,,,,bulk,Slapcinsky,2026-08-15,,404218,Nucella lamellosa,Animalia,Mollusca,Gastropoda,Neogastropoda,Muricidae,Nucella,,lamellosa,,2026-08-15,"Gustav, Yander, Kathy Ann",Samoa dunes,Sandy shore and jetties,jetty rocks,hand,,Species,
CAEU-1540,14B,14B,,24,Amphissa,,,,bulk,Slapcinsky,2026-08-15,,137801,Amphissa,Animalia,Mollusca,Gastropoda,Neogastropoda,Columbellidae,Amphissa,,,,2026-08-15,"Gustav, Yander, Kathy Ann",Samoa dunes,Sandy shore and jetties,jetty rocks,hand,,Genus,
CAEU-1541,14B,14B,,6,Ceratostoma foliata,,,,bulk,Slapcinsky,2026-08-15,,240767,Ceratostoma foliatum,Animalia,Mollusca,Gastropoda,Neogastropoda,Muricidae,Ceratostoma,,foliatum,,2026-08-15,"Gustav, Yander, Kathy Ann",Samoa dunes,Sandy shore and jetties,jetty rocks,hand,,Species,
CAEU-1542,14B,14B,,2,Nucella ostrina,,,,,Slapcinsky,2026-08-15,,404225,Nucella ostrina,Animalia,Mollusca,Gastropoda,Neogastropoda,Muricidae,Nucella,,ostrina,,2026-08-15,"Gustav, Yander, Kathy Ann",Samoa dunes,Sandy shore and jetties,jetty rocks,hand,,Species,
CAEU-1543,14B,14B,,2,Calliostoma ligatum,,,,,Slapcinsky,2026-08-15,,580412,Calliostoma ligatum,Animalia,Mollusca,Gastropoda,Trochida,Calliostomatidae,Calliostoma,,ligatum,,2026-08-15,"Gustav, Yander, Kathy Ann",Samoa dunes,Sandy shore and jetties,jetty rocks,hand,,Species,
CAEU-1544,14F,14F,,1,Corophiidae,,,,,Slapcinsky,2026-08-15,,101376,Corophiidae,Animalia,Arthropoda,Malacostraca,Amphipoda,Corophiidae,,,,,2026-08-15,Gustav,Samoa dunes,Sandy shore and jetties,Watersipora colonies,scrape & sweat,,Family,
CAEU-1545,19,19,,1,Myosotella myosotis,,,,,Slapcinsky,2026-08-15,,139673,Myosotella myosotis,Animalia,Mollusca,Gastropoda,Ellobiida,Ellobiidae,Myosotella,,myosotis,,2026-08-16,"John, Alex",Mar River Slough,salt marsh and mud flat,,hand,,Species,
CAEU-1546,19,19,,1,Myosotella myosotis,,,,,Slapcinsky,2026-08-15,,139673,Myosotella myosotis,Animalia,Mollusca,Gastropoda,Ellobiida,Ellobiidae,Myosotella,,myosotis,,2026-08-16,"John, Alex",Mar River Slough,salt marsh and mud flat,,hand,,Species,
CAEU-1547,19,19,,1,Myosotella myosotis,,,,,Slapcinsky,2026-08-15,,139673,Myosotella myosotis,Animalia,Mollusca,Gastropoda,Ellobiida,Ellobiidae,Myosotella,,myosotis,,2026-08-16,"John, Alex",Mar River Slough,salt marsh and mud flat,,hand,,Species,
CAEU-1548,19,19,,32,Myosotella myosotis,,,,,Slapcinsky,2026-08-15,,139673,Myosotella myosotis,Animalia,Mollusca,Gastropoda,Ellobiida,Ellobiidae,Myosotella,,myosotis,,2026-08-16,"John, Alex",Mar River Slough,salt marsh and mud flat,,hand,,Species,
CAEU-1549,19,19,,1,Venerupis philippinarum,,,,,Slapcinsky,2026-08-15,,1870322,Venerupis philippinarum,Animalia,Mollusca,Bivalvia,Venerida,Veneridae,Venerupis,,philippinarum,,2026-08-16,"John, Alex",Mar River Slough,salt marsh and mud flat,,hand,,Species,
CAEU-1550,19,19,,1,Venerupis philippinarum,,,,,Slapcinsky,2026-08-15,,1870322,Venerupis philippinarum,Animalia,Mollusca,Bivalvia,Venerida,Veneridae,Venerupis,,philippinarum,,2026-08-16,"John, Alex",Mar River Slough,salt marsh and mud flat,,hand,,Species,
CAEU-1551,19,19,,1,Ostreidae,,,,,Slapcinsky,2026-08-15,,215,Ostreidae,Animalia,Mollusca,Bivalvia,Ostreida,Ostreidae,,,,,2026-08-16,"John, Alex",Mar River Slough,salt marsh and mud flat,,hand,,Family,
CAEU-1552,,,,,,,,,,Slapcinsky,2026-08-15,,,,,,,,,,,,,,,,,,,,,
CAEU-1553,,,,,,,,,,Slapcinsky,2026-08-15,,,,,,,,,,,,,,,,,,,,,
CAEU-1554,,,,,,,,,,Slapcinsky,2026-08-15,,,,,,,,,,,,,,,,,,,,,
CAEU-1555,,,,,,,,,,Slapcinsky,2026-08-15,,,,,,,,,,,,,,,,,,,,,
CAEU-1556,,,,,,,,,,Slapcinsky,2026-08-15,,,,,,,,,,,,,,,,,,,,,
CAEU-1557,,,,,,,,,,Slapcinsky,2026-08-15,,,,,,,,,,,,,,,,,,,,,
CAEU-1558,,,,,,,,,,Slapcinsky,2026-08-15,,,,,,,,,,,,,,,,,,,,,
CAEU-1559,,,,,,,,,,Slapcinsky,2026-08-15,,,,,,,,,,,,,,,,,,,,,
CAEU-1560,,,,,,,,,,Slapcinsky,2026-08-15,,,,,,,,,,,,,,,,,,,,,
CAEU-1561,HUMB 14B,14B,,8,Diaphorodoris lirulatocauda,Y,Y,Y,to CAS,Gosliner/Agarwal,2026-08-15,,581691,Diaphorodoris lirulatocauda,Animalia,Mollusca,Gastropoda,Doridida,Calycidorididae,Diaphorodoris,,lirulatocauda,,2026-08-15,"Gustav, Yander, Kathy Ann",Samoa dunes,Sandy shore and jetties,jetty rocks,hand,,Species,
CAEU-1562,HUMB 14B,14B,,1,Rostanga sp.,Y,Y,Y,opaque white spots to CAS HIGH PRIORITY,Gosliner/Agarwal,2026-08-15,,138461,Rostanga,Animalia,Mollusca,Gastropoda,Doridida,Discodorididae,Rostanga,,,,2026-08-15,"Gustav, Yander, Kathy Ann",Samoa dunes,Sandy shore and jetties,jetty rocks,hand,,Genus,
CAEU-1563,HUMB 14B,14B,,1,Acanthodoris rhodocera,Y,Y,Y,to CAS,Gosliner/Agarwal,2026-08-15,,535687,Acanthodoris rhodoceras,Animalia,Mollusca,Gastropoda,Doridida,Acanthodorididae,Acanthodoris,,rhodoceras,,2026-08-15,"Gustav, Yander, Kathy Ann",Samoa dunes,Sandy shore and jetties,jetty rocks,hand,,Species,
CAEU-1564,HUMB 14B,14B,,1,Onchidoris bilamellata,Y,Y,Y,to CAS,Gosliner/Agarwal,2026-08-15,,150457,Onchidoris bilamellata,Animalia,Mollusca,Gastropoda,Doridida,Onchidorididae,Onchidoris,,bilamellata,,2026-08-15,"Gustav, Yander, Kathy Ann",Samoa dunes,Sandy shore and jetties,jetty rocks,hand,,Species,
CAEU-1565,HUMB 14B,14B,,2,Atalodoris jannae,Y,Y,Y,to CAS,Gosliner/Agarwal,2026-08-15,,1565340,Atalodoris jannae,Animalia,Mollusca,Gastropoda,Doridida,Onchidorididae,Atalodoris,,jannae,,2026-08-15,"Gustav, Yander, Kathy Ann",Samoa dunes,Sandy shore and jetties,jetty rocks,hand,,Species,
CAEU-1566,HUMB 14B,14B,,8,Triopha maculata,Y,Y,Y,to CAS,Gosliner/Agarwal,2026-08-15,,531262,Triopha maculata,Animalia,Mollusca,Gastropoda,Doridida,Polyceridae,Triopha,,maculata,,2026-08-15,"Gustav, Yander, Kathy Ann",Samoa dunes,Sandy shore and jetties,jetty rocks,hand,,Species,
CAEU-1567,HUMB 14B,14B,,1,Doris montereyensis,Y,Y,Y,to CAS,Gosliner/Agarwal,2026-08-15,,581816,Doris montereyensis,Animalia,Mollusca,Gastropoda,Doridida,Dorididae,Doris,,montereyensis,,2026-08-15,"Gustav, Yander, Kathy Ann",Samoa dunes,Sandy shore and jetties,jetty rocks,hand,,Species,
CAEU-1568,HUMB 14B,14B,,1,Flabellinopsis iodinea,Y,Y,Y,to CAS HIGH PRIORITY,Gosliner/Agarwal,2026-08-15,,1047483,Flabellinopsis iodinea,Animalia,Mollusca,Gastropoda,Nudibranchia,Flabellinopsidae,Flabellinopsis,,iodinea,,2026-08-15,"Gustav, Yander, Kathy Ann",Samoa dunes,Sandy shore and jetties,jetty rocks,hand,,Species,
CAEU-1569,HUMB 14B,14B,,1,Diaulula odonoghuei,Y,Y,Y,to CAS,Gosliner/Agarwal,2026-08-15,,890436,Diaulula odonoghuei,Animalia,Mollusca,Gastropoda,Doridida,Discodorididae,Diaulula,,odonoghuei,,2026-08-15,"Gustav, Yander, Kathy Ann",Samoa dunes,Sandy shore and jetties,jetty rocks,hand,,Species,
CAEU-1570,HUMB 14B,14B,,1,Acanthodoris nanaimoensis,Y,Y,Y,to CAS,Gosliner/Agarwal,2026-08-15,,535685,Acanthodoris nanaimoensis,Animalia,Mollusca,Gastropoda,Doridida,Acanthodorididae,Acanthodoris,,nanaimoensis,,2026-08-15,"Gustav, Yander, Kathy Ann",Samoa dunes,Sandy shore and jetties,jetty rocks,hand,,Species,
CAEU-1571,HUMB 14B,14B,,1,Triopha catalinae,Y,Y,Y,to CAS,Gosliner/Agarwal,2026-08-15,,531258,Triopha catalinae,Animalia,Mollusca,Gastropoda,Doridida,Polyceridae,Triopha,,catalinae,,2026-08-15,"Gustav, Yander, Kathy Ann",Samoa dunes,Sandy shore and jetties,jetty rocks,hand,,Species,
CAEU-1572,HUMB 14B,14B,,3,Hermissenda opalescens,Y,Y,Y,to CAS,Gosliner/Agarwal,2026-08-15,,877759,Hermissenda opalescens,Animalia,Mollusca,Gastropoda,Nudibranchia,Myrrhinidae,Hermissenda,,opalescens,,2026-08-15,"Gustav, Yander, Kathy Ann",Samoa dunes,Sandy shore and jetties,jetty rocks,hand,,Species,
CAEU-1573,HUMB 14B,14B,,1,Doris montereyensis,Y,Y,Y,to CAS,Gosliner/Agarwal,2026-08-15,,581816,Doris montereyensis,Animalia,Mollusca,Gastropoda,Doridida,Dorididae,Doris,,montereyensis,,2026-08-15,"Gustav, Yander, Kathy Ann",Samoa dunes,Sandy shore and jetties,jetty rocks,hand,,Species,
CAEU-1574,HUMB 15,15,,1,Aeolidia papillosa,Y,Y,Y,to CAS,Gosliner/Agarwal,2026-08-15,,138709,Aeolidia papillosa,Animalia,Mollusca,Gastropoda,Nudibranchia,Aeolidiidae,Aeolidia,,papillosa,,2026-08-15,"Greg, Dakota",Samoa boat ramp,Zostera bed and rocks,,hand,,Species,
CAEU-1575,,,,,,,,,,,,,,,,,,,,,,,,,,,,,,,,
CAEU-1576,HUMB 14B,14B,,1,"Coryphella sp. ""Brenna""",Y,Y,Y,to CAS Directly - HIGH PRIORITY,Gosliner/Agarwal,2026-08-15,,138018,Coryphella,Animalia,Mollusca,Gastropoda,Nudibranchia,Flabellinidae,Coryphella,,,,2026-08-15,"Gustav, Yander, Kathy Ann",Samoa dunes,Sandy shore and jetties,jetty rocks,hand,,Genus,
CAEU-1577,,,,,,,,,,,,,,,,,,,,,,,,,,,,,,,,
CAEU-1578,HUMB 15,15,,1,Acanthodoris lutea,Y,Y,Y,to CAS,Gosliner/Agarwal,2026-08-15,,535686,Acanthodoris lutea,Animalia,Mollusca,Gastropoda,Doridida,Acanthodorididae,Acanthodoris,,lutea,,2026-08-15,"Greg, Dakota",Samoa boat ramp,Zostera bed and rocks,,hand,,Species,
CAEU-1579,HUMB 14B,14B,,1,Onchidoris bilamellata,Y,Y,Y,to CAS,Gosliner/Agarwal,2026-08-15,,150457,Onchidoris bilamellata,Animalia,Mollusca,Gastropoda,Doridida,Onchidorididae,Onchidoris,,bilamellata,,2026-08-15,"Gustav, Yander, Kathy Ann",Samoa dunes,Sandy shore and jetties,jetty rocks,hand,,Species,
CAEU-1580,HUMB 14B,14B,,1,Diaulula sandiegensis,Y,Y,Y,to CAS,Gosliner/Agarwal,2026-08-15,,536817,Diaulula sandiegensis,Animalia,Mollusca,Gastropoda,Doridida,Discodorididae,Diaulula,,sandiegensis,,2026-08-15,"Gustav, Yander, Kathy Ann",Samoa dunes,Sandy shore and jetties,jetty rocks,hand,,Species,
CAEU-1581,HUMB 14B,14B,,1,Hermissenda opalescens,Y,Y,Y,to CAS,Gosliner/Agarwal,2026-08-15,,877759,Hermissenda opalescens,Animalia,Mollusca,Gastropoda,Nudibranchia,Myrrhinidae,Hermissenda,,opalescens,,2026-08-15,"Gustav, Yander, Kathy Ann",Samoa dunes,Sandy shore and jetties,jetty rocks,hand,,Species,
CAEU-1582,HUMB 14B,14B,,2,Hermissenda opalescens,N,Y,Y,to CAS,Gosliner/Agarwal,2026-08-15,,877759,Hermissenda opalescens,Animalia,Mollusca,Gastropoda,Nudibranchia,Myrrhinidae,Hermissenda,,opalescens,,2026-08-15,"Gustav, Yander, Kathy Ann",Samoa dunes,Sandy shore and jetties,jetty rocks,hand,,Species,
CAEU-1583,HUMB 14B,14B,,1,Hermissenda crassicornis,N,,,to CAS,Gosliner/Agarwal,2026-08-15,,367883,Hermissenda crassicornis,Animalia,Mollusca,Gastropoda,Nudibranchia,Myrrhinidae,Hermissenda,,crassicornis,,2026-08-15,"Gustav, Yander, Kathy Ann",Samoa dunes,Sandy shore and jetties,jetty rocks,hand,,Species,
CAEU-1584,HUMB 16,16,,2,Cuthona rolleri,Y,Y,Y,to CAS Directly - HIGH PRIORITY,Gosliner/Agarwal,2026-08-15,,581886,Cuthona rolleri,Animalia,Mollusca,Gastropoda,Nudibranchia,Cuthonidae,Cuthona,,rolleri,,2026-08-15,"Andre, Robin, Sadie, Alex",Park Street,sand flat with ghost shrimp burrows,,,,Species,
CAEU-1585,HUMB 17A,17A,,1,Dialula sandiegensis,Y,Y,Y,,Gosliner/Agarwal,2026-08-15,,536817,Diaulula sandiegensis,Animalia,Mollusca,Gastropoda,Doridida,Discodorididae,Diaulula,,sandiegensis,,2026-08-16,"Greg, Dakota",Woodley Marina,docks,clean (East),scrapings,,Species,
CAEU-1586,HUMB 17A,17A,,1,Geitodoris heathi,Y,Y,Y,,Gosliner/Agarwal,2026-08-15,,579047,Geitodoris heathi,Animalia,Mollusca,Gastropoda,Doridida,Discodorididae,Geitodoris,,heathi,,2026-08-16,"Greg, Dakota",Woodley Marina,docks,clean (East),scrapings,,Species,
CAEU-1587,HUMB 17A,17A,,1,Dirona picta,Y,Y,Y,,Gosliner/Agarwal,2026-08-15,,558927,Dirona picta,Animalia,Mollusca,Gastropoda,Nudibranchia,Dironidae,Dirona,,picta,,2026-08-16,"Greg, Dakota",Woodley Marina,docks,clean (East),scrapings,,Species,
CAEU-1588,HUMB 22,22,,1,Ancula pacifica,Y,Y,Y,,Gosliner/Agarwal,2026-08-15,,581643,Ancula pacifica,Animalia,Mollusca,Gastropoda,Doridida,Goniodorididae,Ancula,,pacifica,,2026-08-16,"Sean, Robin, Isabel, Terry",Eureka Marina near Wharfinger building,docks,,hand,,Species,
CAEU-1589,HUMB 14G,14G,,1,Hermissenda opalescens,Y,Y,N,To CAS - whole animal for molecular,Gosliner/Agarwal,2026-08-15,,877759,Hermissenda opalescens,Animalia,Mollusca,Gastropoda,Nudibranchia,Myrrhinidae,Hermissenda,,opalescens,,,,,,,,,Species,
CAEU-1590,HUMB 22,22,,3,Tenellia albocrusta,Y,Y,Y,,Gosliner/Agarwal,2026-08-15,,986813,Tenellia albocrusta,Animalia,Mollusca,Gastropoda,Nudibranchia,Trinchesiidae,Tenellia,,albocrusta,,2026-08-16,"Sean, Robin, Isabel, Terry",Eureka Marina near Wharfinger building,docks,,hand,,Species,
CAEU-1591,14A,14A,-,1,Cerebratulus sp. BOBA008?,✓,✓,✓,BOBA008? anterior end + pb. reddish,Svetlana Maslakova,2026-08-15,,122348,Cerebratulus,Animalia,Nemertea,Pilidiophora,Heteronemertea,Lineidae,Cerebratulus,,,,2026-08-15,Svetlana,Samoa dunes,Sandy shore and jetties,sandy shore,"shovel, hand",,Genus,
CAEU-1592,14B,14B,-,1,Zygonemertes sp.,✓,✓,✓,no stylet photo,Svetlana Maslakova,2026-08-15,,122400,Zygonemertes,Animalia,Nemertea,Hoplonemertea,Monostilifera,Zygonemertidae,Zygonemertes,,,,2026-08-15,"Gustav, Yander, Kathy Ann",Samoa dunes,Sandy shore and jetties,jetty rocks,hand,,Genus,
CAEU-1593,14A,14A,-,1,Maculaura sp.,✓,✓ cryo2,✓,very long & slender,Svetlana Maslakova,2026-08-15,,894171,Maculaura,Animalia,Nemertea,Pilidiophora,Heteronemertea,Lineidae,Maculaura,,,,2026-08-15,Svetlana,Samoa dunes,Sandy shore and jetties,sandy shore,"shovel, hand",,Genus,
CAEU-1594,14A,14A,-,1,Carinoma sp,✓,✓,✓,mutabile-like,Svetlana Maslakova,2026-08-15,,122378,Carinoma,Animalia,Nemertea,Palaeonemertea,Carinomiformes,Carinomidae,Carinoma,,,,2026-08-15,Svetlana,Samoa dunes,Sandy shore and jetties,sandy shore,"shovel, hand",,Genus,
CAEU-1595,14A,14A,-,1,Carinoma sp,✓,✓,✓,mutabile-like,Svetlana Maslakova,2026-08-15,,122378,Carinoma,Animalia,Nemertea,Palaeonemertea,Carinomiformes,Carinomidae,Carinoma,,,,2026-08-15,Svetlana,Samoa dunes,Sandy shore and jetties,sandy shore,"shovel, hand",,Genus,
CAEU-1596,14B,14B,-,1,Micrura wilsoni,✓,✓,✓,largest spec. so far,Svetlana Maslakova,2026-08-15,,155917,Micrura wilsoni,Animalia,Nemertea,Pilidiophora,Heteronemertea,Lineidae,Micrura,,wilsoni,,2026-08-15,"Gustav, Yander, Kathy Ann",Samoa dunes,Sandy shore and jetties,jetty rocks,hand,,Species,
CAEU-1597,14A,14A,-,1,Cerebratulus sp. 1 (nov.),✓,✓,✓,"slender, pointed head, rounded red foregut, tan to rest orangeish",Svetlana Maslakova,2026-08-15,,122348,Cerebratulus,Animalia,Nemertea,Pilidiophora,Heteronemertea,Lineidae,Cerebratulus,,,,2026-08-15,Svetlana,Samoa dunes,Sandy shore and jetties,sandy shore,"shovel, hand",,Genus,
CAEU-1598,14A,14A,-,1,Cerebratulus sp. 1 (nov.),✓,✓,✓,,Svetlana Maslakova,2026-08-15,,122348,Cerebratulus,Animalia,Nemertea,Pilidiophora,Heteronemertea,Lineidae,Cerebratulus,,,,2026-08-15,Svetlana,Samoa dunes,Sandy shore and jetties,sandy shore,"shovel, hand",,Genus,
CAEU-1599,14A,14A,-,1,Cerebratulus sp. 1 (nov.),✓,✓,✓,,Svetlana Maslakova,2026-08-15,,122348,Cerebratulus,Animalia,Nemertea,Pilidiophora,Heteronemertea,Lineidae,Cerebratulus,,,,2026-08-15,Svetlana,Samoa dunes,Sandy shore and jetties,sandy shore,"shovel, hand",,Genus,
CAEU-1600,14A,14A,-,1,Cerebratulus sp. 1 (nov.),✓,—,—,disintegrated o/night :(,Svetlana Maslakova,2026-08-15,,122348,Cerebratulus,Animalia,Nemertea,Pilidiophora,Heteronemertea,Lineidae,Cerebratulus,,,,2026-08-15,Svetlana,Samoa dunes,Sandy shore and jetties,sandy shore,"shovel, hand",,Genus,
CAEU-1601,14A,14A,-,1,Cerebratulus sp. 1 (nov.),✓,✓,✓,,Svetlana Maslakova,2026-08-15,,122348,Cerebratulus,Animalia,Nemertea,Pilidiophora,Heteronemertea,Lineidae,Cerebratulus,,,,2026-08-15,Svetlana,Samoa dunes,Sandy shore and jetties,sandy shore,"shovel, hand",,Genus,
CAEU-1602,14A,14A,-,1,Cerebratulus sp. BOBA008?,✓,✓,✓,,Svetlana Maslakova,2026-08-15,,122348,Cerebratulus,Animalia,Nemertea,Pilidiophora,Heteronemertea,Lineidae,Cerebratulus,,,,2026-08-15,Svetlana,Samoa dunes,Sandy shore and jetties,sandy shore,"shovel, hand",,Genus,
CAEU-1603,14A,14A,-,1,Cerebratulus sp. 1,✓,✓,✓,,Svetlana Maslakova,2026-08-15,,122348,Cerebratulus,Animalia,Nemertea,Pilidiophora,Heteronemertea,Lineidae,Cerebratulus,,,,2026-08-15,Svetlana,Samoa dunes,Sandy shore and jetties,sandy shore,"shovel, hand",,Genus,
CAEU-1604,14A,14A,-,1,Cerebratulus sp. 1,✓,✓,✓,,Svetlana Maslakova,2026-08-15,,122348,Cerebratulus,Animalia,Nemertea,Pilidiophora,Heteronemertea,Lineidae,Cerebratulus,,,,2026-08-15,Svetlana,Samoa dunes,Sandy shore and jetties,sandy shore,"shovel, hand",,Genus,
CAEU-1605,14A,14A,-,1,Cerebratulus sp. 1,✓,✓,✓,bulk,Svetlana Maslakova,2026-08-15,,122348,Cerebratulus,Animalia,Nemertea,Pilidiophora,Heteronemertea,Lineidae,Cerebratulus,,,,2026-08-15,Svetlana,Samoa dunes,Sandy shore and jetties,sandy shore,"shovel, hand",,Genus,
CAEU-1606,14A,14A,-,1,Cerebratulus sp. 1,—,—,✓,bulk,Svetlana Maslakova,2026-08-15,,122348,Cerebratulus,Animalia,Nemertea,Pilidiophora,Heteronemertea,Lineidae,Cerebratulus,,,,2026-08-15,Svetlana,Samoa dunes,Sandy shore and jetties,sandy shore,"shovel, hand",,Genus,
CAEU-1607,14A,14A,-,1,Cerebratulus sp. 1,—,—,✓,bulk,Svetlana Maslakova,2026-08-15,,122348,Cerebratulus,Animalia,Nemertea,Pilidiophora,Heteronemertea,Lineidae,Cerebratulus,,,,2026-08-15,Svetlana,Samoa dunes,Sandy shore and jetties,sandy shore,"shovel, hand",,Genus,
CAEU-1608,14A,14A,-,1,Cerebratulus sp. 1,—,—,✓,bulk,Svetlana Maslakova,2026-08-15,,122348,Cerebratulus,Animalia,Nemertea,Pilidiophora,Heteronemertea,Lineidae,Cerebratulus,,,,2026-08-15,Svetlana,Samoa dunes,Sandy shore and jetties,sandy shore,"shovel, hand",,Genus,
CAEU-1609,15,15,-,1,Cerebratulus sp. BOBA008?,✓,✓ cryo2,✓,,Svetlana Maslakova,2026-08-15,,122348,Cerebratulus,Animalia,Nemertea,Pilidiophora,Heteronemertea,Lineidae,Cerebratulus,,,,2026-08-15,"Greg, Dakota",Samoa boat ramp,Zostera bed and rocks,,hand,,Genus,
CAEU-1610,20,20,-,1,Maculaura oregonensis?,✓,✓,✓,mud-associated,Svetlana Maslakova,2026-08-15,,894176,Maculaura oregonensis,Animalia,Nemertea,Pilidiophora,Heteronemertea,Lineidae,Maculaura,,oregonensis,,2026-08-16,"Svetlana, Gustav","Samoa Bridge, Samoa side",mud flat,,shovel,,Species,
CAEU-1611,20,20,-,1,Zygonemertes sp.,✓,✓,✓,"mud-associated, no stylet photo",Svetlana Maslakova,2026-08-15,,122400,Zygonemertes,Animalia,Nemertea,Hoplonemertea,Monostilifera,Zygonemertidae,Zygonemertes,,,,2026-08-16,"Svetlana, Gustav","Samoa Bridge, Samoa side",mud flat,,shovel,,Genus,
CAEU-1612,20,20,-,1,Zygonemertes sp.,✓,✓,—,mud-associated headless,Svetlana Maslakova,2026-08-15,,122400,Zygonemertes,Animalia,Nemertea,Hoplonemertea,Monostilifera,Zygonemertidae,Zygonemertes,,,,2026-08-16,"Svetlana, Gustav","Samoa Bridge, Samoa side",mud flat,,shovel,,Genus,
CAEU-1613,20,20,-,1,Paranemertes sp.,✓,✓,✓,mud-associated; stylet photo,Svetlana Maslakova,2026-08-15,,122406,Paranemertes,Animalia,Nemertea,Hoplonemertea,Monostilifera,Neesiidae,Paranemertes,,,,2026-08-16,"Svetlana, Gustav","Samoa Bridge, Samoa side",mud flat,,shovel,,Genus,
CAEU-1614,20,20,-,1,Paranemertes sp.,✓,✓,✓,"mud-associated; no stylet, head photos",Svetlana Maslakova,2026-08-15,,122406,Paranemertes,Animalia,Nemertea,Hoplonemertea,Monostilifera,Neesiidae,Paranemertes,,,,2026-08-16,"Svetlana, Gustav","Samoa Bridge, Samoa side",mud flat,,shovel,,Genus,
CAEU-1615,20,20,-,1,Paranemertes sp.,✓,✓,✓,"mud-associated; no stylet, head photos",Svetlana Maslakova,2026-08-15,,122406,Paranemertes,Animalia,Nemertea,Hoplonemertea,Monostilifera,Neesiidae,Paranemertes,,,,2026-08-16,"Svetlana, Gustav","Samoa Bridge, Samoa side",mud flat,,shovel,,Genus,
CAEU-1616,20,20,-,1,Paranemertes sp.,✓,✓,✓,"mud-associated; no stylet, head photos",Svetlana Maslakova,2026-08-15,,122406,Paranemertes,Animalia,Nemertea,Hoplonemertea,Monostilifera,Neesiidae,Paranemertes,,,,2026-08-16,"Svetlana, Gustav","Samoa Bridge, Samoa side",mud flat,,shovel,,Genus,
CAEU-1617,20,20,-,1,Paranemertes sp.,✓,✓,✓,"mud-associated; no stylet, head photos",Svetlana Maslakova,2026-08-15,,122406,Paranemertes,Animalia,Nemertea,Hoplonemertea,Monostilifera,Neesiidae,Paranemertes,,,,2026-08-16,"Svetlana, Gustav","Samoa Bridge, Samoa side",mud flat,,shovel,,Genus,
CAEU-1618,20,20,-,1,Paranemertes sp.,✓,✓,✓,mud-associated; stylet photo,Svetlana Maslakova,2026-08-15,,122406,Paranemertes,Animalia,Nemertea,Hoplonemertea,Monostilifera,Neesiidae,Paranemertes,,,,2026-08-16,"Svetlana, Gustav","Samoa Bridge, Samoa side",mud flat,,shovel,,Genus,
CAEU-1619,20,20,-,1,Paranemertes sp.,✓,✓,✓,"mud-associated; no stylet, head photos",Svetlana Maslakova,2026-08-15,,122406,Paranemertes,Animalia,Nemertea,Hoplonemertea,Monostilifera,Neesiidae,Paranemertes,,,,2026-08-16,"Svetlana, Gustav","Samoa Bridge, Samoa side",mud flat,,shovel,,Genus,
CAEU-1620,20,20,-,1,Paranemertes sp.,✓,✓,✓,mud-associated; stylet photo,Svetlana Maslakova,2026-08-15,,122406,Paranemertes,Animalia,Nemertea,Hoplonemertea,Monostilifera,Neesiidae,Paranemertes,,,,2026-08-16,"Svetlana, Gustav","Samoa Bridge, Samoa side",mud flat,,shovel,,Genus,
CAEU-1621,HUMB-16,16,,1,Clevelandia ios,,,,In burrow of Neotrypaea californiensis,André Giraldi,2026-08-15,,280215,Clevelandia ios,Animalia,Chordata,Teleostei,Gobiiformes,Gobiidae,Clevelandia,,ios,,2026-08-15,"Andre, Robin, Sadie, Alex",Park Street,sand flat with ghost shrimp burrows,,,,Species,
CAEU-1622,HUMB-16,16,,1,Clevelandia ios,,,,In burrow of Neotrypaea californiensis,André Giraldi,2026-08-15,,280215,Clevelandia ios,Animalia,Chordata,Teleostei,Gobiiformes,Gobiidae,Clevelandia,,ios,,2026-08-15,"Andre, Robin, Sadie, Alex",Park Street,sand flat with ghost shrimp burrows,,,,Species,
CAEU-1623,HUMB-16,16,,1,Haustoriidae,,,,In burrow of Neotrypaea californiensis,André Giraldi,2026-08-15,,101384,Haustoriidae,Animalia,Arthropoda,Malacostraca,Amphipoda,Haustoriidae,,,,,2026-08-15,"Andre, Robin, Sadie, Alex",Park Street,sand flat with ghost shrimp burrows,,,,Family,
CAEU-1624,HUMB-16,16,,1,Phoxocephalidae,,,,In burrow of Neotrypaea californiensis,André Giraldi,2026-08-15,,101403,Phoxocephalidae,Animalia,Arthropoda,Malacostraca,Amphipoda,Phoxocephalidae,,,,,2026-08-15,"Andre, Robin, Sadie, Alex",Park Street,sand flat with ghost shrimp burrows,,,,Family,
CAEU-1625,HUMB-14B,14B,,1,pachycheles rudis,,,,In burrow of Neotrypaea californiensis,André Giraldi,2026-08-15,,492861,Pachycheles rudis,Animalia,Arthropoda,Malacostraca,Decapoda,Porcellanidae,Pachycheles,,rudis,,2026-08-15,"Gustav, Yander, Kathy Ann",Samoa dunes,Sandy shore and jetties,jetty rocks,hand,,Species,
CAEU-1626,HUMB-16,16,,1,Macoma nasuta,,,,,André Giraldi,2026-08-15,,582761,Macoma nasuta,Animalia,Mollusca,Bivalvia,Cardiida,Tellinidae,Macoma,,nasuta,,2026-08-15,"Andre, Robin, Sadie, Alex",Park Street,sand flat with ghost shrimp burrows,,,,Species,
CAEU-1627,HUMB-16,16,,1,Macoma nasuta,,,,,André Giraldi,2026-08-15,,582761,Macoma nasuta,Animalia,Mollusca,Bivalvia,Cardiida,Tellinidae,Macoma,,nasuta,,2026-08-15,"Andre, Robin, Sadie, Alex",Park Street,sand flat with ghost shrimp burrows,,,,Species,
CAEU-1628,HUMB-11,11,,1,Clinocardium nuttalli,,,,,André Giraldi,2026-08-15,,381980,Clinocardium nuttallii,Animalia,Mollusca,Bivalvia,Cardiida,Cardiidae,Clinocardium,,nuttallii,,2026-08-14,,King salmon,intertidal sand flat,,,,Species,
CAEU-1629,HUMB-11,11,,1,Saxidomus,,,,André Giraldi has photos of full siphon,André Giraldi,2026-08-15,,367777,Saxidomus,Animalia,Mollusca,Bivalvia,Venerida,Veneridae,Saxidomus,,,,2026-08-14,,King salmon,intertidal sand flat,,,,Genus,
CAEU-1630,HUMB-14,14,,1,Tunicata,,,,In burrow of Neotrypaea californiensis,André Giraldi,2026-08-15,,146420,Tunicata,Animalia,Chordata,,,,,,,,2026-08-15,"Svetlana, Gustav, Yander, Kathy Ann",Samoa dunes,Sandy shore and jetties,,,,Higher,
CAEU-1631,HUMB-14,14,,1,Tunicata,,,,In burrow of Neotrypaea californiensis,André Giraldi,2026-08-15,,146420,Tunicata,Animalia,Chordata,,,,,,,,2026-08-15,"Svetlana, Gustav, Yander, Kathy Ann",Samoa dunes,Sandy shore and jetties,,,,Higher,
CAEU-1632,HUMB-16,16,,1,Rhamphidonta retifera,,,,In burrow of Neotrypaea californiensis,André Giraldi,2026-08-15,,582734,Rhamphidonta retifera,Animalia,Mollusca,Bivalvia,Galeommatida,Lasaeidae,Rhamphidonta,,retifera,,2026-08-15,"Andre, Robin, Sadie, Alex",Park Street,sand flat with ghost shrimp burrows,,,,Species,
CAEU-1633,HUMB-16,16,,1,Rhamphidonta retifera,,,,In burrow of Neotrypaea californiensis,André Giraldi,2026-08-15,,582734,Rhamphidonta retifera,Animalia,Mollusca,Bivalvia,Galeommatida,Lasaeidae,Rhamphidonta,,retifera,,2026-08-15,"Andre, Robin, Sadie, Alex",Park Street,sand flat with ghost shrimp burrows,,,,Species,
CAEU-1634,HUMB-16,16,,1,Rhamphidonta retifera,,,,In burrow of Neotrypaea californiensis,André Giraldi,2026-08-15,,582734,Rhamphidonta retifera,Animalia,Mollusca,Bivalvia,Galeommatida,Lasaeidae,Rhamphidonta,,retifera,,2026-08-15,"Andre, Robin, Sadie, Alex",Park Street,sand flat with ghost shrimp burrows,,,,Species,
CAEU-1635,HUMB-16,16,,1,Rhamphidonta retifera,,,,In burrow of Neotrypaea californiensis,André Giraldi,2026-08-15,,582734,Rhamphidonta retifera,Animalia,Mollusca,Bivalvia,Galeommatida,Lasaeidae,Rhamphidonta,,retifera,,2026-08-15,"Andre, Robin, Sadie, Alex",Park Street,sand flat with ghost shrimp burrows,,,,Species,
CAEU-1636,HUMB-16,16,,1,Cryptomya californica,,,,In burrow of Neotrypaea californiensis,André Giraldi,2026-08-15,,397065,Cryptomya californica,Animalia,Mollusca,Bivalvia,Myida,Myidae,Cryptomya,,californica,,2026-08-15,"Andre, Robin, Sadie, Alex",Park Street,sand flat with ghost shrimp burrows,,,,Species,
CAEU-1637,HUMB-16,16,,1,Cryptomya californica,,,,In burrow of Neotrypaea californiensis,André Giraldi,2026-08-15,,397065,Cryptomya californica,Animalia,Mollusca,Bivalvia,Myida,Myidae,Cryptomya,,californica,,2026-08-15,"Andre, Robin, Sadie, Alex",Park Street,sand flat with ghost shrimp burrows,,,,Species,
CAEU-1638,HUMB-16,16,,1,Siliqua patula,,,,lost,André Giraldi,2026-08-15,,536684,Siliqua patula,Animalia,Mollusca,Bivalvia,Adapedonta,Pharidae,Siliqua,,patula,,2026-08-15,"Andre, Robin, Sadie, Alex",Park Street,sand flat with ghost shrimp burrows,,,,Species,
CAEU-1639,HUMB-14B,14B,,1,Acotylea,,,,,André Giraldi,2026-08-15,,479182,Acotylea,Animalia,Platyhelminthes,,Polycladida,,,,,,2026-08-15,"Gustav, Yander, Kathy Ann",Samoa dunes,Sandy shore and jetties,jetty rocks,hand,,Higher,
CAEU-1640,HUMB-14B,14B,,1,Acotylea,,,,,André Giraldi,2026-08-15,,479182,Acotylea,Animalia,Platyhelminthes,,Polycladida,,,,,,2026-08-15,"Gustav, Yander, Kathy Ann",Samoa dunes,Sandy shore and jetties,jetty rocks,hand,,Higher,
CAEU-1641,HUMB-16,16,,1,Octopus rubescens,,,,,André Giraldi,2026-08-15,,342023,Octopus rubescens,Animalia,Mollusca,Cephalopoda,Octopoda,Octopodidae,Octopus,,rubescens,,2026-08-15,"Andre, Robin, Sadie, Alex",Park Street,sand flat with ghost shrimp burrows,,,,Species,
CAEU-1642,HUMB-16,16,,1,Phyllaplysia taylori,,,,,André Giraldi,2026-08-15,,568034,Phyllaplysia taylori,Animalia,Mollusca,Gastropoda,Aplysiida,Aplysiidae,Phyllaplysia,,taylori,,2026-08-15,"Andre, Robin, Sadie, Alex",Park Street,sand flat with ghost shrimp burrows,,,,Species,
CAEU-1643,HUMB-14B,14B,,1,Acotylea,,,,,André Giraldi,2026-08-15,,479182,Acotylea,Animalia,Platyhelminthes,,Polycladida,,,,,,2026-08-15,"Gustav, Yander, Kathy Ann",Samoa dunes,Sandy shore and jetties,jetty rocks,hand,,Higher,
CAEU-1644,HUMB-14B,14B,,1,Pyura haustor,,,,,André Giraldi,2026-08-15,,251266,Pyura haustor,Animalia,Chordata,Ascidiacea,Stolidobranchia,Pyuridae,Pyura,,haustor,,2026-08-15,"Gustav, Yander, Kathy Ann",Samoa dunes,Sandy shore and jetties,jetty rocks,hand,,Species,
CAEU-1645,HUMB-14B,14B,,1,Pyura haustor,,,,,André Giraldi,2026-08-15,,251266,Pyura haustor,Animalia,Chordata,Ascidiacea,Stolidobranchia,Pyuridae,Pyura,,haustor,,2026-08-15,"Gustav, Yander, Kathy Ann",Samoa dunes,Sandy shore and jetties,jetty rocks,hand,,Species,
CAEU-1646,HUMB-14B,14B,,1,Cheilostomatida,,,,,André Giraldi,2026-08-15,,110722,Cheilostomatida,Animalia,Bryozoa,Gymnolaemata,Cheilostomatida,,,,,,2026-08-15,"Gustav, Yander, Kathy Ann",Samoa dunes,Sandy shore and jetties,jetty rocks,hand,,Higher,
CAEU-1647,HUMB-14B,14B,,1,Ampithoe,,,,,André Giraldi,2026-08-15,,101459,Ampithoe,Animalia,Arthropoda,Malacostraca,Amphipoda,Ampithoidae,Ampithoe,,,,2026-08-15,"Gustav, Yander, Kathy Ann",Samoa dunes,Sandy shore and jetties,jetty rocks,hand,,Genus,
CAEU-1648,HUMB-14B,14B,,1,Anthopleura elegantissima,,,,,André Giraldi,2026-08-15,,283347,Anthopleura elegantissima,Animalia,Cnidaria,Hexacorallia,Actiniaria,Actiniidae,Anthopleura,,elegantissima,,2026-08-15,"Gustav, Yander, Kathy Ann",Samoa dunes,Sandy shore and jetties,jetty rocks,hand,,Species,
CAEU-1649,HUMB-14B,14B,CAEU-1509,1,Porcellanidae,,,,Inside barnacle,André Giraldi,2026-08-15,,106734,Porcellanidae,Animalia,Arthropoda,Malacostraca,Decapoda,Porcellanidae,,,,,2026-08-15,"Gustav, Yander, Kathy Ann",Samoa dunes,Sandy shore and jetties,jetty rocks,hand,,Family,
CAEU-1650,HUMB-14B,14B,CAEU-1509,1,Amphipoda,,,,Inside barnacle,André Giraldi,2026-08-15,,1135,Amphipoda,Animalia,Arthropoda,Malacostraca,Amphipoda,,,,,,2026-08-15,"Gustav, Yander, Kathy Ann",Samoa dunes,Sandy shore and jetties,jetty rocks,hand,,Higher,
CAEU-1651,14A,14A,,3,Spiochaetopterus Pottsi,Y,Y,Y,"cryo 2mL, E 2mL, Form. 15 mL + tube!",Dakota Berz / Greg Rouse,2026-08-15,,129233,Spiochaetopterus,Animalia,Annelida,Polychaeta,,Chaetopteridae,Spiochaetopterus,,,,2026-08-15,Svetlana,Samoa dunes,Sandy shore and jetties,sandy shore,"shovel, hand",,Genus,
CAEU-1652,14A,14A,CAEU-1651,,Spiochaetopterus Pottsi,N,Y,Y,F/E,Dakota Berz / Greg Rouse,2026-08-15,,129233,Spiochaetopterus,Animalia,Annelida,Polychaeta,,Chaetopteridae,Spiochaetopterus,,,,2026-08-15,Svetlana,Samoa dunes,Sandy shore and jetties,sandy shore,"shovel, hand",,Genus,
CAEU-1653,14A,14A,CAEU-1651,,Spiochaetopterus Pottsi,N,Y,Y,F/E,Dakota Berz / Greg Rouse,2026-08-15,,129233,Spiochaetopterus,Animalia,Annelida,Polychaeta,,Chaetopteridae,Spiochaetopterus,,,,2026-08-15,Svetlana,Samoa dunes,Sandy shore and jetties,sandy shore,"shovel, hand",,Genus,
CAEU-1654,14A,14A,,,Pista Pacifica,Y,Y,Y,F/E,Dakota Berz / Greg Rouse,2026-08-15,,330775,Pista pacifica,Animalia,Annelida,Polychaeta,Terebellida,Terebellidae,Pista,,pacifica,,2026-08-15,Svetlana,Samoa dunes,Sandy shore and jetties,sandy shore,"shovel, hand",,Species,
CAEU-1655,14B,14B,,,Halosydna sp. 'orange',Y,Y,Y,"mid 2mL E, cryo, rest 2mL F",Dakota Berz / Greg Rouse,2026-08-15,,152404,Halosydna,Animalia,Annelida,Polychaeta,Phyllodocida,Polynoidae,Halosydna,,,,2026-08-15,"Gustav, Yander, Kathy Ann",Samoa dunes,Sandy shore and jetties,jetty rocks,hand,,Genus,
CAEU-1656,14B,14B,CAEU-1655,,Halosydna sp. 'orange',N,Y,Y,"mid 2mL E, rest 2mL F",Dakota Berz / Greg Rouse,2026-08-15,,152404,Halosydna,Animalia,Annelida,Polychaeta,Phyllodocida,Polynoidae,Halosydna,,,,2026-08-15,"Gustav, Yander, Kathy Ann",Samoa dunes,Sandy shore and jetties,jetty rocks,hand,,Genus,
CAEU-1657,14B,14B,CAEU-1655,,Halosydna sp. 'orange',N,Y,Y,F/E,Dakota Berz / Greg Rouse,2026-08-15,,152404,Halosydna,Animalia,Annelida,Polychaeta,Phyllodocida,Polynoidae,Halosydna,,,,2026-08-15,"Gustav, Yander, Kathy Ann",Samoa dunes,Sandy shore and jetties,jetty rocks,hand,,Genus,
CAEU-1658,14B,14B,,,Polynoidae sp. 'Pink',Y,Y,Y,"mid 2mL E, cryo rest 2mL F",Dakota Berz / Greg Rouse,2026-08-15,,939,Polynoidae,Animalia,Annelida,Polychaeta,Phyllodocida,Polynoidae,,,,,2026-08-15,"Gustav, Yander, Kathy Ann",Samoa dunes,Sandy shore and jetties,jetty rocks,hand,,Family,
CAEU-1659,14B,14B,CAEU-1658,,Polynoidae sp. 'Pink',N,Y,Y,F/E,Dakota Berz / Greg Rouse,2026-08-15,,939,Polynoidae,Animalia,Annelida,Polychaeta,Phyllodocida,Polynoidae,,,,,2026-08-15,"Gustav, Yander, Kathy Ann",Samoa dunes,Sandy shore and jetties,jetty rocks,hand,,Family,
CAEU-1660,16,16,,,Pista sp.,Y,Y,Y,"2mL E, rest F, + cryo",Dakota Berz / Greg Rouse,2026-08-15,,129708,Pista,Animalia,Annelida,Polychaeta,Terebellida,Terebellidae,Pista,,,,2026-08-15,"Andre, Robin, Sadie, Alex",Park Street,sand flat with ghost shrimp burrows,,,,Genus,
CAEU-1661,14B,14B,,3,Phascolosoma agassizii,Y,Y,Y,"2mL E, cryo, rest 2mL F",Dakota Berz / Greg Rouse,2026-08-15,,266496,Phascolosoma (Phascolosoma) agassizii,Animalia,Annelida,,Sipuncula,Phascolosomatidae,Phascolosoma,Phascolosoma,agassizii,,2026-08-15,"Gustav, Yander, Kathy Ann",Samoa dunes,Sandy shore and jetties,jetty rocks,hand,,Species,
CAEU-1662,14B,14B,,,Themiste sp.,Y,Y,Y,"2mL E, cryo, rest 15 mL F",Dakota Berz / Greg Rouse,2026-08-15,,264942,Themiste,Animalia,Annelida,,Sipuncula,Golfingiidae,Themiste,,,,2026-08-15,"Gustav, Yander, Kathy Ann",Samoa dunes,Sandy shore and jetties,jetty rocks,hand,,Genus,
CAEU-1663,14B,14B,CAEU-1661,,Phascolosoma agassizii,N,Y,Y,whole 2mL E,Dakota Berz / Greg Rouse,2026-08-15,,266496,Phascolosoma (Phascolosoma) agassizii,Animalia,Annelida,,Sipuncula,Phascolosomatidae,Phascolosoma,Phascolosoma,agassizii,,2026-08-15,"Gustav, Yander, Kathy Ann",Samoa dunes,Sandy shore and jetties,jetty rocks,hand,,Species,
CAEU-1664,14B,14B,CAEU-1661,,Phascolosoma agassizii,N,Y,Y,whole 2mL E,Dakota Berz / Greg Rouse,2026-08-15,,266496,Phascolosoma (Phascolosoma) agassizii,Animalia,Annelida,,Sipuncula,Phascolosomatidae,Phascolosoma,Phascolosoma,agassizii,,2026-08-15,"Gustav, Yander, Kathy Ann",Samoa dunes,Sandy shore and jetties,jetty rocks,hand,,Species,
CAEU-1665,17B,17B,,1,Mytilus californianus?,Y,Y,Y,cryo 2mL / E 2mL Valves saved,Dakota Berz / Greg Rouse,2026-08-15,,367837,Mytilus californianus,Animalia,Mollusca,Bivalvia,Mytilida,Mytilidae,Mytilus,,californianus,,2026-08-16,"Greg, Dakota",Woodley Marina,docks,muddy (West),scrapings,,Species,
CAEU-1666,17B,17B,,1,Harmothoe sp.,Y,Y,Y,"cryo 2mL / E, rest F 2mL",Dakota Berz / Greg Rouse,2026-08-15,,129491,Harmothoe,Animalia,Annelida,Polychaeta,Phyllodocida,Polynoidae,Harmothoe,,,,2026-08-16,"Greg, Dakota",Woodley Marina,docks,muddy (West),scrapings,,Genus,
CAEU-1667,17B,17B,CAEU-1666,1,Harmothoe sp.,N,Y,Y,F/E,Dakota Berz / Greg Rouse,2026-08-15,,129491,Harmothoe,Animalia,Annelida,Polychaeta,Phyllodocida,Polynoidae,Harmothoe,,,,2026-08-16,"Greg, Dakota",Woodley Marina,docks,muddy (West),scrapings,,Genus,
CAEU-1668,17B,17B,CAEU-1666,1,Harmothoe sp.,N,Y,Y,F/E,Dakota Berz / Greg Rouse,2026-08-15,,129491,Harmothoe,Animalia,Annelida,Polychaeta,Phyllodocida,Polynoidae,Harmothoe,,,,2026-08-16,"Greg, Dakota",Woodley Marina,docks,muddy (West),scrapings,,Genus,
CAEU-1669,17A,17A,,1,Halosydna sp.,Y,Y,Y,"2mL E mid, rest 2mL F",Dakota Berz / Greg Rouse,2026-08-15,,152404,Halosydna,Animalia,Annelida,Polychaeta,Phyllodocida,Polynoidae,Halosydna,,,,2026-08-16,"Greg, Dakota",Woodley Marina,docks,clean (East),scrapings,,Genus,
CAEU-1670,17A,17A,CAEU-1669,1,Halosydna sp.,N,Y,Y,"2mL E mid, cryo.",Dakota Berz / Greg Rouse,2026-08-15,,152404,Halosydna,Animalia,Annelida,Polychaeta,Phyllodocida,Polynoidae,Halosydna,,,,2026-08-16,"Greg, Dakota",Woodley Marina,docks,clean (East),scrapings,,Genus,
CAEU-1671,21,21,,1,Onuphis elegans,Y,Y,Y,"mid 2mL F, cryo, rest 15ml F",Dakota Berz / Greg Rouse,2026-08-15,,334273,Onuphis elegans,Animalia,Annelida,Polychaeta,Eunicida,Onuphidae,Onuphis,,elegans,,2026-08-16,"Svetlana, Gustav",Park Street,sand flat with Zostera,,hand,,Species,
CAEU-1672,22,22,,1,Scoletoma erecta?,Y,Y,Y,"mid 2mL E, cryo, rest 15 ml F",Dakota Berz / Greg Rouse,2026-08-15,,1673564,Scoletoma erecta,Animalia,Annelida,Polychaeta,Eunicida,Lumbrineridae,Scoletoma,,erecta,,2026-08-16,"Sean, Robin, Isabel, Terry",Eureka Marina near Wharfinger building,docks,,hand,,Species,
CAEU-1673,22,22,CAEU-1672,1,Scoletoma erecta?,N,Y,Y,"mid 2mL E, rest 15 ml F",Dakota Berz / Greg Rouse,2026-08-15,,1673564,Scoletoma erecta,Animalia,Annelida,Polychaeta,Eunicida,Lumbrineridae,Scoletoma,,erecta,,2026-08-16,"Sean, Robin, Isabel, Terry",Eureka Marina near Wharfinger building,docks,,hand,,Species,
CAEU-1674,20,20,,1,Notomastus sp.,Y,Y,Y,"mid 2mL E, cryo, rest 2mL F",Dakota Berz / Greg Rouse,2026-08-15,,129220,Notomastus,Animalia,Annelida,Polychaeta,,Capitellidae,Notomastus,,,,2026-08-16,"Svetlana, Gustav","Samoa Bridge, Samoa side",mud flat,,shovel,,Genus,
CAEU-1675,22,22,,1,Myxicola sp. '8 thorax seg.?',Y,Y,Y,"mid 2mL E, cryo, rest 15ml F",Dakota Berz / Greg Rouse,2026-08-15,,129537,Myxicola,Animalia,Annelida,Polychaeta,Sabellida,Sabellidae,Myxicola,,,,2026-08-16,"Sean, Robin, Isabel, Terry",Eureka Marina near Wharfinger building,docks,,hand,,Genus,
CAEU-1676,20,20,,1,Myxicola sp,N,Y,Y,"mid 2mL E, rest 15ml F",Dakota Berz / Greg Rouse,2026-08-15,,129537,Myxicola,Animalia,Annelida,Polychaeta,Sabellida,Sabellidae,Myxicola,,,,2026-08-16,"Svetlana, Gustav","Samoa Bridge, Samoa side",mud flat,,shovel,,Genus,
CAEU-1677,,,,,,,,,,,,,,,,,,,,,,,,,,,,,,,,
CAEU-1678,,,,,,,,,,,,,,,,,,,,,,,,,,,,,,,,
CAEU-1679,,,,,,,,,,,,,,,,,,,,,,,,,,,,,,,,
CAEU-1680,,,,,,,,,,,,,,,,,,,,,,,,,,,,,,,,
CAEU-1681,HUMB-14D,14D,,1,Schizorhynchidae sp. 2,y,,y,WM,Yander L. Diez,2026-08-16,,142101,Schizorhynchidae,Animalia,Platyhelminthes,,Rhabdocoela,Schizorhynchidae,,,,,2026-08-15,Yander,Samoa dunes,Sandy shore and jetties,mid to coarse sand,MgCl2 extraction,,Family,
CAEU-1682,HUMB-14D,14D,,1,Microstomum sp. 2,y,y,,eth,Yander L. Diez,2026-08-16,,142210,Microstomum,Animalia,Platyhelminthes,,Dolichomicrostomida,Microstomidae,Microstomum,,,,2026-08-15,Yander,Samoa dunes,Sandy shore and jetties,mid to coarse sand,MgCl2 extraction,,Genus,
CAEU-1683,HUMB-14D,14D,,1,Microstomum sp. 2,y,y,,"eth, feeding on copepode",Yander L. Diez,2026-08-16,,142210,Microstomum,Animalia,Platyhelminthes,,Dolichomicrostomida,Microstomidae,Microstomum,,,,2026-08-15,Yander,Samoa dunes,Sandy shore and jetties,mid to coarse sand,MgCl2 extraction,,Genus,
CAEU-1684,HUMB-14D,14D,,1,Solenopharyngidae sp. 3,y,y,,eth,Yander L. Diez,2026-08-16,,142105,Solenopharyngidae,Animalia,Platyhelminthes,,Rhabdocoela,Solenopharyngidae,,,,,2026-08-15,Yander,Samoa dunes,Sandy shore and jetties,mid to coarse sand,MgCl2 extraction,,Family,
CAEU-1685,HUMB-14D,14D,,1,Proseriata sp. 6,y,,y,WM,Yander L. Diez,2026-08-16,,142027,Proseriata,Animalia,Platyhelminthes,,Proseriata,,,,,,2026-08-15,Yander,Samoa dunes,Sandy shore and jetties,mid to coarse sand,MgCl2 extraction,,Higher,
CAEU-1686,HUMB-14D,14D,,1,Proseriata sp. 6,y,y,,eth,Yander L. Diez,2026-08-16,,142027,Proseriata,Animalia,Platyhelminthes,,Proseriata,,,,,,2026-08-15,Yander,Samoa dunes,Sandy shore and jetties,mid to coarse sand,MgCl2 extraction,,Higher,
CAEU-1687,HUMB-14D,14D,,1,Protodrilus sp. 1,y,y,,eth,Yander L. Diez,2026-08-16,,129514,Protodrilus,Animalia,Annelida,Polychaeta,,Protodrilidae,Protodrilus,,,,2026-08-15,Yander,Samoa dunes,Sandy shore and jetties,mid to coarse sand,MgCl2 extraction,,Genus,
CAEU-1688,HUMB-14D,14D,,1,Proseriata sp. 6,y,,y,WM,Yander L. Diez,2026-08-16,,142027,Proseriata,Animalia,Platyhelminthes,,Proseriata,,,,,,2026-08-15,Yander,Samoa dunes,Sandy shore and jetties,mid to coarse sand,MgCl2 extraction,,Higher,
CAEU-1689,HUMB-14D,14D,,1,Protodrilus sp. 1,y,y,,eth,Yander L. Diez,2026-08-16,,129514,Protodrilus,Animalia,Annelida,Polychaeta,,Protodrilidae,Protodrilus,,,,2026-08-15,Yander,Samoa dunes,Sandy shore and jetties,mid to coarse sand,MgCl2 extraction,,Genus,
CAEU-1690,HUMB-14D,14D,,1,Protodrilus sp. 1,y,y,,eth,Yander L. Diez,2026-08-16,,129514,Protodrilus,Animalia,Annelida,Polychaeta,,Protodrilidae,Protodrilus,,,,2026-08-15,Yander,Samoa dunes,Sandy shore and jetties,mid to coarse sand,MgCl2 extraction,,Genus,
CAEU-1691,HUMB-14D,14D,,1,Solenopharyngidae sp. 3,y,,y,Bouin-histology,Yander L. Diez,2026-08-16,,142105,Solenopharyngidae,Animalia,Platyhelminthes,,Rhabdocoela,Solenopharyngidae,,,,,2026-08-15,Yander,Samoa dunes,Sandy shore and jetties,mid to coarse sand,MgCl2 extraction,,Family,
CAEU-1692,HUMB-14D,14D,,1,Myozonaria sp. 1,y,,y,WM,Yander L. Diez,2026-08-16,,142201,Myozonaria,Animalia,Platyhelminthes,,Dolichomicrostomida,Dolichomacrostomidae,Myozonaria,,,,2026-08-15,Yander,Samoa dunes,Sandy shore and jetties,mid to coarse sand,MgCl2 extraction,,Genus,
CAEU-1693,HUMB-14D,14D,,14,Protodrilus sp. 1,,,y,formaline - morphology,Yander L. Diez,2026-08-16,,129514,Protodrilus,Animalia,Annelida,Polychaeta,,Protodrilidae,Protodrilus,,,,2026-08-15,Yander,Samoa dunes,Sandy shore and jetties,mid to coarse sand,MgCl2 extraction,,Genus,
CAEU-1694,HUMB-14D,14D,,1,Acoela sp. 2,y,y,,eth,Yander L. Diez,2026-08-16,,2847,Acoela,Animalia,Xenacoelomorpha,,Acoela,,,,,,2026-08-15,Yander,Samoa dunes,Sandy shore and jetties,mid to coarse sand,MgCl2 extraction,,Higher,
CAEU-1695,HUMB-14D,14D,,1,Acoela sp. 2,y,y,,eth,Yander L. Diez,2026-08-16,,2847,Acoela,Animalia,Xenacoelomorpha,,Acoela,,,,,,2026-08-15,Yander,Samoa dunes,Sandy shore and jetties,mid to coarse sand,MgCl2 extraction,,Higher,
CAEU-1696,HUMB-14D,14D,,1,Acoela sp. 2,y,y,,eth,Yander L. Diez,2026-08-16,,2847,Acoela,Animalia,Xenacoelomorpha,,Acoela,,,,,,2026-08-15,Yander,Samoa dunes,Sandy shore and jetties,mid to coarse sand,MgCl2 extraction,,Higher,
CAEU-1697,HUMB-14D,14D,,20+,Acoela sp. 2,,,y,Bouin-histology,Yander L. Diez,2026-08-16,,2847,Acoela,Animalia,Xenacoelomorpha,,Acoela,,,,,,2026-08-15,Yander,Samoa dunes,Sandy shore and jetties,mid to coarse sand,MgCl2 extraction,,Higher,
CAEU-1698,HUMB-14C,14C,,1,Pogaina sp. 3,y,,y,WM,Yander L. Diez,2026-08-16,,142293,Pogaina,Animalia,Platyhelminthes,,Rhabdocoela,Provorticidae,Pogaina,,,,2026-08-15,Yander,Samoa dunes,Sandy shore and jetties,mid to coarse sand,MgCl2 extraction,,Genus,
CAEU-1699,HUMB-14C,14C,,1,Freddius sp. 1,y,,y,WM,Yander L. Diez,2026-08-16,,1290118,Freddius,Animalia,Platyhelminthes,,Rhabdocoela,Cheliplanidae,Freddius,,,,2026-08-15,Yander,Samoa dunes,Sandy shore and jetties,mid to coarse sand,MgCl2 extraction,,Genus,
CAEU-1700,HUMB-14C,14C,,1,Freddius sp. 1,y,y,,eth,Yander L. Diez,2026-08-16,,1290118,Freddius,Animalia,Platyhelminthes,,Rhabdocoela,Cheliplanidae,Freddius,,,,2026-08-15,Yander,Samoa dunes,Sandy shore and jetties,mid to coarse sand,MgCl2 extraction,,Genus,
CAEU-1701,HUMB-14C,14C,,1,Freddius sp. 1,y,y,,eth,Yander L. Diez,2026-08-16,,1290118,Freddius,Animalia,Platyhelminthes,,Rhabdocoela,Cheliplanidae,Freddius,,,,2026-08-15,Yander,Samoa dunes,Sandy shore and jetties,mid to coarse sand,MgCl2 extraction,,Genus,
CAEU-1702,HUMB-14C,14C,,1,Freddius sp. 1,y,,y,WM,Yander L. Diez,2026-08-16,,1290118,Freddius,Animalia,Platyhelminthes,,Rhabdocoela,Cheliplanidae,Freddius,,,,2026-08-15,Yander,Samoa dunes,Sandy shore and jetties,mid to coarse sand,MgCl2 extraction,,Genus,
CAEU-1703,HUMB-14C,14C,,1,Freddius sp. 1,y,y,,eth,Yander L. Diez,2026-08-16,,1290118,Freddius,Animalia,Platyhelminthes,,Rhabdocoela,Cheliplanidae,Freddius,,,,2026-08-15,Yander,Samoa dunes,Sandy shore and jetties,mid to coarse sand,MgCl2 extraction,,Genus,
CAEU-1704,HUMB-14C,14C,,1,Freddius sp. 1,y,y,,eth,Yander L. Diez,2026-08-16,,1290118,Freddius,Animalia,Platyhelminthes,,Rhabdocoela,Cheliplanidae,Freddius,,,,2026-08-15,Yander,Samoa dunes,Sandy shore and jetties,mid to coarse sand,MgCl2 extraction,,Genus,
CAEU-1705,HUMB-14C,14C,,1,Freddius sp. 1,y,,y,WM,Yander L. Diez,2026-08-16,,1290118,Freddius,Animalia,Platyhelminthes,,Rhabdocoela,Cheliplanidae,Freddius,,,,2026-08-15,Yander,Samoa dunes,Sandy shore and jetties,mid to coarse sand,MgCl2 extraction,,Genus,
CAEU-1706,HUMB-14D,14D,,1,Coelogynoporidae sp. 2,y,y,y,"WM+eth, cut in half.",Yander L. Diez,2026-08-16,,142108,Coelogynoporidae,Animalia,Platyhelminthes,,Proseriata,Coelogynoporidae,,,,,2026-08-15,Yander,Samoa dunes,Sandy shore and jetties,mid to coarse sand,MgCl2 extraction,,Family,
CAEU-1707,,,,,,,,,,,,,,,,,,,,,,,,,,,,,,,,
CAEU-1708,,,,,,,,,,,,,,,,,,,,,,,,,,,,,,,,
CAEU-1709,,,,,,,,,,,,,,,,,,,,,,,,,,,,,,,,
CAEU-1710,,,,,,,,,,,,,,,,,,,,,,,,,,,,,,,,
CAEU-1711,14B,14B,CASD-1519,1,Cheilostomatida,/,/,/,ON 1519 (brachiopod) well w/ both labels,Ciara McKim,2026-08-15,,110722,Cheilostomatida,Animalia,Bryozoa,Gymnolaemata,Cheilostomatida,,,,,,2026-08-15,"Gustav, Yander, Kathy Ann",Samoa dunes,Sandy shore and jetties,jetty rocks,hand,,Higher,
CAEU-1712,14B,14B,,1,Betaeus setosus,/,/,/,,Ciara McKim,2026-08-15,,515050,Betaeus setosus,Animalia,Arthropoda,Malacostraca,Decapoda,Alpheidae,Betaeus,,setosus,,2026-08-15,"Gustav, Yander, Kathy Ann",Samoa dunes,Sandy shore and jetties,jetty rocks,hand,,Species,
CAEU-1713,14B,14B,,1,Scyra acutifrons,/,/,/,,Ciara McKim,2026-08-15,,441698,Scyra acutifrons,Animalia,Arthropoda,Malacostraca,Decapoda,Epialtidae,Scyra,,acutifrons,,2026-08-15,"Gustav, Yander, Kathy Ann",Samoa dunes,Sandy shore and jetties,jetty rocks,hand,,Species,
CAEU-1714,14B,14B,,1,Amphipoda,/,/,/,,Ciara McKim,2026-08-15,,1135,Amphipoda,Animalia,Arthropoda,Malacostraca,Amphipoda,,,,,,2026-08-15,"Gustav, Yander, Kathy Ann",Samoa dunes,Sandy shore and jetties,jetty rocks,hand,,Higher,
CAEU-1715,14B,14B,,1,Amphipoda,/,/,/,,Ciara McKim,2026-08-15,,1135,Amphipoda,Animalia,Arthropoda,Malacostraca,Amphipoda,,,,,,2026-08-15,"Gustav, Yander, Kathy Ann",Samoa dunes,Sandy shore and jetties,jetty rocks,hand,,Higher,
CAEU-1716,14B,14B,,1,Margarites pupillus,/,/,/,,Ciara McKim,2026-08-15,,528731,Margarites pupillus,Animalia,Mollusca,Gastropoda,Trochida,Margaritesidae,Margarites,,pupillus,,2026-08-15,"Gustav, Yander, Kathy Ann",Samoa dunes,Sandy shore and jetties,jetty rocks,hand,,Species,
CAEU-1717,14B,14B,CASD-1716,1,Margarites pupillus,/,/,/,,Ciara McKim,2026-08-15,,528731,Margarites pupillus,Animalia,Mollusca,Gastropoda,Trochida,Margaritesidae,Margarites,,pupillus,,2026-08-15,"Gustav, Yander, Kathy Ann",Samoa dunes,Sandy shore and jetties,jetty rocks,hand,,Species,
CAEU-1718,14B,14B,CASD-1716,1,Margarites pupillus,/,/,/,,Ciara McKim,2026-08-15,,528731,Margarites pupillus,Animalia,Mollusca,Gastropoda,Trochida,Margaritesidae,Margarites,,pupillus,,2026-08-15,"Gustav, Yander, Kathy Ann",Samoa dunes,Sandy shore and jetties,jetty rocks,hand,,Species,
CAEU-1719,14B,14B,,1,Bugulina californica,/,/,/,,Ciara McKim,2026-08-15,,833997,Bugulina californica,Animalia,Bryozoa,Gymnolaemata,Cheilostomatida,Bugulidae,Bugulina,,californica,,2026-08-15,"Gustav, Yander, Kathy Ann",Samoa dunes,Sandy shore and jetties,jetty rocks,hand,,Species,
CAEU-1720,14B,14B,,1,Bugulidae,/,/,/,,Ciara McKim,2026-08-15,,110731,Bugulidae,Animalia,Bryozoa,Gymnolaemata,Cheilostomatida,Bugulidae,,,,,2026-08-15,"Gustav, Yander, Kathy Ann",Samoa dunes,Sandy shore and jetties,jetty rocks,hand,,Family,
CAEU-1721,14B,14B,,1,Ascidiacea,/,/,/,,Ciara McKim,2026-08-15,,1839,Ascidiacea,Animalia,Chordata,Ascidiacea,,,,,,,2026-08-15,"Gustav, Yander, Kathy Ann",Samoa dunes,Sandy shore and jetties,jetty rocks,hand,,Higher,
CAEU-1722,18,18,,1,Araneomorphae,/,/,/,from driftwood in high intertidal,Ciara McKim,2026-08-15,,150467,Araneae,Animalia,Arthropoda,Arachnida,Araneae,,,,,,2026-08-16,"Ciara, Avery",Houda Cove,rocky high intertidal with crevices,,hand,,Higher,
CAEU-1723,18,18,,1,Ligia pallasii,/,/,/,,Ciara McKim,2026-08-15,,257558,Ligia pallasii,Animalia,Arthropoda,Malacostraca,Isopoda,Ligiidae,Ligia,,pallasii,,2026-08-16,"Ciara, Avery",Houda Cove,rocky high intertidal with crevices,,hand,,Species,
CAEU-1724,18,18,,1,Sphaeromatidae,/,/,X,,Ciara McKim,2026-08-15,,118277,Sphaeromatidae,Animalia,Arthropoda,Malacostraca,Isopoda,Sphaeromatidae,,,,,2026-08-16,"Ciara, Avery",Houda Cove,rocky high intertidal with crevices,,hand,,Family,
CAEU-1725,18,18,,1,Talitridae,/,/,/,,Ciara McKim,2026-08-15,,101411,Talitridae,Animalia,Arthropoda,Malacostraca,Amphipoda,Talitridae,,,,,2026-08-16,"Ciara, Avery",Houda Cove,rocky high intertidal with crevices,,hand,,Family,
CAEU-1726,18,18,,1,Talitridae,/,/,/,,Ciara McKim,2026-08-15,,101411,Talitridae,Animalia,Arthropoda,Malacostraca,Amphipoda,Talitridae,,,,,2026-08-16,"Ciara, Avery",Houda Cove,rocky high intertidal with crevices,,hand,,Family,
CAEU-1727,18,18,,1,Talitridae,/,/,/,,Ciara McKim,2026-08-15,,101411,Talitridae,Animalia,Arthropoda,Malacostraca,Amphipoda,Talitridae,,,,,2026-08-16,"Ciara, Avery",Houda Cove,rocky high intertidal with crevices,,hand,,Family,
CAEU-1728,18,18,,1,Talitridae,/,/,/,,Ciara McKim,2026-08-15,,101411,Talitridae,Animalia,Arthropoda,Malacostraca,Amphipoda,Talitridae,,,,,2026-08-16,"Ciara, Avery",Houda Cove,rocky high intertidal with crevices,,hand,,Family,
CAEU-1729,18,18,,1,Talitridae,/,/,/,,Ciara McKim,2026-08-15,,101411,Talitridae,Animalia,Arthropoda,Malacostraca,Amphipoda,Talitridae,,,,,2026-08-16,"Ciara, Avery",Houda Cove,rocky high intertidal with crevices,,hand,,Family,
CAEU-1730,18,18,,1,Oniscidea,/,/,X,,Ciara McKim,2026-08-15,,146505,Oniscidea,Animalia,Arthropoda,Malacostraca,Isopoda,,,,,,2026-08-16,"Ciara, Avery",Houda Cove,rocky high intertidal with crevices,,hand,,Higher,
CAEU-1731,18,18,,1,Acari,/,X,/,,Ciara McKim,2026-08-15,,292684,Acari,Animalia,Arthropoda,Arachnida,,,,,,,2026-08-16,"Ciara, Avery",Houda Cove,rocky high intertidal with crevices,,hand,,Higher,
CAEU-1732,18,18,,1,Hypogastrura litoralis,/,/,X,,Ciara McKim,2026-08-15,,1857132,Hypogastrura (Hypogastrura) litoralis,Animalia,Arthropoda,Collembola,,Hypogastruridae,Hypogastrura,Hypogastrura,litoralis,,2026-08-16,"Ciara, Avery",Houda Cove,rocky high intertidal with crevices,,hand,,Species,
CAEU-1733,18,18,,1,Staphylinidae?,/,X,/,,Ciara McKim,2026-08-15,,118093,Staphylinidae,Animalia,Arthropoda,Insecta,Coleoptera,Staphylinidae,,,,,2026-08-16,"Ciara, Avery",Houda Cove,rocky high intertidal with crevices,,hand,,Family,
CAEU-1734,18,18,,1,Isotomurus?,/,X,/,,Ciara McKim,2026-08-15,,994596,Isotomurus,Animalia,Arthropoda,Collembola,,Isotomidae,Isotomurus,,,,2026-08-16,"Ciara, Avery",Houda Cove,rocky high intertidal with crevices,,hand,,Genus,
CAEU-1735,18,18,,1,Hypogastrura litoralis,/,/,/,lost specimen,Ciara McKim,2026-08-15,,1857132,Hypogastrura (Hypogastrura) litoralis,Animalia,Arthropoda,Collembola,,Hypogastruridae,Hypogastrura,Hypogastrura,litoralis,,2026-08-16,"Ciara, Avery",Houda Cove,rocky high intertidal with crevices,,hand,,Species,
CAEU-1736,18,18,,1,Diptera?,/,/,/,,Ciara McKim,2026-08-15,,118088,Diptera,Animalia,Arthropoda,Insecta,Diptera,,,,,,2026-08-16,"Ciara, Avery",Houda Cove,rocky high intertidal with crevices,,hand,,Higher,
CAEU-1737,18,18,,1,Diptera?,/,/,/,,Ciara McKim,2026-08-15,,118088,Diptera,Animalia,Arthropoda,Insecta,Diptera,,,,,,2026-08-16,"Ciara, Avery",Houda Cove,rocky high intertidal with crevices,,hand,,Higher,
CAEU-1738,18,18,,1,Insecta,/,/,/,,Ciara McKim,2026-08-15,,1307,Insecta,Animalia,Arthropoda,Insecta,,,,,,,2026-08-16,"Ciara, Avery",Houda Cove,rocky high intertidal with crevices,,hand,,Higher,
CAEU-1739,18,18,,1,Hypogastrura litoralis,/,/,/,lost specimen,Ciara McKim,2026-08-15,,1857132,Hypogastrura (Hypogastrura) litoralis,Animalia,Arthropoda,Collembola,,Hypogastruridae,Hypogastrura,Hypogastrura,litoralis,,2026-08-16,"Ciara, Avery",Houda Cove,rocky high intertidal with crevices,,hand,,Species,
CAEU-1740,18,18,,1,Hypogastrura litoralis,/,X,/,,Ciara McKim,2026-08-15,,1857132,Hypogastrura (Hypogastrura) litoralis,Animalia,Arthropoda,Collembola,,Hypogastruridae,Hypogastrura,Hypogastrura,litoralis,,2026-08-16,"Ciara, Avery",Houda Cove,rocky high intertidal with crevices,,hand,,Species,
CAEU-1741,14B,14B,,1,Crangon nigricauda,/,/,/,giant. Fixed dead,Gustav Paulay,2026-08-15,,515551,Crangon nigricauda,Animalia,Arthropoda,Malacostraca,Decapoda,Crangonidae,Crangon,,nigricauda,,2026-08-15,"Gustav, Yander, Kathy Ann",Samoa dunes,Sandy shore and jetties,jetty rocks,hand,,Species,
CAEU-1742,14B,14B,,1,Nebalia,/,/,X,,Gustav Paulay,2026-08-15,,147031,Nebalia,Animalia,Arthropoda,Malacostraca,Leptostraca,Nebaliidae,Nebalia,,,,2026-08-15,"Gustav, Yander, Kathy Ann",Samoa dunes,Sandy shore and jetties,jetty rocks,hand,,Genus,
CAEU-1743,14B,14B,,1,Nebalia,/,/,X,,Gustav Paulay,2026-08-15,,147031,Nebalia,Animalia,Arthropoda,Malacostraca,Leptostraca,Nebaliidae,Nebalia,,,,2026-08-15,"Gustav, Yander, Kathy Ann",Samoa dunes,Sandy shore and jetties,jetty rocks,hand,,Genus,
CAEU-1744,14B,14B,,1,Nebalia,/,X,/,,Gustav Paulay,2026-08-15,,147031,Nebalia,Animalia,Arthropoda,Malacostraca,Leptostraca,Nebaliidae,Nebalia,,,,2026-08-15,"Gustav, Yander, Kathy Ann",Samoa dunes,Sandy shore and jetties,jetty rocks,hand,,Genus,
CAEU-1745,14B,14B,,1,Nebalia,/,X,/,,Gustav Paulay,2026-08-15,,147031,Nebalia,Animalia,Arthropoda,Malacostraca,Leptostraca,Nebaliidae,Nebalia,,,,2026-08-15,"Gustav, Yander, Kathy Ann",Samoa dunes,Sandy shore and jetties,jetty rocks,hand,,Genus,
CAEU-1746,14B,14B,,1,Idotea wasnesenskii?,/,/,/,odd color form,Gustav Paulay,2026-08-15,,711956,Idotea wosnesenskii,Animalia,Arthropoda,Malacostraca,Isopoda,Idoteidae,Idotea,,wosnesenskii,,2026-08-15,"Gustav, Yander, Kathy Ann",Samoa dunes,Sandy shore and jetties,jetty rocks,hand,,Species,
CAEU-1747,14B,14B,,1,Gnorimosphaeroma,/,,/,,Gustav Paulay,2026-08-15,,248784,Gnorimosphaeroma,Animalia,Arthropoda,Malacostraca,Isopoda,Sphaeromatidae,Gnorimosphaeroma,,,,2026-08-15,"Gustav, Yander, Kathy Ann",Samoa dunes,Sandy shore and jetties,jetty rocks,hand,,Genus,
CAEU-1748,14B,14B,,1,Ampithoidae?,/,,/,dead,Gustav Paulay,2026-08-15,,101366,Ampithoidae,Animalia,Arthropoda,Malacostraca,Amphipoda,Ampithoidae,,,,,2026-08-15,"Gustav, Yander, Kathy Ann",Samoa dunes,Sandy shore and jetties,jetty rocks,hand,,Family,
CAEU-1749,16,16,,1,Nassarius mendicus,/,/,/,,Gustav Paulay,2026-08-15,,560256,Nassarius mendicus,Animalia,Mollusca,Gastropoda,Neogastropoda,Nassariidae,Nassarius,,mendicus,,2026-08-15,"Andre, Robin, Sadie, Alex",Park Street,sand flat with ghost shrimp burrows,,,,Species,
CAEU-1750,16,16,,1,Nassarius mendicus,/,/,/,,Gustav Paulay,2026-08-15,,560256,Nassarius mendicus,Animalia,Mollusca,Gastropoda,Neogastropoda,Nassariidae,Nassarius,,mendicus,,2026-08-15,"Andre, Robin, Sadie, Alex",Park Street,sand flat with ghost shrimp burrows,,,,Species,
CAEU-1751,14B,14B,,1,Cirolana?,/,,/,,Gustav Paulay,2026-08-15,,118399,Cirolana,Animalia,Arthropoda,Malacostraca,Isopoda,Cirolanidae,Cirolana,,,,2026-08-15,"Gustav, Yander, Kathy Ann",Samoa dunes,Sandy shore and jetties,jetty rocks,hand,,Genus,
CAEU-1752,14,14,,1,Neoturris?,/,/,/,water column,Gustav Paulay,2026-08-15,,117185,Neoturris,Animalia,Cnidaria,Hydrozoa,Anthoathecata,Pandeidae,Neoturris,,,,2026-08-15,"Svetlana, Gustav, Yander, Kathy Ann",Samoa dunes,Sandy shore and jetties,,,,Genus,
CAEU-1753,14,14,,1,Neoturris?,/,/,/,water column,Gustav Paulay,2026-08-15,,117185,Neoturris,Animalia,Cnidaria,Hydrozoa,Anthoathecata,Pandeidae,Neoturris,,,,2026-08-15,"Svetlana, Gustav, Yander, Kathy Ann",Samoa dunes,Sandy shore and jetties,,,,Genus,
CAEU-1754,14,14,,1,Neoturris?,/,/,/,water column,Gustav Paulay,2026-08-15,,117185,Neoturris,Animalia,Cnidaria,Hydrozoa,Anthoathecata,Pandeidae,Neoturris,,,,2026-08-15,"Svetlana, Gustav, Yander, Kathy Ann",Samoa dunes,Sandy shore and jetties,,,,Genus,
CAEU-1755,14,14,,bulk,Neoturris?,X,X,/,water column,Gustav Paulay,2026-08-15,,117185,Neoturris,Animalia,Cnidaria,Hydrozoa,Anthoathecata,Pandeidae,Neoturris,,,,2026-08-15,"Svetlana, Gustav, Yander, Kathy Ann",Samoa dunes,Sandy shore and jetties,,,,Genus,
CAEU-1756,14B,14B,,1,Pugettia richii,/,/,/,fixed dead,Gustav Paulay,2026-08-15,,441490,Pugettia richii,Animalia,Arthropoda,Malacostraca,Decapoda,Epialtidae,Pugettia,,richii,,2026-08-15,"Gustav, Yander, Kathy Ann",Samoa dunes,Sandy shore and jetties,jetty rocks,hand,,Species,
CAEU-1757,14B,14B,CAEU-1510,1,Balanus nubilus?,/,/,/,juv.,Gustav Paulay,2026-08-15,,594745,Balanus nubilus,Animalia,Arthropoda,Thecostraca,Balanomorpha,Balanidae,Balanus,,nubilus,,2026-08-15,"Gustav, Yander, Kathy Ann",Samoa dunes,Sandy shore and jetties,jetty rocks,hand,,Species,
CAEU-1758,14B,14B,CAEU-1510,1,Balanus nubilus?,/,/,/,,Gustav Paulay,2026-08-15,,594745,Balanus nubilus,Animalia,Arthropoda,Thecostraca,Balanomorpha,Balanidae,Balanus,,nubilus,,2026-08-15,"Gustav, Yander, Kathy Ann",Samoa dunes,Sandy shore and jetties,jetty rocks,hand,,Species,
CAEU-1759,14B,14B,CAEU-1511,1,Balanus,/,/,/,,Gustav Paulay,2026-08-15,,106122,Balanus,Animalia,Arthropoda,Thecostraca,Balanomorpha,Balanidae,Balanus,,,,2026-08-15,"Gustav, Yander, Kathy Ann",Samoa dunes,Sandy shore and jetties,jetty rocks,hand,,Genus,
CAEU-1760,14B,14B,CAEU-1511,1,Balanus,/,/,/,,Gustav Paulay,2026-08-15,,106122,Balanus,Animalia,Arthropoda,Thecostraca,Balanomorpha,Balanidae,Balanus,,,,2026-08-15,"Gustav, Yander, Kathy Ann",Samoa dunes,Sandy shore and jetties,jetty rocks,hand,,Genus,
CAEU-1761,14B,14B,CAEU-1511,1,Balanus,/,/,/,,Gustav Paulay,2026-08-15,,106122,Balanus,Animalia,Arthropoda,Thecostraca,Balanomorpha,Balanidae,Balanus,,,,2026-08-15,"Gustav, Yander, Kathy Ann",Samoa dunes,Sandy shore and jetties,jetty rocks,hand,,Genus,
CAEU-1762,14B,14B,CAEU-1511,1,Balanus A,/,/,/,nubilus - cartosad,Gustav Paulay,2026-08-15,,106122,Balanus,Animalia,Arthropoda,Thecostraca,Balanomorpha,Balanidae,Balanus,,,,2026-08-15,"Gustav, Yander, Kathy Ann",Samoa dunes,Sandy shore and jetties,jetty rocks,hand,,Genus,
CAEU-1763,14,14,,1,Hyperiidea,/,,,on Neoturris? CAEU-1752 -> CAEU-1755,Gustav Paulay,2026-08-15,,1205,Hyperiidea,Animalia,Arthropoda,Malacostraca,Amphipoda,,,,,,2026-08-15,"Svetlana, Gustav, Yander, Kathy Ann",Samoa dunes,Sandy shore and jetties,,,,Higher,
CAEU-1764,14,14,,2,Hyperiidea,/,,,on Neoturris? CAEU-1752 -> CAEU-1755; 1 -> DNA 1 -> voucher,Gustav Paulay,2026-08-15,,1205,Hyperiidea,Animalia,Arthropoda,Malacostraca,Amphipoda,,,,,,2026-08-15,"Svetlana, Gustav, Yander, Kathy Ann",Samoa dunes,Sandy shore and jetties,,,,Higher,
CAEU-1765,14B,14B,,1,Ectopleura marina?,/,/,/,,Gustav Paulay,2026-08-15,,285957,Ectopleura marina,Animalia,Cnidaria,Hydrozoa,Anthoathecata,Tubulariidae,Ectopleura,,marina,,2026-08-15,"Gustav, Yander, Kathy Ann",Samoa dunes,Sandy shore and jetties,jetty rocks,hand,,Species,
CAEU-1766,14B,14B,,bulk,Cyanoplax dentiens,X,X,/,,Gustav Paulay,2026-08-15,,386414,Cyanoplax dentiens,Animalia,Mollusca,Polyplacophora,Chitonida,Tonicellidae,Cyanoplax,,dentiens,,2026-08-15,"Gustav, Yander, Kathy Ann",Samoa dunes,Sandy shore and jetties,jetty rocks,hand,,Species,
CAEU-1767,14B,14B,,1,Mopalia spectabilis,/,/,/,,Gustav Paulay,2026-08-15,,386360,Mopalia spectabilis,Animalia,Mollusca,Polyplacophora,Chitonida,Mopaliidae,Mopalia,,spectabilis,,2026-08-15,"Gustav, Yander, Kathy Ann",Samoa dunes,Sandy shore and jetties,jetty rocks,hand,,Species,
CAEU-1768,14B,14B,,1,Mopalia spectabilis,/,/,/,,Gustav Paulay,2026-08-15,,386360,Mopalia spectabilis,Animalia,Mollusca,Polyplacophora,Chitonida,Mopaliidae,Mopalia,,spectabilis,,2026-08-15,"Gustav, Yander, Kathy Ann",Samoa dunes,Sandy shore and jetties,jetty rocks,hand,,Species,
CAEU-1769,14B,14B,,1,Mopalia spectabilis,/,/,/,,Gustav Paulay,2026-08-15,,386360,Mopalia spectabilis,Animalia,Mollusca,Polyplacophora,Chitonida,Mopaliidae,Mopalia,,spectabilis,,2026-08-15,"Gustav, Yander, Kathy Ann",Samoa dunes,Sandy shore and jetties,jetty rocks,hand,,Species,
CAEU-1770,14B,14B,,1,Mopalia A,/,/,/,,Gustav Paulay,2026-08-15,,385567,Mopalia,Animalia,Mollusca,Polyplacophora,Chitonida,Mopaliidae,Mopalia,,,,2026-08-15,"Gustav, Yander, Kathy Ann",Samoa dunes,Sandy shore and jetties,jetty rocks,hand,,Genus,
CAEU-1771,HUMB10,10,,5,Paradexiospira 'vitrea',Y,Y,Y,2F 3E,G. Rouse,2026-08-16,,129637,Paradexiospira,Animalia,Annelida,Polychaeta,Sabellida,Serpulidae,Paradexiospira,,,,2026-08-14,"Svetlana, Gustav, Soma, Kathy Ann",S of Cape Mendocino,"Rocky shore with boulders and cobbles, some on silty sand, beach in high IT only, tide pools, low IT with urchin barrens",,,,Genus,
CAEU-1772,HUMB15,15,CAEU-0142,1,Phragmatopoma californica,Y,Y,Y,1F/E,G. Rouse,2026-08-16,,334501,Phragmatopoma californica,Animalia,Annelida,Polychaeta,,Sabellariidae,Phragmatopoma,,californica,,2026-08-15,"Greg, Dakota",Samoa boat ramp,Zostera bed and rocks,,hand,,Species,
CAEU-1773,HUMB15,15,CAEU-0144,1,Sabellaria sp.,Y,Y,Y,♀ F/E,G. Rouse,2026-08-16,,129520,Sabellaria,Animalia,Annelida,Polychaeta,,Sabellariidae,Sabellaria,,,,2026-08-15,"Greg, Dakota",Samoa boat ramp,Zostera bed and rocks,,hand,,Genus,
CAEU-1774,HUMB15,15,CAEU-0144,1,Sabellaria sp.,Y,Y,Y,♂ F/E,G. Rouse,2026-08-16,,129520,Sabellaria,Animalia,Annelida,Polychaeta,,Sabellariidae,Sabellaria,,,,2026-08-15,"Greg, Dakota",Samoa boat ramp,Zostera bed and rocks,,hand,,Genus,
CAEU-1775,HUMB17A,17A,,1,Myxicola sp.,Y,Y,Y,"Juv. F/E adults (1675,76)",G. Rouse,2026-08-16,,129537,Myxicola,Animalia,Annelida,Polychaeta,Sabellida,Sabellidae,Myxicola,,,,2026-08-16,"Greg, Dakota",Woodley Marina,docks,clean (East),scrapings,,Genus,
CAEU-1776,HUMB17A,17A,,2,Eupentacta,Y,Y,Y,1E /1E,G. Rouse,2026-08-16,,528610,Eupentacta,Animalia,Echinodermata,Holothuroidea,Dendrochirotida,Sclerodactylidae,Eupentacta,,,,2026-08-16,"Greg, Dakota",Woodley Marina,docks,clean (East),scrapings,,Genus,
CAEU-1777,HUMB17A,17A,,2,Naineris,Y,Y,Y,1F 1E/cryo,G. Rouse,2026-08-16,,129419,Naineris,Animalia,Annelida,Polychaeta,,Orbiniidae,Naineris,,,,2026-08-16,"Greg, Dakota",Woodley Marina,docks,clean (East),scrapings,,Genus,
CAEU-1778,HUMB17A,17A,,1,Polycirrus,Y,Y,Y,F/E,G. Rouse,2026-08-16,,129710,Polycirrus,Animalia,Annelida,Polychaeta,Terebellida,Terebellidae,Polycirrus,,,,2026-08-16,"Greg, Dakota",Woodley Marina,docks,clean (East),scrapings,,Genus,
CAEU-1779,HUMB17C,17C,,1,Hesperonoe,Y,Y,Y,with Upogebia F/E,G. Rouse,2026-08-16,,248340,Hesperonoe,Animalia,Annelida,Polychaeta,Phyllodocida,Polynoidae,Hesperonoe,,,,,,,,,,,Genus,
CAEU-1780,HUMB14B,14B,,1,Serpula columbiana,Y,Y,Y,F/E,G. Rouse,2026-08-16,,338088,Serpula columbiana,Animalia,Annelida,Polychaeta,Sabellida,Serpulidae,Serpula,,columbiana,,2026-08-15,"Gustav, Yander, Kathy Ann",Samoa dunes,Sandy shore and jetties,jetty rocks,hand,,Species,
CAEU-1781,HUMB14B,14B,,1,Polycirrus,Y,Y,Y,F/E,G. Rouse,2026-08-16,,129710,Polycirrus,Animalia,Annelida,Polychaeta,Terebellida,Terebellidae,Polycirrus,,,,2026-08-15,"Gustav, Yander, Kathy Ann",Samoa dunes,Sandy shore and jetties,jetty rocks,hand,,Genus,
CAEU-1782,Humb17B,17B,,1,Streblospio,Y,Y,Y,F/E,G. Rouse,2026-08-16,,129627,Streblospio,Animalia,Annelida,Polychaeta,Spionida,Spionidae,Streblospio,,,,2026-08-16,"Greg, Dakota",Woodley Marina,docks,muddy (West),scrapings,,Genus,
CAEU-1783,Humb17B,17B,,3,Polydorin,Y,Y,Y,"1 whole F, 3 whole E",G. Rouse,2026-08-16,,1510066,Polydoridae,Animalia,Annelida,Polychaeta,Spionida,Polydoridae,,,,,2026-08-16,"Greg, Dakota",Woodley Marina,docks,muddy (West),scrapings,,Family,
CAEU-1784,Humb17B,17B,,1,Aphelochaeta,Y,Y,Y,"mid E, rest F",G. Rouse,2026-08-16,,129240,Aphelochaeta,Animalia,Annelida,Polychaeta,Terebellida,Cirratulidae,Aphelochaeta,,,,2026-08-16,"Greg, Dakota",Woodley Marina,docks,muddy (West),scrapings,,Genus,
CAEU-1785,Humb17B,17B,,2,Cirriformia,Y,Y,Y,"1F, 1E",G. Rouse,2026-08-16,,129245,Cirriformia,Animalia,Annelida,Polychaeta,Terebellida,Cirratulidae,Cirriformia,,,,2026-08-16,"Greg, Dakota",Woodley Marina,docks,muddy (West),scrapings,,Genus,
CAEU-1786,Humb17A,17A,,1,Eumida,Y,Y,Y,"1F, 1E",G. Rouse,2026-08-16,,129446,Eumida,Animalia,Annelida,Polychaeta,Phyllodocida,Phyllodocidae,Eumida,,,,2026-08-16,"Greg, Dakota",Woodley Marina,docks,clean (East),scrapings,,Genus,
CAEU-1787,Humb17A,17A,,4,Pterocirrus,Y,Y,Y,"cryo, 2E, 1F",G. Rouse,2026-08-16,,129458,Pterocirrus,Animalia,Annelida,Polychaeta,Phyllodocida,Phyllodocidae,Pterocirrus,,,,2026-08-16,"Greg, Dakota",Woodley Marina,docks,clean (East),scrapings,,Genus,
CAEU-1788,Humb14B,14B,,3,Phyllodocidae (no med. ant.),Y,Y,Y,"2ml E, cryo, 2ml F",G. Rouse,2026-08-16,,931,Phyllodocidae,Animalia,Annelida,Polychaeta,Phyllodocida,Phyllodocidae,,,,,2026-08-15,"Gustav, Yander, Kathy Ann",Samoa dunes,Sandy shore and jetties,jetty rocks,hand,,Family,
CAEU-1789,Humb14B,14B,,1,Phyllodocidae,Y,Y,Y,2ml E,G. Rouse,2026-08-16,,931,Phyllodocidae,Animalia,Annelida,Polychaeta,Phyllodocida,Phyllodocidae,,,,,2026-08-15,"Gustav, Yander, Kathy Ann",Samoa dunes,Sandy shore and jetties,jetty rocks,hand,,Family,
CAEU-1790,Humb14B,14B,,1,Polyophthalmus,Y,Y,Y,1 F/E,G. Rouse,2026-08-16,,129415,Polyophthalmus,Animalia,Annelida,Polychaeta,,Opheliidae,Polyophthalmus,,,,2026-08-15,"Gustav, Yander, Kathy Ann",Samoa dunes,Sandy shore and jetties,jetty rocks,hand,,Genus,
CAEU-1791,HUMB20,20,,1,Cirratulus,Y,Y,Y,1F/E NQ1000617381,G. Rouse,2026-08-16,,129243,Cirratulus,Animalia,Annelida,Polychaeta,Terebellida,Cirratulidae,Cirratulus,,,,2026-08-16,"Svetlana, Gustav","Samoa Bridge, Samoa side",mud flat,,shovel,,Genus,
CAEU-1792,,,,,,,,,,,,,,,,,,,,,,,,,,,,,,,,
CAEU-1793,,,,,,,,,,,,,,,,,,,,,,,,,,,,,,,,
CAEU-1794,,,,,,,,,,,,,,,,,,,,,,,,,,,,,,,,
CAEU-1795,,,,,,,,,,,,,,,,,,,,,,,,,,,,,,,,
CAEU-1796,,,,,,,,,,,,,,,,,,,,,,,,,,,,,,,,
CAEU-1797,,,,,,,,,,,,,,,,,,,,,,,,,,,,,,,,
CAEU-1798,,,,,,,,,,,,,,,,,,,,,,,,,,,,,,,,
CAEU-1799,,,,,,,,,,,,,,,,,,,,,,,,,,,,,,,,
CAEU-1800,,,,,,,,,,,,,,,,,,,,,,,,,,,,,,,,
CAEU-1801,18,18,,1,Hypogastrura litoralis,/,X,/,,Ciara McKim,2026-08-16,,1857132,Hypogastrura (Hypogastrura) litoralis,Animalia,Arthropoda,Collembola,,Hypogastruridae,Hypogastrura,Hypogastrura,litoralis,,2026-08-16,"Ciara, Avery",Houda Cove,rocky high intertidal with crevices,,hand,,Species,
CAEU-1802,18,18,,1,Hypogastrura litoralis,/,/,X,,Ciara McKim,2026-08-16,,1857132,Hypogastrura (Hypogastrura) litoralis,Animalia,Arthropoda,Collembola,,Hypogastruridae,Hypogastrura,Hypogastrura,litoralis,,2026-08-16,"Ciara, Avery",Houda Cove,rocky high intertidal with crevices,,hand,,Species,
CAEU-1803,18,18,,1,Coleoptera?,/,/,/,,Ciara McKim,2026-08-16,,118085,Coleoptera,Animalia,Arthropoda,Insecta,Coleoptera,,,,,,2026-08-16,"Ciara, Avery",Houda Cove,rocky high intertidal with crevices,,hand,,Higher,
CAEU-1804,18,18,,1,Oniscidea?,/,/,/,,Ciara McKim,2026-08-16,,146505,Oniscidea,Animalia,Arthropoda,Malacostraca,Isopoda,,,,,,2026-08-16,"Ciara, Avery",Houda Cove,rocky high intertidal with crevices,,hand,,Higher,
CAEU-1805,18,18,,1,Sphaeromatidae,/,/,/,,Ciara McKim,2026-08-16,,118277,Sphaeromatidae,Animalia,Arthropoda,Malacostraca,Isopoda,Sphaeromatidae,,,,,2026-08-16,"Ciara, Avery",Houda Cove,rocky high intertidal with crevices,,hand,,Family,
CAEU-1806,18,18,,1,Hypogastrura litoralis,/,/,X,,Ciara McKim,2026-08-16,,1857132,Hypogastrura (Hypogastrura) litoralis,Animalia,Arthropoda,Collembola,,Hypogastruridae,Hypogastrura,Hypogastrura,litoralis,,2026-08-16,"Ciara, Avery",Houda Cove,rocky high intertidal with crevices,,hand,,Species,
CAEU-1807,18,18,,1,Talitridae?,/,/,X,,Ciara McKim,2026-08-16,,101411,Talitridae,Animalia,Arthropoda,Malacostraca,Amphipoda,Talitridae,,,,,2026-08-16,"Ciara, Avery",Houda Cove,rocky high intertidal with crevices,,hand,,Family,
CAEU-1808,18,18,,1,Insecta?,/,/,/,possibly Diptera larva,Ciara McKim,2026-08-16,,1307,Insecta,Animalia,Arthropoda,Insecta,,,,,,,2026-08-16,"Ciara, Avery",Houda Cove,rocky high intertidal with crevices,,hand,,Higher,
CAEU-1809,18,18,,1,Ligia occidentalis,/,/,/,,Ciara McKim,2026-08-16,,257557,Ligia occidentalis,Animalia,Arthropoda,Malacostraca,Isopoda,Ligiidae,Ligia,,occidentalis,,2026-08-16,"Ciara, Avery",Houda Cove,rocky high intertidal with crevices,,hand,,Species,
CAEU-1810,18,18,,1,Ligia occidentalis?,/,/,/,,Ciara McKim,2026-08-16,,257557,Ligia occidentalis,Animalia,Arthropoda,Malacostraca,Isopoda,Ligiidae,Ligia,,occidentalis,,2026-08-16,"Ciara, Avery",Houda Cove,rocky high intertidal with crevices,,hand,,Species,
CAEU-1811,18,18,,1,Ligia pallasii,/,/,/,,Ciara McKim,2026-08-16,,257558,Ligia pallasii,Animalia,Arthropoda,Malacostraca,Isopoda,Ligiidae,Ligia,,pallasii,,2026-08-16,"Ciara, Avery",Houda Cove,rocky high intertidal with crevices,,hand,,Species,
CAEU-1812,18,18,,1,Sphaeromatidae,/,/,X,,Ciara McKim,2026-08-16,,118277,Sphaeromatidae,Animalia,Arthropoda,Malacostraca,Isopoda,Sphaeromatidae,,,,,2026-08-16,"Ciara, Avery",Houda Cove,rocky high intertidal with crevices,,hand,,Family,
CAEU-1813,18,18,,1,Oniscidea,/,/,/,,Ciara McKim,2026-08-16,,146505,Oniscidea,Animalia,Arthropoda,Malacostraca,Isopoda,,,,,,2026-08-16,"Ciara, Avery",Houda Cove,rocky high intertidal with crevices,,hand,,Higher,
CAEU-1814,18,18,,1,Staphylinidae,/,/,/,,Ciara McKim,2026-08-16,,118093,Staphylinidae,Animalia,Arthropoda,Insecta,Coleoptera,Staphylinidae,,,,,2026-08-16,"Ciara, Avery",Houda Cove,rocky high intertidal with crevices,,hand,,Family,
CAEU-1815,18,18,,1,Hypogastrura litoralis,/,/,X,,Ciara McKim,2026-08-16,,1857132,Hypogastrura (Hypogastrura) litoralis,Animalia,Arthropoda,Collembola,,Hypogastruridae,Hypogastrura,Hypogastrura,litoralis,,2026-08-16,"Ciara, Avery",Houda Cove,rocky high intertidal with crevices,,hand,,Species,
CAEU-1816,18,18,,1,Hypogastrura litoralis,/,/,X,,Ciara McKim,2026-08-16,,1857132,Hypogastrura (Hypogastrura) litoralis,Animalia,Arthropoda,Collembola,,Hypogastruridae,Hypogastrura,Hypogastrura,litoralis,,2026-08-16,"Ciara, Avery",Houda Cove,rocky high intertidal with crevices,,hand,,Species,
CAEU-1817,18,18,,1,Acari,/,X,/,,Ciara McKim,2026-08-16,,292684,Acari,Animalia,Arthropoda,Arachnida,,,,,,,2026-08-16,"Ciara, Avery",Houda Cove,rocky high intertidal with crevices,,hand,,Higher,
CAEU-1818,18,18,,1,Amphipoda,/,/,/,specimen lost,Ciara McKim,2026-08-16,,1135,Amphipoda,Animalia,Arthropoda,Malacostraca,Amphipoda,,,,,,2026-08-16,"Ciara, Avery",Houda Cove,rocky high intertidal with crevices,,hand,,Higher,
CAEU-1819,18,18,,1,Hypogastrura litoralis,/,/,/,specimen lost,Ciara McKim,2026-08-16,,1857132,Hypogastrura (Hypogastrura) litoralis,Animalia,Arthropoda,Collembola,,Hypogastruridae,Hypogastrura,Hypogastrura,litoralis,,2026-08-16,"Ciara, Avery",Houda Cove,rocky high intertidal with crevices,,hand,,Species,
CAEU-1820,18,18,,1,Hypogastrura litoralis,/,/,/,specimen lost,Ciara McKim,2026-08-16,,1857132,Hypogastrura (Hypogastrura) litoralis,Animalia,Arthropoda,Collembola,,Hypogastruridae,Hypogastrura,Hypogastrura,litoralis,,2026-08-16,"Ciara, Avery",Houda Cove,rocky high intertidal with crevices,,hand,,Species,
CAEU-1821,18,18,,1,Hypogastrura litoralis,/,/,/,specimen lost,Ciara McKim,2026-08-16,,1857132,Hypogastrura (Hypogastrura) litoralis,Animalia,Arthropoda,Collembola,,Hypogastruridae,Hypogastrura,Hypogastrura,litoralis,,2026-08-16,"Ciara, Avery",Houda Cove,rocky high intertidal with crevices,,hand,,Species,
CAEU-1822,18,18,,1,Hypogastrura litoralis,/,X,/,,Ciara McKim,2026-08-16,,1857132,Hypogastrura (Hypogastrura) litoralis,Animalia,Arthropoda,Collembola,,Hypogastruridae,Hypogastrura,Hypogastrura,litoralis,,2026-08-16,"Ciara, Avery",Houda Cove,rocky high intertidal with crevices,,hand,,Species,
CAEU-1823,18,18,,1,Isotomurus?,/,/,X,,Ciara McKim,2026-08-16,,994596,Isotomurus,Animalia,Arthropoda,Collembola,,Isotomidae,Isotomurus,,,,2026-08-16,"Ciara, Avery",Houda Cove,rocky high intertidal with crevices,,hand,,Genus,
CAEU-1824,22,22,,1,Watersipora subtorquata,/,/,/,Known species complex,Ciara McKim,2026-08-16,,111592,Watersipora subtorquata,Animalia,Bryozoa,Gymnolaemata,Cheilostomatida,Watersiporidae,Watersipora,,subtorquata,,2026-08-16,"Sean, Robin, Isabel, Terry",Eureka Marina near Wharfinger building,docks,,hand,,Species,
CAEU-1825,22,22,,1,Bugula neritina,/,/,/,,Ciara McKim,2026-08-16,,111158,Bugula neritina,Animalia,Bryozoa,Gymnolaemata,Cheilostomatida,Bugulidae,Bugula,,neritina,,2026-08-16,"Sean, Robin, Isabel, Terry",Eureka Marina near Wharfinger building,docks,,hand,,Species,
CAEU-1826,22,22,,1,Bugula neritina?,/,/,/,"IDed as Scrupocellaria in field - however, no vibracula",Ciara McKim,2026-08-16,,111158,Bugula neritina,Animalia,Bryozoa,Gymnolaemata,Cheilostomatida,Bugulidae,Bugula,,neritina,,2026-08-16,"Sean, Robin, Isabel, Terry",Eureka Marina near Wharfinger building,docks,,hand,,Species,
CAEU-1827,22,22,,1,Metridium senile,/,/,/,,Ciara McKim,2026-08-16,,100982,Metridium senile,Animalia,Cnidaria,Hexacorallia,Actiniaria,Metridiidae,Metridium,,senile,,2026-08-16,"Sean, Robin, Isabel, Terry",Eureka Marina near Wharfinger building,docks,,hand,,Species,
CAEU-1828,22,22,,1,Pleurobrachia bachei,/,/,/,,Ciara McKim,2026-08-16,,265191,Pleurobrachia bachei,Animalia,Ctenophora,Tentaculata,Cydippida,Cydippidae,Pleurobrachia,,bachei,,2026-08-16,"Sean, Robin, Isabel, Terry",Eureka Marina near Wharfinger building,docks,,hand,,Species,
CAEU-1829,22,22,,1,Pleurobrachia bachei,/,/,/,,Ciara McKim,2026-08-16,,265191,Pleurobrachia bachei,Animalia,Ctenophora,Tentaculata,Cydippida,Cydippidae,Pleurobrachia,,bachei,,2026-08-16,"Sean, Robin, Isabel, Terry",Eureka Marina near Wharfinger building,docks,,hand,,Species,
CAEU-1830,22,22,,1,Schizoporella japonica,/,/,/,on alga,Ciara McKim,2026-08-16,,470388,Schizoporella japonica,Animalia,Bryozoa,Gymnolaemata,Cheilostomatida,Schizoporellidae,Schizoporella,,japonica,,2026-08-16,"Sean, Robin, Isabel, Terry",Eureka Marina near Wharfinger building,docks,,hand,,Species,
CAEU-1831,14B,14B,,1,Mopalia B,/,/,/,,Gustav Paulay,2026-08-16,,385567,Mopalia,Animalia,Mollusca,Polyplacophora,Chitonida,Mopaliidae,Mopalia,,,,2026-08-15,"Gustav, Yander, Kathy Ann",Samoa dunes,Sandy shore and jetties,jetty rocks,hand,,Genus,
CAEU-1832,14B,14B,,1,Mopalia B,/,/,/,,Gustav Paulay,2026-08-16,,385567,Mopalia,Animalia,Mollusca,Polyplacophora,Chitonida,Mopaliidae,Mopalia,,,,2026-08-15,"Gustav, Yander, Kathy Ann",Samoa dunes,Sandy shore and jetties,jetty rocks,hand,,Genus,
CAEU-1833,King Salmon,King Salmon,,bulk,Pinnixa,X,X,/,ex Tresus capax. Historical ex HSU student,Gustav Paulay,2026-08-16,,158444,Pinnixa,Animalia,Arthropoda,Malacostraca,Decapoda,Pinnotheridae,Pinnixa,,,,,,,,,,,Genus,
CAEU-1834,22,22,,1,Euryleptidae - odd,/,/,,,Gustav Paulay,2026-08-16,,880120,Euryleptidae,Animalia,Platyhelminthes,,Polycladida,Euryleptidae,,,,,2026-08-16,"Sean, Robin, Isabel, Terry",Eureka Marina near Wharfinger building,docks,,hand,,Family,
CAEU-1835,22,22,,1,Obelia,/,/,/,,Gustav Paulay,2026-08-16,,117034,Obelia,Animalia,Cnidaria,Hydrozoa,Leptothecata,Campanulariidae,Obelia,,,,2026-08-16,"Sean, Robin, Isabel, Terry",Eureka Marina near Wharfinger building,docks,,hand,,Genus,
CAEU-1836,22,22,,1,Bugula neritina,/,/,/,,Gustav Paulay,2026-08-16,,111158,Bugula neritina,Animalia,Bryozoa,Gymnolaemata,Cheilostomatida,Bugulidae,Bugula,,neritina,,2026-08-16,"Sean, Robin, Isabel, Terry",Eureka Marina near Wharfinger building,docks,,hand,,Species,
CAEU-1837,22,22,,1,Bugula californica,/,/,/,,Gustav Paulay,2026-08-16,,396716,Bugula californica,Animalia,Bryozoa,Gymnolaemata,Cheilostomatida,Bugulidae,Bugula,,californica,,2026-08-16,"Sean, Robin, Isabel, Terry",Eureka Marina near Wharfinger building,docks,,hand,,Species,
CAEU-1838,22,22,,1,Bugula californica,/,/,/,,Gustav Paulay,2026-08-16,,396716,Bugula californica,Animalia,Bryozoa,Gymnolaemata,Cheilostomatida,Bugulidae,Bugula,,californica,,2026-08-16,"Sean, Robin, Isabel, Terry",Eureka Marina near Wharfinger building,docks,,hand,,Species,
CAEU-1839,20A,20A,,1,Diadumene lineata,/,/,/,,Gustav Paulay,2026-08-16,,395099,Diadumene lineata,Animalia,Cnidaria,Hexacorallia,Actiniaria,Diadumenidae,Diadumene,,lineata,,2026-08-16,"Svetlana, Gustav","Samoa Bridge, Samoa side",marine creek between road and rails/mudflat,,hand,,Species,
CAEU-1840,20A,20A,,1,Diadumene lineata,/,/,/,,Gustav Paulay,2026-08-16,,395099,Diadumene lineata,Animalia,Cnidaria,Hexacorallia,Actiniaria,Diadumenidae,Diadumene,,lineata,,2026-08-16,"Svetlana, Gustav","Samoa Bridge, Samoa side",marine creek between road and rails/mudflat,,hand,,Species,
CAEU-1841,20A,20A,,1,Diadumene lineata,/,/,/,,Gustav Paulay,2026-08-16,,395099,Diadumene lineata,Animalia,Cnidaria,Hexacorallia,Actiniaria,Diadumenidae,Diadumene,,lineata,,2026-08-16,"Svetlana, Gustav","Samoa Bridge, Samoa side",marine creek between road and rails/mudflat,,hand,,Species,
CAEU-1842,20A,20A,,1,Diadumene lineata,/,/,/,,Gustav Paulay,2026-08-16,,395099,Diadumene lineata,Animalia,Cnidaria,Hexacorallia,Actiniaria,Diadumenidae,Diadumene,,lineata,,2026-08-16,"Svetlana, Gustav","Samoa Bridge, Samoa side",marine creek between road and rails/mudflat,,hand,,Species,
CAEU-1843,20A,20A,,bulk,Diadumene lineata,X,X,/,,Gustav Paulay,2026-08-16,,395099,Diadumene lineata,Animalia,Cnidaria,Hexacorallia,Actiniaria,Diadumenidae,Diadumene,,lineata,,2026-08-16,"Svetlana, Gustav","Samoa Bridge, Samoa side",marine creek between road and rails/mudflat,,hand,,Species,
CAEU-1844,22,22,,1,Distaplia occidentalis,/,/,/,,Gustav Paulay,2026-08-16,,250152,Distaplia occidentalis,Animalia,Chordata,Ascidiacea,Aplousobranchia,Holozoidae,Distaplia,,occidentalis,,2026-08-16,"Sean, Robin, Isabel, Terry",Eureka Marina near Wharfinger building,docks,,hand,,Species,
CAEU-1845,22,22,,1,Ciona savignyi,/,/,/,,Gustav Paulay,2026-08-16,,250292,Ciona savignyi,Animalia,Chordata,Ascidiacea,Phlebobranchia,Cionidae,Ciona,,savignyi,,2026-08-16,"Sean, Robin, Isabel, Terry",Eureka Marina near Wharfinger building,docks,,hand,,Species,
CAEU-1846,22,22,,1,Corella inflata?,/,/,/,,Gustav Paulay,2026-08-16,,250375,Corella inflata,Animalia,Chordata,Ascidiacea,Phlebobranchia,Corellidae,Corella,,inflata,,2026-08-16,"Sean, Robin, Isabel, Terry",Eureka Marina near Wharfinger building,docks,,hand,,Species,
CAEU-1847,22,22,,1,Didemnidae odd!!,/,/,/,,Gustav Paulay,2026-08-16,,103439,Didemnidae,Animalia,Chordata,Ascidiacea,Aplousobranchia,Didemnidae,,,,,2026-08-16,"Sean, Robin, Isabel, Terry",Eureka Marina near Wharfinger building,docks,,hand,,Family,
CAEU-1848,20,20,,1,Amphipoda,/,,,,Gustav Paulay,2026-08-16,,1135,Amphipoda,Animalia,Arthropoda,Malacostraca,Amphipoda,,,,,,2026-08-16,"Svetlana, Gustav","Samoa Bridge, Samoa side",mud flat,,shovel,,Higher,
CAEU-1849,20,20,,1,Macoma,/,/,/,,Gustav Paulay,2026-08-16,,138531,Macoma,Animalia,Mollusca,Bivalvia,Cardiida,Tellinidae,Macoma,,,,2026-08-16,"Svetlana, Gustav","Samoa Bridge, Samoa side",mud flat,,shovel,,Genus,
CAEU-1850,22,22,,1,Mytilus trossulus,/,/,/,,Gustav Paulay,2026-08-16,,140482,Mytilus trossulus,Animalia,Mollusca,Bivalvia,Mytilida,Mytilidae,Mytilus,,trossulus,,2026-08-16,"Sean, Robin, Isabel, Terry",Eureka Marina near Wharfinger building,docks,,hand,,Species,
CAEU-1851,22,22,,1,Metridium senile,/,/,/,,Gustav Paulay,2026-08-16,,100982,Metridium senile,Animalia,Cnidaria,Hexacorallia,Actiniaria,Metridiidae,Metridium,,senile,,2026-08-16,"Sean, Robin, Isabel, Terry",Eureka Marina near Wharfinger building,docks,,hand,,Species,
CAEU-1852,22,22,,1,Botrylloides,/,/,/,,Gustav Paulay,2026-08-16,,103528,Botrylloides,Animalia,Chordata,Ascidiacea,Stolidobranchia,Styelidae,Botrylloides,,,,2026-08-16,"Sean, Robin, Isabel, Terry",Eureka Marina near Wharfinger building,docks,,hand,,Genus,
CAEU-1853,20,20,,bulk,Hemigrapsus oregonensis,X,X,/,,Gustav Paulay,2026-08-16,,444778,Hemigrapsus oregonensis,Animalia,Arthropoda,Malacostraca,Decapoda,Varunidae,Hemigrapsus,,oregonensis,,2026-08-16,"Svetlana, Gustav","Samoa Bridge, Samoa side",mud flat,,shovel,,Species,
CAEU-1854,17C,17C,,1,Neotrypaea gigas,/,/,/,,Andrei,2026-08-16,,465349,Neotrypaea gigas,Animalia,Arthropoda,Malacostraca,Decapoda,Callianassidae,Neotrypaea,,gigas,,,,,,,,,Species,
CAEU-1855,17C,17C,CAEU-1854,1,Claustridium vancouverense,/,/,X,on CAEU-1854,Andrei,2026-08-16,,357836,Clausidium vancouverensis,Animalia,Arthropoda,Copepoda,Cyclopoida,Clausidiidae,Clausidium,,vancouverensis,,,,,,,,,Species,
CAEU-1856,17C,17C,CAEU-1854,1,Claustridium vancouverense,/,/,X,on CAEU-1854,Andrei,2026-08-16,,357836,Clausidium vancouverensis,Animalia,Arthropoda,Copepoda,Cyclopoida,Clausidiidae,Clausidium,,vancouverensis,,,,,,,,,Species,
CAEU-1857,17C,17C,CAEU-1854,1,Claustridium vancouverense,/,X,/,on CAEU-1854,Andrei,2026-08-16,,357836,Clausidium vancouverensis,Animalia,Arthropoda,Copepoda,Cyclopoida,Clausidiidae,Clausidium,,vancouverensis,,,,,,,,,Species,
CAEU-1858,17C,17C,CAEU-1854,1,Claustridium vancouverense,/,X,/,on CAEU-1854,Andrei,2026-08-16,,357836,Clausidium vancouverensis,Animalia,Arthropoda,Copepoda,Cyclopoida,Clausidiidae,Clausidium,,vancouverensis,,,,,,,,,Species,
CAEU-1859,17C,17C,CAEU-1854,bulk,Claustridium vancouverense,X,X,/,on CAEU-1854,Andrei,2026-08-16,,357836,Clausidium vancouverensis,Animalia,Arthropoda,Copepoda,Cyclopoida,Clausidiidae,Clausidium,,vancouverensis,,,,,,,,,Species,
CAEU-1860,17C,17C,,1,Crassostrea gigas,/,/,/,,Gustav Paulay,2026-08-16,,140656,Crassostrea gigas,Animalia,Mollusca,Bivalvia,Ostreida,Ostreidae,Crassostrea,,gigas,,,,,,,,,Species,
CAEU-1861,HUMB 17A,17A,,1,Dendronotus venustus,Y,Y,Y,,AGARWAL/GOSLINER,2026-08-16,,548249,Dendronotus venustus,Animalia,Mollusca,Gastropoda,Nudibranchia,Dendronotidae,Dendronotus,,venustus,,2026-08-16,"Greg, Dakota",Woodley Marina,docks,clean (East),scrapings,,Species,
CAEU-1862,HUMB 22,22,,1,Aeolidia loui,Y,Y,Y,,AGARWAL/GOSLINER,2026-08-16,,880372,Aeolidia loui,Animalia,Mollusca,Gastropoda,Nudibranchia,Aeolidiidae,Aeolidia,,loui,,2026-08-16,"Sean, Robin, Isabel, Terry",Eureka Marina near Wharfinger building,docks,,hand,,Species,
CAEU-1863,HUMB 22,22,,3,Diaphorodoris lirulatucauda,Y,Y,Y,,AGARWAL/GOSLINER,2026-08-16,,581691,Diaphorodoris lirulatocauda,Animalia,Mollusca,Gastropoda,Doridida,Calycidorididae,Diaphorodoris,,lirulatocauda,,2026-08-16,"Sean, Robin, Isabel, Terry",Eureka Marina near Wharfinger building,docks,,hand,,Species,
CAEU-1864,HUMB 22,22,,2,Polycera atra,Y,Y,Y,,AGARWAL/GOSLINER,2026-08-16,,527533,Polycera atra,Animalia,Mollusca,Gastropoda,Doridida,Polyceridae,Polycera,,atra,,2026-08-16,"Sean, Robin, Isabel, Terry",Eureka Marina near Wharfinger building,docks,,hand,,Species,
CAEU-1865,HUMB 22,22,,1,Aeolidia papillosa,Y,Y,Y,,AGARWAL/GOSLINER,2026-08-16,,138709,Aeolidia papillosa,Animalia,Mollusca,Gastropoda,Nudibranchia,Aeolidiidae,Aeolidia,,papillosa,,2026-08-16,"Sean, Robin, Isabel, Terry",Eureka Marina near Wharfinger building,docks,,hand,,Species,
CAEU-1866,HUMB 22,22,,3,Hermissenda opalescens,Y,Y,Y,,AGARWAL/GOSLINER,2026-08-16,,877759,Hermissenda opalescens,Animalia,Mollusca,Gastropoda,Nudibranchia,Myrrhinidae,Hermissenda,,opalescens,,2026-08-16,"Sean, Robin, Isabel, Terry",Eureka Marina near Wharfinger building,docks,,hand,,Species,
CAEU-1867,,,,,,,,,,,,,,,,,,,,,,,,,,,,,,,,
CAEU-1868,,,,,,,,,,,,,,,,,,,,,,,,,,,,,,,,
CAEU-1869,,,,,,,,,,,,,,,,,,,,,,,,,,,,,,,,
CAEU-1870,,,,,,,,,,,,,,,,,,,,,,,,,,,,,,,,
CAEU-1871,,,,,,,,,,,,,,,,,,,,,,,,,,,,,,,,
CAEU-1872,,,,,,,,,,,,,,,,,,,,,,,,,,,,,,,,
CAEU-1873,,,,,,,,,,,,,,,,,,,,,,,,,,,,,,,,
CAEU-1874,,,,,,,,,,,,,,,,,,,,,,,,,,,,,,,,
CAEU-1875,,,,,,,,,,,,,,,,,,,,,,,,,,,,,,,,
CAEU-1876,,,,,,,,,,,,,,,,,,,,,,,,,,,,,,,,
CAEU-1877,,,,,,,,,,,,,,,,,,,,,,,,,,,,,,,,
CAEU-1878,,,,,,,,,,,,,,,,,,,,,,,,,,,,,,,,
CAEU-1879,,,,,,,,,,,,,,,,,,,,,,,,,,,,,,,,
CAEU-1880,,,,,,,,,,,,,,,,,,,,,,,,,,,,,,,,
CAEU-1881,,,,,,,,,,,,,,,,,,,,,,,,,,,,,,,,
CAEU-1882,,,,,,,,,,,,,,,,,,,,,,,,,,,,,,,,
CAEU-1883,,,,,,,,,,,,,,,,,,,,,,,,,,,,,,,,
CAEU-1884,,,,,,,,,,,,,,,,,,,,,,,,,,,,,,,,
CAEU-1885,,,,,,,,,,,,,,,,,,,,,,,,,,,,,,,,
CAEU-1886,,,,,,,,,,,,,,,,,,,,,,,,,,,,,,,,
CAEU-1887,,,,,,,,,,,,,,,,,,,,,,,,,,,,,,,,
CAEU-1888,,,,,,,,,,,,,,,,,,,,,,,,,,,,,,,,
CAEU-1889,,,,,,,,,,,,,,,,,,,,,,,,,,,,,,,,
CAEU-1890,,,,,,,,,,,,,,,,,,,,,,,,,,,,,,,,
CAEU-1891,20,20,,1,Maculaura sp.,✓,✓,✓,new sp? color like oregonensis but long & slender,Svetlana Maslakova,2026-08-16,,894171,Maculaura,Animalia,Nemertea,Pilidiophora,Heteronemertea,Lineidae,Maculaura,,,,2026-08-16,"Svetlana, Gustav","Samoa Bridge, Samoa side",mud flat,,shovel,,Genus,
CAEU-1892,20,20,,1,Maculaura oregonensis?,✓,✓,✓,"missing posterior, small",Svetlana Maslakova,2026-08-16,,894176,Maculaura oregonensis,Animalia,Nemertea,Pilidiophora,Heteronemertea,Lineidae,Maculaura,,oregonensis,,2026-08-16,"Svetlana, Gustav","Samoa Bridge, Samoa side",mud flat,,shovel,,Species,
CAEU-1893,20,20,,1,Maculaura sp.,✓,✓,,"new? long, slender, as CAEU-1891",Svetlana Maslakova,2026-08-16,,894171,Maculaura,Animalia,Nemertea,Pilidiophora,Heteronemertea,Lineidae,Maculaura,,,,2026-08-16,"Svetlana, Gustav","Samoa Bridge, Samoa side",mud flat,,shovel,,Genus,
CAEU-1894,20,20,,1,Zygonemertes sp.,✓,✓,✓,mud-associated,Svetlana Maslakova,2026-08-16,,122400,Zygonemertes,Animalia,Nemertea,Hoplonemertea,Monostilifera,Zygonemertidae,Zygonemertes,,,,2026-08-16,"Svetlana, Gustav","Samoa Bridge, Samoa side",mud flat,,shovel,,Genus,
CAEU-1895,20,20,,1,Maculaura oregonensis?,✓,✓,✓,"short, deed-colored, flat; complete",Svetlana Maslakova,2026-08-16,,894176,Maculaura oregonensis,Animalia,Nemertea,Pilidiophora,Heteronemertea,Lineidae,Maculaura,,oregonensis,,2026-08-16,"Svetlana, Gustav","Samoa Bridge, Samoa side",mud flat,,shovel,,Species,
CAEU-1896,21,21,,1,Carinoma sp.,✓,✓,✓,,Svetlana Maslakova,2026-08-16,,122378,Carinoma,Animalia,Nemertea,Palaeonemertea,Carinomiformes,Carinomidae,Carinoma,,,,2026-08-16,"Svetlana, Gustav",Park Street,sand flat with Zostera,,hand,,Genus,
CAEU-1897,21,21,,1,Carinoma sp.,✓,✓,✓,,Svetlana Maslakova,2026-08-16,,122378,Carinoma,Animalia,Nemertea,Palaeonemertea,Carinomiformes,Carinomidae,Carinoma,,,,2026-08-16,"Svetlana, Gustav",Park Street,sand flat with Zostera,,hand,,Genus,
CAEU-1898,21,21,,1,Carinoma sp.,✓,✓,✓,,Svetlana Maslakova,2026-08-16,,122378,Carinoma,Animalia,Nemertea,Palaeonemertea,Carinomiformes,Carinomidae,Carinoma,,,,2026-08-16,"Svetlana, Gustav",Park Street,sand flat with Zostera,,hand,,Genus,
CAEU-1899,17C,17C,,1,Maculaura sp.,✓,✓,✓,in sand (fine),Svetlana Maslakova,2026-08-16,,894171,Maculaura,Animalia,Nemertea,Pilidiophora,Heteronemertea,Lineidae,Maculaura,,,,,,,,,,,Genus,
CAEU-1900,17C,17C,,1,Poseidonemertes sp.,✓,✓,✓,under rock (on fine mud); no stylet photo,Svetlana Maslakova,2026-08-16,,148041,Poseidonemertes,Animalia,Nemertea,Hoplonemertea,Monostilifera,Poseidonemertidae,Poseidonemertes,,,,,,,,,,,Genus,
CAEU-1901,,,,,,,,,,,,,,,,,,,,,,,,,,,,,,,,
CAEU-1902,,,,,,,,,,,,,,,,,,,,,,,,,,,,,,,,
CAEU-1903,,,,,,,,,,,,,,,,,,,,,,,,,,,,,,,,
CAEU-1904,,,,,,,,,,,,,,,,,,,,,,,,,,,,,,,,
CAEU-1905,,,,,,,,,,,,,,,,,,,,,,,,,,,,,,,,
CAEU-1906,,,,,,,,,,,,,,,,,,,,,,,,,,,,,,,,
CAEU-1907,,,,,,,,,,,,,,,,,,,,,,,,,,,,,,,,
CAEU-1908,,,,,,,,,,,,,,,,,,,,,,,,,,,,,,,,
CAEU-1909,,,,,,,,,,,,,,,,,,,,,,,,,,,,,,,,
CAEU-1910,,,,,,,,,,,,,,,,,,,,,,,,,,,,,,,,
CAEU-1911,,,,,,,,,,,,,,,,,,,,,,,,,,,,,,,,
CAEU-1912,,,,,,,,,,,,,,,,,,,,,,,,,,,,,,,,
CAEU-1913,,,,,,,,,,,,,,,,,,,,,,,,,,,,,,,,
CAEU-1914,,,,,,,,,,,,,,,,,,,,,,,,,,,,,,,,
CAEU-1915,,,,,,,,,,,,,,,,,,,,,,,,,,,,,,,,
CAEU-1916,,,,,,,,,,,,,,,,,,,,,,,,,,,,,,,,
CAEU-1917,,,,,,,,,,,,,,,,,,,,,,,,,,,,,,,,
CAEU-1918,,,,,,,,,,,,,,,,,,,,,,,,,,,,,,,,
CAEU-1919,,,,,,,,,,,,,,,,,,,,,,,,,,,,,,,,
CAEU-1920,,,,,,,,,,,,,,,,,,,,,,,,,,,,,,,,
CAEU-1921,17C,17C,,1,Upogebia pugettensis,/,/,/,,Andrei,2026-08-16,,367757,Upogebia pugettensis,Animalia,Arthropoda,Malacostraca,Decapoda,Upogebiidae,Upogebia,,pugettensis,,,,,,,,,Species,
CAEU-1922,17C,17C,,1,Betaeus harrimani ♂,/,/,/,w/ CAEU-1921 & others: Upogebia,Gustav Paulay,2026-08-16,,515045,Betaeus harrimani,Animalia,Arthropoda,Malacostraca,Decapoda,Alpheidae,Betaeus,,harrimani,,,,,,,,,Species,
CAEU-1923,17C,17C,,1,Cryptomya californica,/,/,/,w/ CAEU-1921 & others: Upogebia,Gustav Paulay,2026-08-16,,397065,Cryptomya californica,Animalia,Mollusca,Bivalvia,Myida,Myidae,Cryptomya,,californica,,,,,,,,,Species,
CAEU-1924,17C,17C,,1,Cryptomya californica,/,/,/,w/ CAEU-1921 & others: Upogebia,Gustav Paulay,2026-08-16,,397065,Cryptomya californica,Animalia,Mollusca,Bivalvia,Myida,Myidae,Cryptomya,,californica,,,,,,,,,Species,
CAEU-1925,17C,17C,,1,Rhamphidonta retifera,/,/,/,w/ CAEU-1921 & others: Upogebia,Gustav Paulay,2026-08-16,,582734,Rhamphidonta retifera,Animalia,Mollusca,Bivalvia,Galeommatida,Lasaeidae,Rhamphidonta,,retifera,,,,,,,,,Species,
CAEU-1926,17C,17C,,1,Rhamphidonta retifera,/,/,/,w/ CAEU-1921 & others: Upogebia UF,Gustav Paulay,2026-08-16,,582734,Rhamphidonta retifera,Animalia,Mollusca,Bivalvia,Galeommatida,Lasaeidae,Rhamphidonta,,retifera,,,,,,,,,Species,
CAEU-1927,17C,17C,,1,Polynoidae,/,/,/,w/ CAEU-1921 & others: Upogebia,Gustav Paulay,2026-08-16,,939,Polynoidae,Animalia,Annelida,Polychaeta,Phyllodocida,Polynoidae,,,,,,,,,,,,Family,
CAEU-1928,19,19,,bulk,Hemigrapsus oregonensis,X,X,/,,Gustav Paulay,2026-08-16,,444778,Hemigrapsus oregonensis,Animalia,Arthropoda,Malacostraca,Decapoda,Varunidae,Hemigrapsus,,oregonensis,,2026-08-16,"John, Alex",Mar River Slough,salt marsh and mud flat,,hand,,Species,
CAEU-1929,22,22,,1,Hydromedusa,/,/,/,,Gustav Paulay,2026-08-16,,1056585,Hydromedusa,Animalia,Chordata,,Testudines,Chelidae,Hydromedusa,,,,2026-08-16,"Sean, Robin, Isabel, Terry",Eureka Marina near Wharfinger building,docks,,hand,,Genus,
CAEU-1930,22,22,,bulk,Nassarius mendicus,X,X,/,,Gustav Paulay,2026-08-16,,560256,Nassarius mendicus,Animalia,Mollusca,Gastropoda,Neogastropoda,Nassariidae,Nassarius,,mendicus,,2026-08-16,"Sean, Robin, Isabel, Terry",Eureka Marina near Wharfinger building,docks,,hand,,Species,
CAEU-1931,20,20,,1,Carcinus maenas,/,/,/,,Gustav Paulay,2026-08-16,,107381,Carcinus maenas,Animalia,Arthropoda,Malacostraca,Decapoda,Carcinidae,Carcinus,,maenas,,2026-08-16,"Svetlana, Gustav","Samoa Bridge, Samoa side",mud flat,,shovel,,Species,
CAEU-1932,20,20,,1,Venerupis philippinarum,/,/,/,,Gustav Paulay,2026-08-16,,1870322,Venerupis philippinarum,Animalia,Mollusca,Bivalvia,Venerida,Veneridae,Venerupis,,philippinarum,,2026-08-16,"Svetlana, Gustav","Samoa Bridge, Samoa side",mud flat,,shovel,,Species,
CAEU-1933,17C,17C,,1,Mytilus trossulus,/,/,/,,Gustav Paulay,2026-08-16,,140482,Mytilus trossulus,Animalia,Mollusca,Bivalvia,Mytilida,Mytilidae,Mytilus,,trossulus,,,,,,,,,Species,
CAEU-1934,17C,17C,,1,Leukoma staminea,/,/,/,odd species!,Gustav Paulay,2026-08-16,,507737,Leukoma staminea,Animalia,Mollusca,Bivalvia,Venerida,Veneridae,Leukoma,,staminea,,,,,,,,,Species,
CAEU-1935,17C,17C,,1,Ostreidae,/,/,/,,Gustav Paulay,2026-08-16,,215,Ostreidae,Animalia,Mollusca,Bivalvia,Ostreida,Ostreidae,,,,,,,,,,,,Family,
CAEU-1936,17C,17C,,1,Leukoma staminea,/,/,/,,Gustav Paulay,2026-08-16,,507737,Leukoma staminea,Animalia,Mollusca,Bivalvia,Venerida,Veneridae,Leukoma,,staminea,,,,,,,,,Species,
CAEU-1937,21,21,,1,Hydrozoa,/,/,/,on Zostera blades,Gustav Paulay,2026-08-16,,1337,Hydrozoa,Animalia,Cnidaria,Hydrozoa,,,,,,,2026-08-16,"Svetlana, Gustav",Park Street,sand flat with Zostera,,hand,,Higher,
CAEU-1938,21,21,,bulk,Bryozoa,/,/,/,on Zostera blades,Gustav Paulay,2026-08-16,,146142,Bryozoa,Animalia,Bryozoa,,,,,,,,2026-08-16,"Svetlana, Gustav",Park Street,sand flat with Zostera,,hand,,Higher,
CAEU-1939,17C,17C,,bulk,Macoma nasuta,,,/,,,,,582761,Macoma nasuta,Animalia,Mollusca,Bivalvia,Cardiida,Tellinidae,Macoma,,nasuta,,,,,,,,,Species,
CAEU-1940,,,,,,,,,,,,,,,,,,,,,,,,,,,,,,,,
CAEU-1941,,,,,,,,,,,,,,,,,,,,,,,,,,,,,,,,
CAEU-1942,,,,,,,,,,,,,,,,,,,,,,,,,,,,,,,,
CAEU-1943,,,,,,,,,,,,,,,,,,,,,,,,,,,,,,,,
CAEU-1944,,,,,,,,,,,,,,,,,,,,,,,,,,,,,,,,
CAEU-1945,,,,,,,,,,,,,,,,,,,,,,,,,,,,,,,,
CAEU-1946,,,,,,,,,,,,,,,,,,,,,,,,,,,,,,,,
CAEU-1947,,,,,,,,,,,,,,,,,,,,,,,,,,,,,,,,
CAEU-1948,,,,,,,,,,,,,,,,,,,,,,,,,,,,,,,,
CAEU-1949,,,,,,,,,,,,,,,,,,,,,,,,,,,,,,,,
CAEU-1950,,,,,,,,,,,,,,,,,,,,,,,,,,,,,,,,
CAEU-2911,EU-14B,14B,,1,Gracilaria vermiculophylla?,,,,,K.A. Miller,2026-08-15,3196,236157,Gracilaria vermiculophylla,Plantae,Rhodophyta,Florideophyceae,Gracilariales,Gracilariaceae,Gracilaria,,vermiculophylla,,2026-08-15,"Gustav, Yander, Kathy Ann",Samoa dunes,Sandy shore and jetties,jetty rocks,hand,,Species,
CAEU-2912,EU-14B,14B,,1,Sargassum muticum,,,,,K.A. Miller,2026-08-15,3197,494791,Sargassum muticum,Chromista,Ochrophyta,Phaeophyceae,Fucales,Sargassaceae,Sargassum,,muticum,,2026-08-15,"Gustav, Yander, Kathy Ann",Samoa dunes,Sandy shore and jetties,jetty rocks,hand,,Species,
CAEU-2913,EU-14B,14B,,1,Grateloupia californica?,,,,possibly Prionitis (see base),K.A. Miller,2026-08-15,3198,499360,Grateloupia californica,Plantae,Rhodophyta,Florideophyceae,Halymeniales,Grateloupiaceae,Grateloupia,,californica,,2026-08-15,"Gustav, Yander, Kathy Ann",Samoa dunes,Sandy shore and jetties,jetty rocks,hand,,Species,
CAEU-2914,EU-14B,14B,,1,Phaeostrophion irregulare,,,,,K.A. Miller,2026-08-15,3199,372516,Phaeostrophion irregulare,Chromista,Ochrophyta,Phaeophyceae,Phaeophyceae incertae sedis,Phaeostrophiaceae,Phaeostrophion,,irregulare,,2026-08-15,"Gustav, Yander, Kathy Ann",Samoa dunes,Sandy shore and jetties,jetty rocks,hand,,Species,
CAEU-2915,EU-14B,14B,,1,Phycodrys setchellii,,,,,K.A. Miller,2026-08-15,3200,372630,Phycodrys setchellii,Plantae,Rhodophyta,Florideophyceae,Ceramiales,Delesseriaceae,Phycodrys,,setchellii,,2026-08-15,"Gustav, Yander, Kathy Ann",Samoa dunes,Sandy shore and jetties,jetty rocks,hand,,Species,
CAEU-2916,EU-14B,14B,,1,Schizymenia pacifica,,,,♀ gland cells,K.A. Miller,2026-08-15,3201,372658,Schizymenia pacifica,Plantae,Rhodophyta,Florideophyceae,Nemastomatales,Schizymeniaceae,Schizymenia,,pacifica,,2026-08-15,"Gustav, Yander, Kathy Ann",Samoa dunes,Sandy shore and jetties,jetty rocks,hand,,Species,
CAEU-2917,EU-14B,14B,,1,Savoiea robusta,,,,,K.A. Miller,2026-08-15,3202,1792791,Savoiea robusta,Plantae,Rhodophyta,Florideophyceae,Ceramiales,Rhodomelaceae,Savoiea,,robusta,,2026-08-15,"Gustav, Yander, Kathy Ann",Samoa dunes,Sandy shore and jetties,jetty rocks,hand,,Species,
CAEU-2918,EU-14B,14B,,1,Grateloupia?,,,,,K.A. Miller,2026-08-15,3203,144044,Grateloupia,Plantae,Rhodophyta,Florideophyceae,Halymeniales,Grateloupiaceae,Grateloupia,,,,2026-08-15,"Gustav, Yander, Kathy Ann",Samoa dunes,Sandy shore and jetties,jetty rocks,hand,,Genus,
CAEU-2919,EU-14B,14B,,1,Plocamium pacificum,,,,,K.A. Miller,2026-08-15,3204,498042,Plocamium pacificum,Plantae,Rhodophyta,Florideophyceae,Plocamiales,Plocamiaceae,Plocamium,,pacificum,,2026-08-15,"Gustav, Yander, Kathy Ann",Samoa dunes,Sandy shore and jetties,jetty rocks,hand,,Species,
CAEU-2920,EU-14B,14B,,1,Ulva clathrata?,,,,,K.A. Miller,2026-08-15,3205,156078,Ulva clathrata,Plantae,Chlorophyta,Ulvophyceae,Ulvales,Ulvaceae,Ulva,,clathrata,,2026-08-15,"Gustav, Yander, Kathy Ann",Samoa dunes,Sandy shore and jetties,jetty rocks,hand,,Species,
CAEU-2921,EU-14B,14B,,1,Pyropia,,,,,K.A. Miller,2026-08-15,3206,603075,Pyropia,Plantae,Rhodophyta,Bangiophyceae,Bangiales,Bangiaceae,Pyropia,,,,2026-08-15,"Gustav, Yander, Kathy Ann",Samoa dunes,Sandy shore and jetties,jetty rocks,hand,,Genus,
CAEU-2922,EU-14B,14B,,1,Mastocarpus,,,,♂? ♀ same rock,K.A. Miller,2026-08-15,3207,144163,Mastocarpus,Plantae,Rhodophyta,Florideophyceae,Gigartinales,Phyllophoraceae,Mastocarpus,,,,2026-08-15,"Gustav, Yander, Kathy Ann",Samoa dunes,Sandy shore and jetties,jetty rocks,hand,,Genus,
CAEU-2923,EU-14B,14B,,1,Ulva,,,,,K.A. Miller,2026-08-15,3208,144296,Ulva,Plantae,Chlorophyta,Ulvophyceae,Ulvales,Ulvaceae,Ulva,,,,2026-08-15,"Gustav, Yander, Kathy Ann",Samoa dunes,Sandy shore and jetties,jetty rocks,hand,,Genus,
CAEU-2924,EU-14B,14B,,1,Ulva,,,,,K.A. Miller,2026-08-15,3209,144296,Ulva,Plantae,Chlorophyta,Ulvophyceae,Ulvales,Ulvaceae,Ulva,,,,2026-08-15,"Gustav, Yander, Kathy Ann",Samoa dunes,Sandy shore and jetties,jetty rocks,hand,,Genus,
CAEU-2925,EU-14B,14B,,1,Ulva,,,,,K.A. Miller,2026-08-15,3210,144296,Ulva,Plantae,Chlorophyta,Ulvophyceae,Ulvales,Ulvaceae,Ulva,,,,2026-08-15,"Gustav, Yander, Kathy Ann",Samoa dunes,Sandy shore and jetties,jetty rocks,hand,,Genus,
CAEU-2926,EU-14B,14B,,1,Pyropia,,,,w/ Ulva upper mid,K.A. Miller,2026-08-15,3211,603075,Pyropia,Plantae,Rhodophyta,Bangiophyceae,Bangiales,Bangiaceae,Pyropia,,,,2026-08-15,"Gustav, Yander, Kathy Ann",Samoa dunes,Sandy shore and jetties,jetty rocks,hand,,Genus,
CAEU-2927,EU-14B,14B,,1,Ulva,,,,,K.A. Miller,2026-08-15,3212,144296,Ulva,Plantae,Chlorophyta,Ulvophyceae,Ulvales,Ulvaceae,Ulva,,,,2026-08-15,"Gustav, Yander, Kathy Ann",Samoa dunes,Sandy shore and jetties,jetty rocks,hand,,Genus,
CAEU-2928,EU-14B,14B,,1,Ulva,,,,high on flat rock,K.A. Miller,2026-08-15,3213,144296,Ulva,Plantae,Chlorophyta,Ulvophyceae,Ulvales,Ulvaceae,Ulva,,,,2026-08-15,"Gustav, Yander, Kathy Ann",Samoa dunes,Sandy shore and jetties,jetty rocks,hand,,Genus,
CAEU-2929,EU-14B,14B,,,,,,,,,,3214,,,,,,,,,,,,2026-08-15,"Gustav, Yander, Kathy Ann",Samoa dunes,Sandy shore and jetties,jetty rocks,hand,,,
CAEU-2930,EU-14B,14B,,1,coralline crust,,,,bumps,K.A. Miller,2026-08-15,3215,15308,Corallinales,Plantae,Rhodophyta,Florideophyceae,Corallinales,,,,,,2026-08-15,"Gustav, Yander, Kathy Ann",Samoa dunes,Sandy shore and jetties,jetty rocks,hand,,Higher,
CAEU-2931,EU-14B,14B,,1,coralline crust,,,,,K.A. Miller,2026-08-15,3216,15308,Corallinales,Plantae,Rhodophyta,Florideophyceae,Corallinales,,,,,,2026-08-15,"Gustav, Yander, Kathy Ann",Samoa dunes,Sandy shore and jetties,jetty rocks,hand,,Higher,
CAEU-2932,EU-14B,14B,,1,coralline crust,,,,,K.A. Miller,2026-08-15,3217,15308,Corallinales,Plantae,Rhodophyta,Florideophyceae,Corallinales,,,,,,2026-08-15,"Gustav, Yander, Kathy Ann",Samoa dunes,Sandy shore and jetties,jetty rocks,hand,,Higher,
CAEU-2933,EU-14B,14B,,1,coralline crust,,,,,K.A. Miller,2026-08-15,3218,15308,Corallinales,Plantae,Rhodophyta,Florideophyceae,Corallinales,,,,,,2026-08-15,"Gustav, Yander, Kathy Ann",Samoa dunes,Sandy shore and jetties,jetty rocks,hand,,Higher,
CAEU-2934,EU-14B,14B,,1,coralline crust,,,,,K.A. Miller,2026-08-15,3219,15308,Corallinales,Plantae,Rhodophyta,Florideophyceae,Corallinales,,,,,,2026-08-15,"Gustav, Yander, Kathy Ann",Samoa dunes,Sandy shore and jetties,jetty rocks,hand,,Higher,
CAEU-2935,EU22,22,,1,Chondracanthus exasperatus,,,,,K.A. Miller,2026-08-15,3220,372551,Chondracanthus exasperatus,Plantae,Rhodophyta,Florideophyceae,Gigartinales,Gigartinaceae,Chondracanthus,,exasperatus,,2026-08-16,"Sean, Robin, Isabel, Terry",Eureka Marina near Wharfinger building,docks,,hand,,Species,
CAEU-2936,EU22,22,,1,Grateloupia turuturu,,,,,K.A. Miller,2026-08-15,3221,295880,Grateloupia turuturu,Plantae,Rhodophyta,Florideophyceae,Halymeniales,Grateloupiaceae,Grateloupia,,turuturu,,2026-08-16,"Sean, Robin, Isabel, Terry",Eureka Marina near Wharfinger building,docks,,hand,,Species,
CAEU-2937,EU22,22,,1,Grateloupia,,,,,K.A. Miller,2026-08-15,3222,144044,Grateloupia,Plantae,Rhodophyta,Florideophyceae,Halymeniales,Grateloupiaceae,Grateloupia,,,,2026-08-16,"Sean, Robin, Isabel, Terry",Eureka Marina near Wharfinger building,docks,,hand,,Genus,
CAEU-2938,EU22,22,,1,Grateloupia turuturu,,,,,K.A. Miller,2026-08-15,3223,295880,Grateloupia turuturu,Plantae,Rhodophyta,Florideophyceae,Halymeniales,Grateloupiaceae,Grateloupia,,turuturu,,2026-08-16,"Sean, Robin, Isabel, Terry",Eureka Marina near Wharfinger building,docks,,hand,,Species,
CAEU-2939,EU22,22,,1,Ulva,,,,,K.A. Miller,2026-08-15,3224,144296,Ulva,Plantae,Chlorophyta,Ulvophyceae,Ulvales,Ulvaceae,Ulva,,,,2026-08-16,"Sean, Robin, Isabel, Terry",Eureka Marina near Wharfinger building,docks,,hand,,Genus,
CAEU-2940,EU22,22,,1,Bryopsis corticulans,,,,"light green, distichous",K.A. Miller,2026-08-15,3225,371783,Bryopsis corticulans,Plantae,Chlorophyta,Ulvophyceae,Bryopsidales,Bryopsidaceae,Bryopsis,,corticulans,,2026-08-16,"Sean, Robin, Isabel, Terry",Eureka Marina near Wharfinger building,docks,,hand,,Species,
CAEU-2941,7,7,,1,Calliarthron tuberculosum,,,,,K.A. Miller,2026-08-14,3166,372537,Calliarthron tuberculosum,Plantae,Rhodophyta,Florideophyceae,Corallinales,Corallinaceae,Calliarthron,,tuberculosum,,2026-08-13,"Kathy Ann, Svetlana, John, Soma, Gustav, Yander, Terry, Robin, Siena, Ciara, Isabel, Sadie, Julien",Baker's Beach,"Rocky shore and beach mixed with rocky outcrops, cobble fields, tide pools, kelp and algal cover, low IT with urchin barrens",,"hand, general",,Species,
CAEU-2942,7,7,,1,Mastocarpus,,,,♂?,K.A. Miller,2026-08-14,3167,144163,Mastocarpus,Plantae,Rhodophyta,Florideophyceae,Gigartinales,Phyllophoraceae,Mastocarpus,,,,2026-08-13,"Kathy Ann, Svetlana, John, Soma, Gustav, Yander, Terry, Robin, Siena, Ciara, Isabel, Sadie, Julien",Baker's Beach,"Rocky shore and beach mixed with rocky outcrops, cobble fields, tide pools, kelp and algal cover, low IT with urchin barrens",,"hand, general",,Genus,
CAEU-2943,10,10,,1,Prionitis sternbergii,,,,,K.A. Miller,2026-08-14,3168,375614,Prionitis sternbergii,Plantae,Rhodophyta,Florideophyceae,Halymeniales,Halymeniaceae,Prionitis,,sternbergii,,2026-08-14,"Svetlana, Gustav, Soma, Kathy Ann",S of Cape Mendocino,"Rocky shore with boulders and cobbles, some on silty sand, beach in high IT only, tide pools, low IT with urchin barrens",,,,Species,
CAEU-2944,10,10,,1,Cryptopleura violacea,,,,⊕,K.A. Miller,2026-08-14,3169,372562,Cryptopleura violacea,Plantae,Rhodophyta,Florideophyceae,Ceramiales,Delesseriaceae,Cryptopleura,,violacea,,2026-08-14,"Svetlana, Gustav, Soma, Kathy Ann",S of Cape Mendocino,"Rocky shore with boulders and cobbles, some on silty sand, beach in high IT only, tide pools, low IT with urchin barrens",,,,Species,
CAEU-2945,10,10,,1,Cryptopleura ruprechtiana,,,,⊕ ♂,K.A. Miller,2026-08-14,3170,372561,Cryptopleura ruprechtiana,Plantae,Rhodophyta,Florideophyceae,Ceramiales,Delesseriaceae,Cryptopleura,,ruprechtiana,,2026-08-14,"Svetlana, Gustav, Soma, Kathy Ann",S of Cape Mendocino,"Rocky shore with boulders and cobbles, some on silty sand, beach in high IT only, tide pools, low IT with urchin barrens",,,,Species,
CAEU-2946,10,10,,1,Hymenena flabelligera,,,,⊕,K.A. Miller,2026-08-14,3171,372588,Hymenena flabelligera,Plantae,Rhodophyta,Florideophyceae,Ceramiales,Delesseriaceae,Hymenena,,flabelligera,,2026-08-14,"Svetlana, Gustav, Soma, Kathy Ann",S of Cape Mendocino,"Rocky shore with boulders and cobbles, some on silty sand, beach in high IT only, tide pools, low IT with urchin barrens",,,,Species,
CAEU-2947,10,10,,1,Prionitis lanceolata,,,,,K.A. Miller,2026-08-14,3172,496247,Prionitis lanceolata,Plantae,Rhodophyta,Florideophyceae,Halymeniales,Halymeniaceae,Prionitis,,lanceolata,,2026-08-14,"Svetlana, Gustav, Soma, Kathy Ann",S of Cape Mendocino,"Rocky shore with boulders and cobbles, some on silty sand, beach in high IT only, tide pools, low IT with urchin barrens",,,,Species,
CAEU-2948,10,10,,1,Mazzaella flaccida,,,,⊕ ♀,K.A. Miller,2026-08-14,3173,371701,Mazzaella flaccida,Plantae,Rhodophyta,Florideophyceae,Gigartinales,Gigartinaceae,Mazzaella,,flaccida,,2026-08-14,"Svetlana, Gustav, Soma, Kathy Ann",S of Cape Mendocino,"Rocky shore with boulders and cobbles, some on silty sand, beach in high IT only, tide pools, low IT with urchin barrens",,,,Species,
CAEU-2949,10,10,,1,Mazzaella oregona,,,,♀,K.A. Miller,2026-08-14,3174,376274,Mazzaella oregona,Plantae,Rhodophyta,Florideophyceae,Gigartinales,Gigartinaceae,Mazzaella,,oregona,,2026-08-14,"Svetlana, Gustav, Soma, Kathy Ann",S of Cape Mendocino,"Rocky shore with boulders and cobbles, some on silty sand, beach in high IT only, tide pools, low IT with urchin barrens",,,,Species,
CAEU-2950,10,10,,1,Prionitis Lanceolata,,,,pool form,K.A. Miller,2026-08-14,3175,496247,Prionitis lanceolata,Plantae,Rhodophyta,Florideophyceae,Halymeniales,Halymeniaceae,Prionitis,,lanceolata,,2026-08-14,"Svetlana, Gustav, Soma, Kathy Ann",S of Cape Mendocino,"Rocky shore with boulders and cobbles, some on silty sand, beach in high IT only, tide pools, low IT with urchin barrens",,,,Species,
CAEU-2951,10,10,,1,Odonthalia oregona,,,,,K.A. Miller,2026-08-14,3176,497634,Odonthalia oregona,Plantae,Rhodophyta,Florideophyceae,Ceramiales,Rhodomelaceae,Odonthalia,,oregona,,2026-08-14,"Svetlana, Gustav, Soma, Kathy Ann",S of Cape Mendocino,"Rocky shore with boulders and cobbles, some on silty sand, beach in high IT only, tide pools, low IT with urchin barrens",,,,Species,
CAEU-2952,10,10,,1,Mastocarpus,,,,♀ ♂ upper intertidal,K.A. Miller,2026-08-14,3177,144163,Mastocarpus,Plantae,Rhodophyta,Florideophyceae,Gigartinales,Phyllophoraceae,Mastocarpus,,,,2026-08-14,"Svetlana, Gustav, Soma, Kathy Ann",S of Cape Mendocino,"Rocky shore with boulders and cobbles, some on silty sand, beach in high IT only, tide pools, low IT with urchin barrens",,,,Genus,
CAEU-2953,10,10,,1,Mastocarpus,,,,♀ upper,K.A. Miller,2026-08-14,3178,144163,Mastocarpus,Plantae,Rhodophyta,Florideophyceae,Gigartinales,Phyllophoraceae,Mastocarpus,,,,2026-08-14,"Svetlana, Gustav, Soma, Kathy Ann",S of Cape Mendocino,"Rocky shore with boulders and cobbles, some on silty sand, beach in high IT only, tide pools, low IT with urchin barrens",,,,Genus,
CAEU-2954,10,10,,1,Mastocarpus,,,,♀ mid (Box 3),K.A. Miller,2026-08-14,3179,144163,Mastocarpus,Plantae,Rhodophyta,Florideophyceae,Gigartinales,Phyllophoraceae,Mastocarpus,,,,2026-08-14,"Svetlana, Gustav, Soma, Kathy Ann",S of Cape Mendocino,"Rocky shore with boulders and cobbles, some on silty sand, beach in high IT only, tide pools, low IT with urchin barrens",,,,Genus,
CAEU-2955,10,10,,1,Mastocarpus,,,,♀ mid (Box 3),K.A. Miller,2026-08-14,3180,144163,Mastocarpus,Plantae,Rhodophyta,Florideophyceae,Gigartinales,Phyllophoraceae,Mastocarpus,,,,2026-08-14,"Svetlana, Gustav, Soma, Kathy Ann",S of Cape Mendocino,"Rocky shore with boulders and cobbles, some on silty sand, beach in high IT only, tide pools, low IT with urchin barrens",,,,Genus,
CAEU-2956,10,10,,1,Mastocarpus,,,,♀ mid (Box 3),K.A. Miller,2026-08-14,3181,144163,Mastocarpus,Plantae,Rhodophyta,Florideophyceae,Gigartinales,Phyllophoraceae,Mastocarpus,,,,2026-08-14,"Svetlana, Gustav, Soma, Kathy Ann",S of Cape Mendocino,"Rocky shore with boulders and cobbles, some on silty sand, beach in high IT only, tide pools, low IT with urchin barrens",,,,Genus,
CAEU-2957,10,10,,1,Mastocarpus,,,,♀ mid,K.A. Miller,2026-08-14,3182,144163,Mastocarpus,Plantae,Rhodophyta,Florideophyceae,Gigartinales,Phyllophoraceae,Mastocarpus,,,,2026-08-14,"Svetlana, Gustav, Soma, Kathy Ann",S of Cape Mendocino,"Rocky shore with boulders and cobbles, some on silty sand, beach in high IT only, tide pools, low IT with urchin barrens",,,,Genus,
CAEU-2958,10,10,,1,Mastocarpus,,,,♀ mid,K.A. Miller,2026-08-14,3183,144163,Mastocarpus,Plantae,Rhodophyta,Florideophyceae,Gigartinales,Phyllophoraceae,Mastocarpus,,,,2026-08-14,"Svetlana, Gustav, Soma, Kathy Ann",S of Cape Mendocino,"Rocky shore with boulders and cobbles, some on silty sand, beach in high IT only, tide pools, low IT with urchin barrens",,,,Genus,
CAEU-2959,10,10,,1,Mastocarpus,,,,,K.A. Miller,2026-08-14,3184,144163,Mastocarpus,Plantae,Rhodophyta,Florideophyceae,Gigartinales,Phyllophoraceae,Mastocarpus,,,,2026-08-14,"Svetlana, Gustav, Soma, Kathy Ann",S of Cape Mendocino,"Rocky shore with boulders and cobbles, some on silty sand, beach in high IT only, tide pools, low IT with urchin barrens",,,,Genus,
CAEU-2960,10,10,,1,Corallina vancouveriensis,,,,,K.A. Miller,2026-08-14,3185,494902,Corallina vancouveriensis,Plantae,Rhodophyta,Florideophyceae,Corallinales,Corallinaceae,Corallina,,vancouveriensis,,2026-08-14,"Svetlana, Gustav, Soma, Kathy Ann",S of Cape Mendocino,"Rocky shore with boulders and cobbles, some on silty sand, beach in high IT only, tide pools, low IT with urchin barrens",,,,Species,
CAEU-2961,10,10,,1,Calliarthron tuberculosum,,,,urchins,K.A. Miller,2026-08-14,3186,372537,Calliarthron tuberculosum,Plantae,Rhodophyta,Florideophyceae,Corallinales,Corallinaceae,Calliarthron,,tuberculosum,,2026-08-14,"Svetlana, Gustav, Soma, Kathy Ann",S of Cape Mendocino,"Rocky shore with boulders and cobbles, some on silty sand, beach in high IT only, tide pools, low IT with urchin barrens",,,,Species,
CAEU-2962,10,10,,1,Corallina Chilensis,,,,,K.A. Miller,2026-08-14,3187,496890,Corallina chilensis,Plantae,Rhodophyta,Florideophyceae,Corallinales,Corallinaceae,Corallina,,chilensis,,2026-08-14,"Svetlana, Gustav, Soma, Kathy Ann",S of Cape Mendocino,"Rocky shore with boulders and cobbles, some on silty sand, beach in high IT only, tide pools, low IT with urchin barrens",,,,Species,
CAEU-2963,10,10,,1,Bossiella plumosa,,,,,K.A. Miller,2026-08-14,3188,372535,Bossiella plumosa,Plantae,Rhodophyta,Florideophyceae,Corallinales,Corallinaceae,Bossiella,,plumosa,,2026-08-14,"Svetlana, Gustav, Soma, Kathy Ann",S of Cape Mendocino,"Rocky shore with boulders and cobbles, some on silty sand, beach in high IT only, tide pools, low IT with urchin barrens",,,,Species,
CAEU-2964,10,10,,1,Calliarthron tuberculosum,,,,pool,K.A. Miller,2026-08-14,3189,372537,Calliarthron tuberculosum,Plantae,Rhodophyta,Florideophyceae,Corallinales,Corallinaceae,Calliarthron,,tuberculosum,,2026-08-14,"Svetlana, Gustav, Soma, Kathy Ann",S of Cape Mendocino,"Rocky shore with boulders and cobbles, some on silty sand, beach in high IT only, tide pools, low IT with urchin barrens",,,,Species,
CAEU-2965,14B,14B,,1,filament or cyano,,,,photos by Yander,K.A. Miller,2026-08-14,3190,1,Biota,,,,,,,,,,2026-08-15,"Gustav, Yander, Kathy Ann",Samoa dunes,Sandy shore and jetties,jetty rocks,hand,,,
CAEU-2966,14B,14B,,1,Mariprosiola meridionalis,,,,reverse,K.A. Miller,2026-08-14,3191,608206,Prasiola meridionalis,Plantae,Chlorophyta,Trebouxiophyceae,Prasiolales,Prasiolaceae,Prasiola,,meridionalis,,2026-08-15,"Gustav, Yander, Kathy Ann",Samoa dunes,Sandy shore and jetties,jetty rocks,hand,,Species,
CAEU-2967,14B,14B,,1,Blidingia minima var. vexata,,,,lichen- alga w/ fungal symbiont,K.A. Miller,2026-08-14,3192,550824,Blidingia minima var. vexata,Plantae,Chlorophyta,Ulvophyceae,Ulvales,Kornmanniaceae,Blidingia,,minima,,2026-08-15,"Gustav, Yander, Kathy Ann",Samoa dunes,Sandy shore and jetties,jetty rocks,hand,,Species,
CAEU-2968,14B,14B,,1,Blidingia minima var. minima,,,,,K.A. Miller,2026-08-14,3193,145950,Blidingia minima,Plantae,Chlorophyta,Ulvophyceae,Ulvales,Kornmanniaceae,Blidingia,,minima,,2026-08-15,"Gustav, Yander, Kathy Ann",Samoa dunes,Sandy shore and jetties,jetty rocks,hand,,Species,
CAEU-2969,14B,14B,,1,Gelidium,,,,uppermost intertidal turf,K.A. Miller,2026-08-14,3194,144135,Gelidium,Plantae,Rhodophyta,Florideophyceae,Gelidiales,Gelidiaceae,Gelidium,,,,2026-08-15,"Gustav, Yander, Kathy Ann",Samoa dunes,Sandy shore and jetties,jetty rocks,hand,,Genus,
CAEU-2970,14B,14B,,1,Caulacanthus okamurae,,,,uppermost intertidal turf,K.A. Miller,2026-08-14,3195,496188,Caulacanthus okamurae,Plantae,Rhodophyta,Florideophyceae,Gigartinales,Caulacanthaceae,Caulacanthus,,okamurae,,2026-08-15,"Gustav, Yander, Kathy Ann",Samoa dunes,Sandy shore and jetties,jetty rocks,hand,,Species,
CAEU-2971,6,6,,1,Ulva fenestrata,,,,,K.A. Miller,2026-08-12,3137,211462,Ulva fenestrata,Plantae,Chlorophyta,Ulvophyceae,Ulvales,Ulvaceae,Ulva,,fenestrata,,2026-08-12,"Kathy Ann, Svetlana, John, Soma, Gustav, Yander, Terry, Robin, Siena, Ciara, Isabel, Sadie, Julien",Old Home Beach,Rocky intertidal with rock ledges,,hand,,Species,
CAEU-2972,6,6,,1,Ulva smaragdina,,,,,K.A. Miller,2026-08-12,3138,657818,Phycoseris smaragdina,Plantae,Chlorophyta,Ulvophyceae,Ulvales,Ulvaceae,Phycoseris,,smaragdina,,2026-08-12,"Kathy Ann, Svetlana, John, Soma, Gustav, Yander, Terry, Robin, Siena, Ciara, Isabel, Sadie, Julien",Old Home Beach,Rocky intertidal with rock ledges,,hand,,Species,
CAEU-2973,6,6,,1,Smithora naiadum,,,,,K.A. Miller,2026-08-12,3139,494903,Smithora naiadum,Plantae,Rhodophyta,Compsopogonophyceae,Erythropeltales,Erythrotrichiaceae,Smithora,,naiadum,,2026-08-12,"Kathy Ann, Svetlana, John, Soma, Gustav, Yander, Terry, Robin, Siena, Ciara, Isabel, Sadie, Julien",Old Home Beach,Rocky intertidal with rock ledges,,hand,,Species,
CAEU-2974,6,6,,1,Mazzaella californica,,,,,K.A. Miller,2026-08-12,3140,371699,Mazzaella californica,Plantae,Rhodophyta,Florideophyceae,Gigartinales,Gigartinaceae,Mazzaella,,californica,,2026-08-12,"Kathy Ann, Svetlana, John, Soma, Gustav, Yander, Terry, Robin, Siena, Ciara, Isabel, Sadie, Julien",Old Home Beach,Rocky intertidal with rock ledges,,hand,,Species,
CAEU-2975,6,6,,1,Mazzaella of oregona,,,,,K.A. Miller,2026-08-12,3141,376274,Mazzaella oregona,Plantae,Rhodophyta,Florideophyceae,Gigartinales,Gigartinaceae,Mazzaella,,oregona,,2026-08-12,"Kathy Ann, Svetlana, John, Soma, Gustav, Yander, Terry, Robin, Siena, Ciara, Isabel, Sadie, Julien",Old Home Beach,Rocky intertidal with rock ledges,,hand,,Species,
CAEU-2976,6,6,,1,Mazzaella of splendens,,,,,K.A. Miller,2026-08-12,3142,372601,Mazzaella splendens,Plantae,Rhodophyta,Florideophyceae,Gigartinales,Gigartinaceae,Mazzaella,,splendens,,2026-08-12,"Kathy Ann, Svetlana, John, Soma, Gustav, Yander, Terry, Robin, Siena, Ciara, Isabel, Sadie, Julien",Old Home Beach,Rocky intertidal with rock ledges,,hand,,Species,
CAEU-2977,6,6,,1,Mazzaella oregona,,,,,K.A. Miller,2026-08-12,3143,376274,Mazzaella oregona,Plantae,Rhodophyta,Florideophyceae,Gigartinales,Gigartinaceae,Mazzaella,,oregona,,2026-08-12,"Kathy Ann, Svetlana, John, Soma, Gustav, Yander, Terry, Robin, Siena, Ciara, Isabel, Sadie, Julien",Old Home Beach,Rocky intertidal with rock ledges,,hand,,Species,
CAEU-2978,6,6,,1,Pikea californica,,,,,K.A. Miller,2026-08-12,3144,145229,Pikea californica,Plantae,Rhodophyta,Florideophyceae,Gigartinales,Dumontiaceae,Pikea,,californica,,2026-08-12,"Kathy Ann, Svetlana, John, Soma, Gustav, Yander, Terry, Robin, Siena, Ciara, Isabel, Sadie, Julien",Old Home Beach,Rocky intertidal with rock ledges,,hand,,Species,
CAEU-2979,,,,,,,,,,,,,,,,,,,,,,,,,,,,,,,,
CAEU-2980,7,7,,1,Hedophyllum sessile,,,,,K.A. Miller,2026-08-12,3146,496237,Hedophyllum sessile,Chromista,Ochrophyta,Phaeophyceae,Laminariales,Laminariaceae,Hedophyllum,,sessile,,2026-08-13,"Kathy Ann, Svetlana, John, Soma, Gustav, Yander, Terry, Robin, Siena, Ciara, Isabel, Sadie, Julien",Baker's Beach,"Rocky shore and beach mixed with rocky outcrops, cobble fields, tide pools, kelp and algal cover, low IT with urchin barrens",,"hand, general",,Species,
CAEU-2981,,,,,,,,,,,,,,,,,,,,,,,,,,,,,,,,
CAEU-2982,7,7,,1,Prionitis sternbergii,,,,,K.A. Miller,2026-08-12,3147,375614,Prionitis sternbergii,Plantae,Rhodophyta,Florideophyceae,Halymeniales,Halymeniaceae,Prionitis,,sternbergii,,2026-08-13,"Kathy Ann, Svetlana, John, Soma, Gustav, Yander, Terry, Robin, Siena, Ciara, Isabel, Sadie, Julien",Baker's Beach,"Rocky shore and beach mixed with rocky outcrops, cobble fields, tide pools, kelp and algal cover, low IT with urchin barrens",,"hand, general",,Species,
CAEU-2983,7,7,,1,Laminaria setchellii,,,,,K.A. Miller,2026-08-12,3148,240748,Laminaria setchellii,Chromista,Ochrophyta,Phaeophyceae,Laminariales,Laminariaceae,Laminaria,,setchellii,,2026-08-13,"Kathy Ann, Svetlana, John, Soma, Gustav, Yander, Terry, Robin, Siena, Ciara, Isabel, Sadie, Julien",Baker's Beach,"Rocky shore and beach mixed with rocky outcrops, cobble fields, tide pools, kelp and algal cover, low IT with urchin barrens",,"hand, general",,Species,
CAEU-2984,7,7,,1,Farlowia mollis,,,,,K.A. Miller,2026-08-12,3149,372571,Farlowia mollis,Plantae,Rhodophyta,Florideophyceae,Gigartinales,Dumontiaceae,Farlowia,,mollis,,2026-08-13,"Kathy Ann, Svetlana, John, Soma, Gustav, Yander, Terry, Robin, Siena, Ciara, Isabel, Sadie, Julien",Baker's Beach,"Rocky shore and beach mixed with rocky outcrops, cobble fields, tide pools, kelp and algal cover, low IT with urchin barrens",,"hand, general",,Species,
CAEU-2985,7,7,,1,Callithamnion pikeanum,,,,,K.A. Miller,2026-08-12,3150,372539,Callithamnion pikeanum,Plantae,Rhodophyta,Florideophyceae,Ceramiales,Callithamniaceae,Callithamnion,,pikeanum,,2026-08-13,"Kathy Ann, Svetlana, John, Soma, Gustav, Yander, Terry, Robin, Siena, Ciara, Isabel, Sadie, Julien",Baker's Beach,"Rocky shore and beach mixed with rocky outcrops, cobble fields, tide pools, kelp and algal cover, low IT with urchin barrens",,"hand, general",,Species,
CAEU-2986,7,7,,1,Odonthalia washingtonensis,,,,,K.A. Miller,2026-08-12,3151,372622,Odonthalia washingtoniensis,Plantae,Rhodophyta,Florideophyceae,Ceramiales,Rhodomelaceae,Odonthalia,,washingtoniensis,,2026-08-13,"Kathy Ann, Svetlana, John, Soma, Gustav, Yander, Terry, Robin, Siena, Ciara, Isabel, Sadie, Julien",Baker's Beach,"Rocky shore and beach mixed with rocky outcrops, cobble fields, tide pools, kelp and algal cover, low IT with urchin barrens",,"hand, general",,Species,
CAEU-2987,7,7,,1,Lessoniopsis littoralis,,,,,K.A. Miller,2026-08-12,3152,372508,Lessoniopsis littoralis,Chromista,Ochrophyta,Phaeophyceae,Laminariales,Alariaceae,Lessoniopsis,,littoralis,,2026-08-13,"Kathy Ann, Svetlana, John, Soma, Gustav, Yander, Terry, Robin, Siena, Ciara, Isabel, Sadie, Julien",Baker's Beach,"Rocky shore and beach mixed with rocky outcrops, cobble fields, tide pools, kelp and algal cover, low IT with urchin barrens",,"hand, general",,Species,
CAEU-2988,7,7,,1,Mazzaella of flaccida,,,,,K.A. Miller,2026-08-12,3153,371701,Mazzaella flaccida,Plantae,Rhodophyta,Florideophyceae,Gigartinales,Gigartinaceae,Mazzaella,,flaccida,,2026-08-13,"Kathy Ann, Svetlana, John, Soma, Gustav, Yander, Terry, Robin, Siena, Ciara, Isabel, Sadie, Julien",Baker's Beach,"Rocky shore and beach mixed with rocky outcrops, cobble fields, tide pools, kelp and algal cover, low IT with urchin barrens",,"hand, general",,Species,
CAEU-2989,7,7,,1,Mazzaella oregona,,,,,K.A. Miller,2026-08-12,3154,376274,Mazzaella oregona,Plantae,Rhodophyta,Florideophyceae,Gigartinales,Gigartinaceae,Mazzaella,,oregona,,2026-08-13,"Kathy Ann, Svetlana, John, Soma, Gustav, Yander, Terry, Robin, Siena, Ciara, Isabel, Sadie, Julien",Baker's Beach,"Rocky shore and beach mixed with rocky outcrops, cobble fields, tide pools, kelp and algal cover, low IT with urchin barrens",,"hand, general",,Species,
CAEU-2990,7,7,,1,Pyropia,,,,,K.A. Miller,2026-08-12,3155,603075,Pyropia,Plantae,Rhodophyta,Bangiophyceae,Bangiales,Bangiaceae,Pyropia,,,,2026-08-13,"Kathy Ann, Svetlana, John, Soma, Gustav, Yander, Terry, Robin, Siena, Ciara, Isabel, Sadie, Julien",Baker's Beach,"Rocky shore and beach mixed with rocky outcrops, cobble fields, tide pools, kelp and algal cover, low IT with urchin barrens",,"hand, general",,Genus,
CAEU-2991,7,7,,1,Mazzaella flaccida,,,,,K.A. Miller,2026-08-12,3156,371701,Mazzaella flaccida,Plantae,Rhodophyta,Florideophyceae,Gigartinales,Gigartinaceae,Mazzaella,,flaccida,,2026-08-13,"Kathy Ann, Svetlana, John, Soma, Gustav, Yander, Terry, Robin, Siena, Ciara, Isabel, Sadie, Julien",Baker's Beach,"Rocky shore and beach mixed with rocky outcrops, cobble fields, tide pools, kelp and algal cover, low IT with urchin barrens",,"hand, general",,Species,
CAEU-2992,7,7,,1,Soranthera ulvoidea,,,,,K.A. Miller,2026-08-12,3157,372521,Soranthera ulvoidea,Chromista,Ochrophyta,Phaeophyceae,Ectocarpales,Chordariaceae,Soranthera,,ulvoidea,,2026-08-13,"Kathy Ann, Svetlana, John, Soma, Gustav, Yander, Terry, Robin, Siena, Ciara, Isabel, Sadie, Julien",Baker's Beach,"Rocky shore and beach mixed with rocky outcrops, cobble fields, tide pools, kelp and algal cover, low IT with urchin barrens",,"hand, general",,Species,
CAEU-2993,7,7,,1,Ceramothomnion coulteri,,,,,K.A. Miller,2026-08-12,3158,1739125,Ceramothamnion coulteri,Plantae,Rhodophyta,Florideophyceae,Ceramiales,Ceramiaceae,Ceramothamnion,,coulteri,,2026-08-13,"Kathy Ann, Svetlana, John, Soma, Gustav, Yander, Terry, Robin, Siena, Ciara, Isabel, Sadie, Julien",Baker's Beach,"Rocky shore and beach mixed with rocky outcrops, cobble fields, tide pools, kelp and algal cover, low IT with urchin barrens",,"hand, general",,Species,
CAEU-2994,7,7,,1,Odonthalia floccosa,,,,,K.A. Miller,2026-08-12,3159,372621,Odonthalia floccosa,Plantae,Rhodophyta,Florideophyceae,Ceramiales,Rhodomelaceae,Odonthalia,,floccosa,,2026-08-13,"Kathy Ann, Svetlana, John, Soma, Gustav, Yander, Terry, Robin, Siena, Ciara, Isabel, Sadie, Julien",Baker's Beach,"Rocky shore and beach mixed with rocky outcrops, cobble fields, tide pools, kelp and algal cover, low IT with urchin barrens",,"hand, general",,Species,
CAEU-2995,7,7,,1,Acrosiphonia coalita,,,,,K.A. Miller,2026-08-12,3160,366445,Acrosiphonia coalita,Plantae,Chlorophyta,Chlorophyceae,Acrosiphoniales,Acrosiphoniaceae,Acrosiphonia,,coalita,,2026-08-13,"Kathy Ann, Svetlana, John, Soma, Gustav, Yander, Terry, Robin, Siena, Ciara, Isabel, Sadie, Julien",Baker's Beach,"Rocky shore and beach mixed with rocky outcrops, cobble fields, tide pools, kelp and algal cover, low IT with urchin barrens",,"hand, general",,Species,
CAEU-2996,7,7,,1,Gloiopeltis furcata,,,,,K.A. Miller,2026-08-12,3161,372181,Gloiopeltis furcata,Plantae,Rhodophyta,Florideophyceae,Gigartinales,Endocladiaceae,Gloiopeltis,,furcata,,2026-08-13,"Kathy Ann, Svetlana, John, Soma, Gustav, Yander, Terry, Robin, Siena, Ciara, Isabel, Sadie, Julien",Baker's Beach,"Rocky shore and beach mixed with rocky outcrops, cobble fields, tide pools, kelp and algal cover, low IT with urchin barrens",,"hand, general",,Species,
CAEU-2997,7,7,,1,Leathesia marina,,,,,K.A. Miller,2026-08-12,3162,494940,Leathesia marina,Chromista,Ochrophyta,Phaeophyceae,Ectocarpales,Chordariaceae,Leathesia,,marina,,2026-08-13,"Kathy Ann, Svetlana, John, Soma, Gustav, Yander, Terry, Robin, Siena, Ciara, Isabel, Sadie, Julien",Baker's Beach,"Rocky shore and beach mixed with rocky outcrops, cobble fields, tide pools, kelp and algal cover, low IT with urchin barrens",,"hand, general",,Species,
CAEU-2998,7,7,,1,Savoiea robusta,,,,,K.A. Miller,2026-08-12,3163,1792791,Savoiea robusta,Plantae,Rhodophyta,Florideophyceae,Ceramiales,Rhodomelaceae,Savoiea,,robusta,,2026-08-13,"Kathy Ann, Svetlana, John, Soma, Gustav, Yander, Terry, Robin, Siena, Ciara, Isabel, Sadie, Julien",Baker's Beach,"Rocky shore and beach mixed with rocky outcrops, cobble fields, tide pools, kelp and algal cover, low IT with urchin barrens",,"hand, general",,Species,
CAEU-2999,7,7,,1,Bossiella plumosa,,,,,K.A. Miller,2026-08-12,3164,372535,Bossiella plumosa,Plantae,Rhodophyta,Florideophyceae,Corallinales,Corallinaceae,Bossiella,,plumosa,,2026-08-13,"Kathy Ann, Svetlana, John, Soma, Gustav, Yander, Terry, Robin, Siena, Ciara, Isabel, Sadie, Julien",Baker's Beach,"Rocky shore and beach mixed with rocky outcrops, cobble fields, tide pools, kelp and algal cover, low IT with urchin barrens",,"hand, general",,Species,
CAEU-3000,7,7,,1,Bossiella,,,,,K.A. Miller,2026-08-12,3165,369418,Bossiella,Plantae,Rhodophyta,Florideophyceae,Corallinales,Corallinaceae,Bossiella,,,,2026-08-13,"Kathy Ann, Svetlana, John, Soma, Gustav, Yander, Terry, Robin, Siena, Ciara, Isabel, Sadie, Julien",Baker's Beach,"Rocky shore and beach mixed with rocky outcrops, cobble fields, tide pools, kelp and algal cover, low IT with urchin barrens",,"hand, general",,Genus,
CAEU-2881,EU-22,22,,1,Bryopsis,,,,"Dark green/black, radial",K.A. Miller,2026-08-16,3226,143812,Bryopsis,Plantae,Chlorophyta,Ulvophyceae,Bryopsidales,Bryopsidaceae,Bryopsis,,,,2026-08-16,"Sean, Robin, Isabel, Terry",Eureka Marina near Wharfinger building,docks,,hand,,Genus,
CAEU-2882,EU-22,22,,1,Polyneura latissima,,,,,K.A. Miller,2026-08-16,3227,372634,Polyneura latissima,Plantae,Rhodophyta,Florideophyceae,Ceramiales,Delesseriaceae,Polyneura,,latissima,,2026-08-16,"Sean, Robin, Isabel, Terry",Eureka Marina near Wharfinger building,docks,,hand,,Species,
CAEU-2883,EU-22,22,,1,Grateloupia asiatica,,,,,K.A. Miller,2026-08-16,3228,375816,Grateloupia asiatica,Plantae,Rhodophyta,Florideophyceae,Halymeniales,Grateloupiaceae,Grateloupia,,asiatica,,2026-08-16,"Sean, Robin, Isabel, Terry",Eureka Marina near Wharfinger building,docks,,hand,,Species,
CAEU-2884,EU-22,22,,1,Ulva,,,,fine tubes,K.A. Miller,2026-08-16,3229,144296,Ulva,Plantae,Chlorophyta,Ulvophyceae,Ulvales,Ulvaceae,Ulva,,,,2026-08-16,"Sean, Robin, Isabel, Terry",Eureka Marina near Wharfinger building,docks,,hand,,Genus,
CAEU-2885,EU-22,22,,1,Symphyocladiella dendroidea,,,,on Zostera,K.A. Miller,2026-08-16,3230,1356824,Symphyocladiella dendroidea,Plantae,Rhodophyta,Florideophyceae,Ceramiales,Rhodomelaceae,Symphyocladiella,,dendroidea,,2026-08-16,"Sean, Robin, Isabel, Terry",Eureka Marina near Wharfinger building,docks,,hand,,Species,
CAEU-2886,EU-22,22,,1,Polysiphonia complex,,,,,K.A. Miller,2026-08-16,3231,143853,Polysiphonia,Plantae,Rhodophyta,Florideophyceae,Ceramiales,Rhodomelaceae,Polysiphonia,,,,2026-08-16,"Sean, Robin, Isabel, Terry",Eureka Marina near Wharfinger building,docks,,hand,,Genus,
CAEU-2887,EU-22,22,,1,Savoiea robusta,,,,,K.A. Miller,2026-08-16,3232,1792791,Savoiea robusta,Plantae,Rhodophyta,Florideophyceae,Ceramiales,Rhodomelaceae,Savoiea,,robusta,,2026-08-16,"Sean, Robin, Isabel, Terry",Eureka Marina near Wharfinger building,docks,,hand,,Species,
CAEU-2888,EU-22,22,,1,Prionitis?,,,,,K.A. Miller,2026-08-16,3233,205954,Prionitis,Plantae,Rhodophyta,Florideophyceae,Halymeniales,Halymeniaceae,Prionitis,,,,2026-08-16,"Sean, Robin, Isabel, Terry",Eureka Marina near Wharfinger building,docks,,hand,,Genus,
CAEU-2889,EU-22,22,,1,Polysiphonia complex,,,,,K.A. Miller,2026-08-16,3234,143853,Polysiphonia,Plantae,Rhodophyta,Florideophyceae,Ceramiales,Rhodomelaceae,Polysiphonia,,,,2026-08-16,"Sean, Robin, Isabel, Terry",Eureka Marina near Wharfinger building,docks,,hand,,Genus,
CAEU-2890,EU-22,22,,1,Pterothamnion B,,,,,K.A. Miller,2026-08-16,3235,143856,Pterothamnion,Plantae,Rhodophyta,Florideophyceae,Ceramiales,Ceramiaceae,Pterothamnion,,,,2026-08-16,"Sean, Robin, Isabel, Terry",Eureka Marina near Wharfinger building,docks,,hand,,Genus,
CAEU-2891,EU-22,22,,1,Ectocarpus complex,,,,,K.A. Miller,2026-08-16,3236,144099,Ectocarpus,Chromista,Ochrophyta,Phaeophyceae,Ectocarpales,Ectocarpaceae,Ectocarpus,,,,2026-08-16,"Sean, Robin, Isabel, Terry",Eureka Marina near Wharfinger building,docks,,hand,,Genus,
CAEU-2892,EU-22,22,,1,Ectocarpus complex,,,,,K.A. Miller,2026-08-16,3237,144099,Ectocarpus,Chromista,Ochrophyta,Phaeophyceae,Ectocarpales,Ectocarpaceae,Ectocarpus,,,,2026-08-16,"Sean, Robin, Isabel, Terry",Eureka Marina near Wharfinger building,docks,,hand,,Genus,
CAEU-2893,EU-22,22,,1,Callithamnion,,,,,K.A. Miller,2026-08-16,3238,143832,Callithamnion,Plantae,Rhodophyta,Florideophyceae,Ceramiales,Callithamniaceae,Callithamnion,,,,2026-08-16,"Sean, Robin, Isabel, Terry",Eureka Marina near Wharfinger building,docks,,hand,,Genus,
CAEU-2894,EU-22,22,,1,Cladophora microcladioides,,,,,K.A. Miller,2026-08-16,3239,371786,Cladophora microcladioides,Plantae,Chlorophyta,Ulvophyceae,Cladophorales,Cladophoraceae,Cladophora,,microcladioides,,2026-08-16,"Sean, Robin, Isabel, Terry",Eureka Marina near Wharfinger building,docks,,hand,,Species,
CAEU-2895,EU-22,22,,1,Symphyocladiella?,,,,,K.A. Miller,2026-08-16,3240,1356568,Symphyocladiella,Plantae,Rhodophyta,Florideophyceae,Ceramiales,Rhodomelaceae,Symphyocladiella,,,,2026-08-16,"Sean, Robin, Isabel, Terry",Eureka Marina near Wharfinger building,docks,,hand,,Genus,
CAEU-2896,Eu-20,20,,1,Ulva,,,,mudflat,K.A. Miller,2026-08-16,3241,144296,Ulva,Plantae,Chlorophyta,Ulvophyceae,Ulvales,Ulvaceae,Ulva,,,,2026-08-16,"Svetlana, Gustav","Samoa Bridge, Samoa side",mud flat,,shovel,,Genus,
CAEU-2897,Eu-20,20,,1,Ulva,,,,mudflat,K.A. Miller,2026-08-16,3242,144296,Ulva,Plantae,Chlorophyta,Ulvophyceae,Ulvales,Ulvaceae,Ulva,,,,2026-08-16,"Svetlana, Gustav","Samoa Bridge, Samoa side",mud flat,,shovel,,Genus,
CAEU-2898,,,,,,,,,,,,,,,,,,,,,,,,,,,,,,,,
CAEU-2899,,,,,,,,,,,,,,,,,,,,,,,,,,,,,,,,
CAEU-2900,,,,,,,,,,,,,,,,,,,,,,,,,,,,,,,,
CAEU-2901,,,,,,,,,,,,,,,,,,,,,,,,,,,,,,,,
CAEU-2902,,,,,,,,,,,,,,,,,,,,,,,,,,,,,,,,
CAEU-2903,,,,,,,,,,,,,,,,,,,,,,,,,,,,,,,,
CAEU-2904,,,,,,,,,,,,,,,,,,,,,,,,,,,,,,,,
CAEU-2905,,,,,,,,,,,,,,,,,,,,,,,,,,,,,,,,
CAEU-2906,,,,,,,,,,,,,,,,,,,,,,,,,,,,,,,,
CAEU-2907,,,,,,,,,,,,,,,,,,,,,,,,,,,,,,,,
CAEU-2908,,,,,,,,,,,,,,,,,,,,,,,,,,,,,,,,
CAEU-2909,,,,,,,,,,,,,,,,,,,,,,,,,,,,,,,,
CAEU-2910,,,,,,,,,,,,,,,,,,,,,,,,,,,,,,,,