Project Request,Scientific Name,Rank,Point of Contact for Submission,Email,Survey Type,Aphia ID,"Scientific Name
(link to WoRMS)",Kingdom,Phylum,Class,Order,Family,Genus,Subgenus,Specific epithet,Subspecific epithet
CAIDBLP-Eureka,Diaulula sandiegensis,Species,Dean Pentcheff,pentcheff@nhm.org ,Inventory,536817,Diaulula sandiegensis,Animalia,Mollusca,Gastropoda,Doridida,Discodorididae,Diaulula,,sandiegensis,
CAIDBLP-Eureka,Limacia cockerelli,Species,Dean Pentcheff,pentcheff@nhm.org ,Inventory,531202,Limacia cockerelli,Animalia,Mollusca,Gastropoda,Doridida,Polyceridae,Limacia,,cockerelli,
CAIDBLP-Eureka,Doris montereyensis,Species,Dean Pentcheff,pentcheff@nhm.org ,Inventory,581816,Doris montereyensis,Animalia,Mollusca,Gastropoda,Doridida,Dorididae,Doris,,montereyensis,
CAIDBLP-Eureka,Doris montereyensis,Species,Dean Pentcheff,pentcheff@nhm.org ,Inventory,581816,Doris montereyensis,Animalia,Mollusca,Gastropoda,Doridida,Dorididae,Doris,,montereyensis,
CAIDBLP-Eureka,Doto columbiana,Species,Dean Pentcheff,pentcheff@nhm.org ,Inventory,581833,Doto columbiana,Animalia,Mollusca,Gastropoda,Nudibranchia,Dotidae,Doto,,columbiana,
CAIDBLP-Eureka,Hermissenda crassicornis,Species,Dean Pentcheff,pentcheff@nhm.org ,Inventory,367883,Hermissenda crassicornis,Animalia,Mollusca,Gastropoda,Nudibranchia,Myrrhinidae,Hermissenda,,crassicornis,
CAIDBLP-Eureka,Cuthona albocrusta,Species,Dean Pentcheff,pentcheff@nhm.org ,Inventory,581881,Cuthona albocrusta,Animalia,Mollusca,Gastropoda,Nudibranchia,Cuthonidae,Cuthona,,albocrusta,
CAIDBLP-Eureka,Rostanga pulchra,Species,Dean Pentcheff,pentcheff@nhm.org ,Inventory,533391,Rostanga pulchra,Animalia,Mollusca,Gastropoda,Doridida,Discodorididae,Rostanga,,pulchra,
CAIDBLP-Eureka,Doto columbiana,Species,Dean Pentcheff,pentcheff@nhm.org ,Inventory,581833,Doto columbiana,Animalia,Mollusca,Gastropoda,Nudibranchia,Dotidae,Doto,,columbiana,
CAIDBLP-Eureka,,,Dean Pentcheff,pentcheff@nhm.org ,Inventory,,,,,,,,,,,
CAIDBLP-Eureka,Cuthona albocrusta,Species,Dean Pentcheff,pentcheff@nhm.org ,Inventory,581881,Cuthona albocrusta,Animalia,Mollusca,Gastropoda,Nudibranchia,Cuthonidae,Cuthona,,albocrusta,
CAIDBLP-Eureka,Hermissenda crassicornis,Species,Dean Pentcheff,pentcheff@nhm.org ,Inventory,367883,Hermissenda crassicornis,Animalia,Mollusca,Gastropoda,Nudibranchia,Myrrhinidae,Hermissenda,,crassicornis,
CAIDBLP-Eureka,Hermissenda crassicornis,Species,Dean Pentcheff,pentcheff@nhm.org ,Inventory,367883,Hermissenda crassicornis,Animalia,Mollusca,Gastropoda,Nudibranchia,Myrrhinidae,Hermissenda,,crassicornis,
CAIDBLP-Eureka,Hermissenda crassicornis,Species,Dean Pentcheff,pentcheff@nhm.org ,Inventory,367883,Hermissenda crassicornis,Animalia,Mollusca,Gastropoda,Nudibranchia,Myrrhinidae,Hermissenda,,crassicornis,
CAIDBLP-Eureka,Hermissenda crassicornis,Species,Dean Pentcheff,pentcheff@nhm.org ,Inventory,367883,Hermissenda crassicornis,Animalia,Mollusca,Gastropoda,Nudibranchia,Myrrhinidae,Hermissenda,,crassicornis,
CAIDBLP-Eureka,Cuthona albocrusta,Species,Dean Pentcheff,pentcheff@nhm.org ,Inventory,581881,Cuthona albocrusta,Animalia,Mollusca,Gastropoda,Nudibranchia,Cuthonidae,Cuthona,,albocrusta,
CAIDBLP-Eureka,Polyplacophora,Higher,Dean Pentcheff,pentcheff@nhm.org ,Inventory,55,Polyplacophora,Animalia,Mollusca,Polyplacophora,,,,,,
CAIDBLP-Eureka,Alia sp.,Genus,Dean Pentcheff,pentcheff@nhm.org ,Inventory,405152,Alia,Animalia,Chordata,Teleostei,Siluriformes,Ailiidae,Alia,,,
CAIDBLP-Eureka,Littorinidae sp.,Family,Dean Pentcheff,pentcheff@nhm.org ,Inventory,119,Littorinidae,Animalia,Mollusca,Gastropoda,Littorinimorpha,Littorinidae,,,,
CAIDBLP-Eureka,Vetigastropoda,Higher,Dean Pentcheff,pentcheff@nhm.org ,Inventory,156485,Vetigastropoda,Animalia,Mollusca,Gastropoda,,,,,,
CAIDBLP-Eureka,Lacuna vincta,Species,Dean Pentcheff,pentcheff@nhm.org ,Inventory,140170,Lacuna vincta,Animalia,Mollusca,Gastropoda,Littorinimorpha,Littorinidae,Lacuna,,vincta,
CAIDBLP-Eureka,Velutina sp.,Genus,Dean Pentcheff,pentcheff@nhm.org ,Inventory,138631,Velutina,Animalia,Mollusca,Gastropoda,Littorinimorpha,Velutinidae,Velutina,,,
CAIDBLP-Eureka,Odostomia sp.,Genus,Dean Pentcheff,pentcheff@nhm.org ,Inventory,138413,Odostomia,Animalia,Mollusca,Gastropoda,,Pyramidellidae,Odostomia,,,
CAIDBLP-Eureka,Tenellia lagonae,Species,Dean Pentcheff,pentcheff@nhm.org ,Inventory,890626,Tenellia lagunae,Animalia,Mollusca,Gastropoda,Nudibranchia,Trinchesiidae,Tenellia,,lagunae,
CAIDBLP-Eureka,Peltodoris nobilis,Species,Dean Pentcheff,pentcheff@nhm.org ,Inventory,594422,Peltodoris nobilis,Animalia,Mollusca,Gastropoda,Doridida,Discodorididae,Peltodoris,,nobilis,
CAIDBLP-Eureka,Rostanga cf. pulchra,Genus,Dean Pentcheff,pentcheff@nhm.org ,Inventory,138461,Rostanga,Animalia,Mollusca,Gastropoda,Doridida,Discodorididae,Rostanga,,,
CAIDBLP-Eureka,Hermissenda crassicornis,Species,Dean Pentcheff,pentcheff@nhm.org ,Inventory,367883,Hermissenda crassicornis,Animalia,Mollusca,Gastropoda,Nudibranchia,Myrrhinidae,Hermissenda,,crassicornis,
CAIDBLP-Eureka,Triopha maculata,Species,Dean Pentcheff,pentcheff@nhm.org ,Inventory,531262,Triopha maculata,Animalia,Mollusca,Gastropoda,Doridida,Polyceridae,Triopha,,maculata,
CAIDBLP-Eureka,Acanthodoris hudsoni,Species,Dean Pentcheff,pentcheff@nhm.org ,Inventory,581689,Acanthodoris hudsoni,Animalia,Mollusca,Gastropoda,Doridida,Acanthodorididae,Acanthodoris,,hudsoni,
CAIDBLP-Eureka,Dirona picta,Species,Dean Pentcheff,pentcheff@nhm.org ,Inventory,558927,Dirona picta,Animalia,Mollusca,Gastropoda,Nudibranchia,Dironidae,Dirona,,picta,
CAIDBLP-Eureka,Henricia,Genus,Dean Pentcheff,pentcheff@nhm.org ,Inventory,123276,Henricia,Animalia,Echinodermata,Asteroidea,Spinulosida,Echinasteridae,Henricia,,,
CAIDBLP-Eureka,Dermasterias imbricata,Species,Dean Pentcheff,pentcheff@nhm.org ,Inventory,240771,Dermasterias imbricata,Animalia,Echinodermata,Asteroidea,Valvatida,Asteropseidae,Dermasterias,,imbricata,
CAIDBLP-Eureka,Actiniaria,Higher,Dean Pentcheff,pentcheff@nhm.org ,Inventory,1360,Actiniaria,Animalia,Cnidaria,Hexacorallia,Actiniaria,,,,,
CAIDBLP-Eureka,"Porifera, Cliona?",Genus,Dean Pentcheff,pentcheff@nhm.org ,Inventory,132026,Cliona,Animalia,Porifera,Demospongiae,Clionaida,Clionaidae,Cliona,,,
CAIDBLP-Eureka,Sipuncula,Higher,Dean Pentcheff,pentcheff@nhm.org ,Inventory,1268,Sipuncula,Animalia,Annelida,,Sipuncula,,,,,
CAIDBLP-Eureka,,,Dean Pentcheff,pentcheff@nhm.org ,Inventory,,,,,,,,,,,
CAIDBLP-Eureka,"Brachyura, Romaleon antennarius",Species,Dean Pentcheff,pentcheff@nhm.org ,Inventory,440397,Romaleon antennarium,Animalia,Arthropoda,Malacostraca,Decapoda,Cancridae,Romaleon,,antennarium,
CAIDBLP-Eureka,"Porcellanidae, Petrolisthes manimaculus?",Species,Dean Pentcheff,pentcheff@nhm.org ,Inventory,431859,Petrolisthes manimaculis,Animalia,Arthropoda,Malacostraca,Decapoda,Porcellanidae,Petrolisthes,,manimaculis,
CAIDBLP-Eureka,"Ascidiacea, Clavelina huntsmani?",Species,Dean Pentcheff,pentcheff@nhm.org ,Inventory,250311,Clavelina huntsmani,Animalia,Chordata,Ascidiacea,Aplousobranchia,Clavelinidae,Clavelina,,huntsmani,
CAIDBLP-Eureka,Amphipoda Polycheira osborni,Species,Dean Pentcheff,pentcheff@nhm.org ,Inventory,489489,Polycheria osborni,Animalia,Arthropoda,Malacostraca,Amphipoda,Dexaminidae,Polycheria,,osborni,
CAIDBLP-Eureka,"Gastropoda, Calliostoma ligatum",Species,Dean Pentcheff,pentcheff@nhm.org ,Inventory,580412,Calliostoma ligatum,Animalia,Mollusca,Gastropoda,Trochida,Calliostomatidae,Calliostoma,,ligatum,
CAIDBLP-Eureka,"Gastropoda, Tegula",Genus,Dean Pentcheff,pentcheff@nhm.org ,Inventory,413467,Tegula,Animalia,Mollusca,Gastropoda,Trochida,Tegulidae,Tegula,,,
CAIDBLP-Eureka,"Gastropoda, Tegula",Genus,Dean Pentcheff,pentcheff@nhm.org ,Inventory,413467,Tegula,Animalia,Mollusca,Gastropoda,Trochida,Tegulidae,Tegula,,,
CAIDBLP-Eureka,Pisaster?,Genus,Dean Pentcheff,pentcheff@nhm.org ,Inventory,240754,Pisaster,Animalia,Echinodermata,Asteroidea,Forcipulatida,Asteriidae,Pisaster,,,
CAIDBLP-Eureka,Pisaster?,Genus,Dean Pentcheff,pentcheff@nhm.org ,Inventory,240754,Pisaster,Animalia,Echinodermata,Asteroidea,Forcipulatida,Asteriidae,Pisaster,,,
CAIDBLP-Eureka,Pisaster?,Genus,Dean Pentcheff,pentcheff@nhm.org ,Inventory,240754,Pisaster,Animalia,Echinodermata,Asteroidea,Forcipulatida,Asteriidae,Pisaster,,,
CAIDBLP-Eureka,Ophiuroidea,Higher,Dean Pentcheff,pentcheff@nhm.org ,Inventory,123084,Ophiuroidea,Animalia,Echinodermata,Ophiuroidea,,,,,,
CAIDBLP-Eureka,Acmaea mitra,Species,Dean Pentcheff,pentcheff@nhm.org ,Inventory,456582,Acmaea mitra,Animalia,Mollusca,Gastropoda,Nacellida,Acmaeidae,Acmaea,,mitra,
CAIDBLP-Eureka,Glebocarcinus oregonensis,Species,Dean Pentcheff,pentcheff@nhm.org ,Inventory,440384,Glebocarcinus oregonensis,Animalia,Arthropoda,Malacostraca,Decapoda,Cancridae,Glebocarcinus,,oregonensis,
CAIDBLP-Eureka,Eudistoma psammion?,Species,Dean Pentcheff,pentcheff@nhm.org ,Inventory,250242,Eudistoma psammion,Animalia,Chordata,Ascidiacea,Aplousobranchia,Polycitoridae,Eudistoma,,psammion,
CAIDBLP-Eureka,Ampeliscidae,Family,Dean Pentcheff,pentcheff@nhm.org ,Inventory,101364,Ampeliscidae,Animalia,Arthropoda,Malacostraca,Amphipoda,Ampeliscidae,,,,
CAIDBLP-Eureka,Eupentacta,Genus,Dean Pentcheff,pentcheff@nhm.org ,Inventory,528610,Eupentacta,Animalia,Echinodermata,Holothuroidea,Dendrochirotida,Sclerodactylidae,Eupentacta,,,
CAIDBLP-Eureka,Margarites pupillus,Species,Dean Pentcheff,pentcheff@nhm.org ,Inventory,528731,Margarites pupillus,Animalia,Mollusca,Gastropoda,Trochida,Margaritesidae,Margarites,,pupillus,
CAIDBLP-Eureka,Pycnogonida,Higher,Dean Pentcheff,pentcheff@nhm.org ,Inventory,1302,Pycnogonida,Animalia,Arthropoda,Pycnogonida,,,,,,
CAIDBLP-Eureka,Amphipoda,Higher,Dean Pentcheff,pentcheff@nhm.org ,Inventory,1135,Amphipoda,Animalia,Arthropoda,Malacostraca,Amphipoda,,,,,
CAIDBLP-Eureka,Amphipoda,Higher,Dean Pentcheff,pentcheff@nhm.org ,Inventory,1135,Amphipoda,Animalia,Arthropoda,Malacostraca,Amphipoda,,,,,
CAIDBLP-Eureka,Aplidium?,Genus,Dean Pentcheff,pentcheff@nhm.org ,Inventory,103471,Aplidium,Animalia,Chordata,Ascidiacea,Aplousobranchia,Polyclinidae,Aplidium,,,
CAIDBLP-Eureka,Maeridae A,Family,Dean Pentcheff,pentcheff@nhm.org ,Inventory,475166,Maeridae,Animalia,Arthropoda,Malacostraca,Amphipoda,Maeridae,,,,
CAIDBLP-Eureka,Hydrozoa,Higher,Dean Pentcheff,pentcheff@nhm.org ,Inventory,1337,Hydrozoa,Animalia,Cnidaria,Hydrozoa,,,,,,
CAIDBLP-Eureka,Pycnoclavella stanleyi,Species,Dean Pentcheff,pentcheff@nhm.org ,Inventory,251245,Pycnoclavella stanleyi,Animalia,Chordata,Ascidiacea,Aplousobranchia,Clavelinidae,Pycnoclavella,,stanleyi,
CAIDBLP-Eureka,Odontosyllis,Genus,Dean Pentcheff,pentcheff@nhm.org ,Inventory,129660,Odontosyllis,Animalia,Annelida,Polychaeta,Phyllodocida,Syllidae,Odontosyllis,,,
CAIDBLP-Eureka,Green Syllidae,Family,Dean Pentcheff,pentcheff@nhm.org ,Inventory,948,Syllidae,Animalia,Annelida,Polychaeta,Phyllodocida,Syllidae,,,,
CAIDBLP-Eureka,Syllidae Purple epitoke,Family,Dean Pentcheff,pentcheff@nhm.org ,Inventory,948,Syllidae,Animalia,Annelida,Polychaeta,Phyllodocida,Syllidae,,,,
CAIDBLP-Eureka,Syllidae Purple,Family,Dean Pentcheff,pentcheff@nhm.org ,Inventory,948,Syllidae,Animalia,Annelida,Polychaeta,Phyllodocida,Syllidae,,,,
CAIDBLP-Eureka,Syllidae Purple 2,Family,Dean Pentcheff,pentcheff@nhm.org ,Inventory,948,Syllidae,Animalia,Annelida,Polychaeta,Phyllodocida,Syllidae,,,,
CAIDBLP-Eureka,Syllidae White Green Gut,Family,Dean Pentcheff,pentcheff@nhm.org ,Inventory,948,Syllidae,Animalia,Annelida,Polychaeta,Phyllodocida,Syllidae,,,,
CAIDBLP-Eureka,Tanystylum 2 species?,Genus,Dean Pentcheff,pentcheff@nhm.org ,Inventory,134577,Tanystylum,Animalia,Arthropoda,Pycnogonida,Pantopoda,Ammotheidae,Tanystylum,,,
CAIDBLP-Eureka,Anoplodactylus,Genus,Dean Pentcheff,pentcheff@nhm.org ,Inventory,134592,Anoplodactylus,Animalia,Arthropoda,Pycnogonida,Pantopoda,Phoxichilidiidae,Anoplodactylus,,,
CAIDBLP-Eureka,Naineris,Genus,Dean Pentcheff,pentcheff@nhm.org ,Inventory,129419,Naineris,Animalia,Annelida,Polychaeta,,Orbiniidae,Naineris,,,
CAIDBLP-Eureka,Sipuncula,Higher,Dean Pentcheff,pentcheff@nhm.org ,Inventory,1268,Sipuncula,Animalia,Annelida,,Sipuncula,,,,,
CAIDBLP-Eureka,Dodecaceria pacifica,Species,Dean Pentcheff,pentcheff@nhm.org ,Inventory,1580005,Dodecaceria pacifica,Animalia,Annelida,Polychaeta,Terebellida,Cirratulidae,Dodecaceria,,pacifica,
CAIDBLP-Eureka,Naineris,Genus,Dean Pentcheff,pentcheff@nhm.org ,Inventory,129419,Naineris,Animalia,Annelida,Polychaeta,,Orbiniidae,Naineris,,,
CAIDBLP-Eureka,Thoracophelia,Genus,Dean Pentcheff,pentcheff@nhm.org ,Inventory,326053,Thoracophelia,Animalia,Annelida,Polychaeta,,Opheliidae,Thoracophelia,,,
CAIDBLP-Eureka,Thoracophelia,Genus,Dean Pentcheff,pentcheff@nhm.org ,Inventory,326053,Thoracophelia,Animalia,Annelida,Polychaeta,,Opheliidae,Thoracophelia,,,
CAIDBLP-Eureka,Eudystylia vancouveri,Species,Dean Pentcheff,pentcheff@nhm.org ,Inventory,333271,Eudistylia vancouveri,Animalia,Annelida,Polychaeta,Sabellida,Sabellidae,Eudistylia,,vancouveri,
CAIDBLP-Eureka,Pseudopotamilla occelata,Species,Dean Pentcheff,pentcheff@nhm.org ,Inventory,331424,Pseudopotamilla occelata,Animalia,Annelida,Polychaeta,Sabellida,Sabellidae,Pseudopotamilla,,occelata,
CAIDBLP-Eureka,Gastropoda sp. (shelless),Higher,Dean Pentcheff,pentcheff@nhm.org ,Inventory,101,Gastropoda,Animalia,Mollusca,Gastropoda,,,,,,
CAIDBLP-Eureka,Lasaea sp.,Genus,Dean Pentcheff,pentcheff@nhm.org ,Inventory,138104,Lasaea,Animalia,Mollusca,Bivalvia,Galeommatida,Lasaeidae,Lasaea,,,
CAIDBLP-Eureka,Pterocirrus burtoni,Species,Dean Pentcheff,pentcheff@nhm.org ,Inventory,827799,Pterocirrus burtoni,Animalia,Annelida,Polychaeta,Phyllodocida,Phyllodocidae,Pterocirrus,,burtoni,
CAIDBLP-Eureka,Halosydna?,Genus,Dean Pentcheff,pentcheff@nhm.org ,Inventory,152404,Halosydna,Animalia,Annelida,Polychaeta,Phyllodocida,Polynoidae,Halosydna,,,
CAIDBLP-Eureka,Chrysopetalum sp.,Genus,Dean Pentcheff,pentcheff@nhm.org ,Inventory,129235,Chrysopetalum,Animalia,Annelida,Polychaeta,Phyllodocida,Chrysopetalidae,Chrysopetalum,,,
CAIDBLP-Eureka,Nereis 'long cirri',Genus,Dean Pentcheff,pentcheff@nhm.org ,Inventory,129379,Nereis,Animalia,Annelida,Polychaeta,Phyllodocida,Nereididae,Nereis,,,
CAIDBLP-Eureka,Owenia,Genus,Dean Pentcheff,pentcheff@nhm.org ,Inventory,129427,Owenia,Animalia,Annelida,Polychaeta,,Oweniidae,Owenia,,,
CAIDBLP-Eureka,Phoronida,Higher,Dean Pentcheff,pentcheff@nhm.org ,Inventory,1789,Phoronida,Animalia,Phoronida,,,,,,,
CAIDBLP-Eureka,Ramex californica,Species,Dean Pentcheff,pentcheff@nhm.org ,Inventory,331473,Ramex californiensis,Animalia,Annelida,Polychaeta,Terebellida,Terebellidae,Ramex,,californiensis,
CAIDBLP-Eureka,Perocirrus burtoni,Species,Dean Pentcheff,pentcheff@nhm.org ,Inventory,827799,Pterocirrus burtoni,Animalia,Annelida,Polychaeta,Phyllodocida,Phyllodocidae,Pterocirrus,,burtoni,
CAIDBLP-Eureka,CIRRIFORMIA,Genus,Dean Pentcheff,pentcheff@nhm.org ,Inventory,129245,Cirriformia,Animalia,Annelida,Polychaeta,Terebellida,Cirratulidae,Cirriformia,,,
CAIDBLP-Eureka,CAPITELLIDAE,Family,Dean Pentcheff,pentcheff@nhm.org ,Inventory,921,Capitellidae,Animalia,Annelida,Polychaeta,,Capitellidae,,,,
CAIDBLP-Eureka,HEMICHORDATE,Higher,Dean Pentcheff,pentcheff@nhm.org ,Inventory,1818,Hemichordata,Animalia,Hemichordata,,,,,,,
CAIDBLP-Eureka,MICROPHTHALMUS,Genus,Dean Pentcheff,pentcheff@nhm.org ,Inventory,129313,Microphthalmus,Animalia,Annelida,Polychaeta,Phyllodocida,Microphthalmidae,Microphthalmus,,,
CAIDBLP-Eureka,Cucumaria pseudocurata,Species,Dean Pentcheff,pentcheff@nhm.org ,Inventory,528844,Cucumaria pseudocurata,Animalia,Echinodermata,Holothuroidea,Dendrochirotida,Cucumariidae,Cucumaria,,pseudocurata,
CAIDBLP-Eureka,Glycera tenuis,Species,Dean Pentcheff,pentcheff@nhm.org ,Inventory,328149,Glycera tenuis,Animalia,Annelida,Polychaeta,Phyllodocida,Glyceridae,Glycera,,tenuis,
CAIDBLP-Eureka,,,Dean Pentcheff,pentcheff@nhm.org ,Inventory,,,,,,,,,,,
CAIDBLP-Eureka,,,Dean Pentcheff,pentcheff@nhm.org ,Inventory,,,,,,,,,,,
CAIDBLP-Eureka,,,Dean Pentcheff,pentcheff@nhm.org ,Inventory,,,,,,,,,,,
CAIDBLP-Eureka,Nereididae damaged,Family,Dean Pentcheff,pentcheff@nhm.org ,Inventory,22496,Nereididae,Animalia,Annelida,Polychaeta,Phyllodocida,Nereididae,,,,
CAIDBLP-Eureka,Typosyllis sp.,Genus,Dean Pentcheff,pentcheff@nhm.org ,Inventory,147195,Typosyllis,Animalia,Annelida,Polychaeta,Phyllodocida,Syllidae,Typosyllis,,,
CAIDBLP-Eureka,Orbinidae sp.,Family,Dean Pentcheff,pentcheff@nhm.org ,Inventory,902,Orbiniidae,Animalia,Annelida,Polychaeta,,Orbiniidae,,,,
CAIDBLP-Eureka,Glycera '1',Genus,Dean Pentcheff,pentcheff@nhm.org ,Inventory,129296,Glycera,Animalia,Annelida,Polychaeta,Phyllodocida,Glyceridae,Glycera,,,
CAIDBLP-Eureka,Glycera '2',Genus,Dean Pentcheff,pentcheff@nhm.org ,Inventory,129296,Glycera,Animalia,Annelida,Polychaeta,Phyllodocida,Glyceridae,Glycera,,,
CAIDBLP-Eureka,Glycera '3',Genus,Dean Pentcheff,pentcheff@nhm.org ,Inventory,129296,Glycera,Animalia,Annelida,Polychaeta,Phyllodocida,Glyceridae,Glycera,,,
CAIDBLP-Eureka,Acoela / commensal Fissurellid,Higher,Dean Pentcheff,pentcheff@nhm.org ,Inventory,2847,Acoela,Animalia,Xenacoelomorpha,,Acoela,,,,,
CAIDBLP-Eureka,Acoela / commensal Fissurellid,Higher,Dean Pentcheff,pentcheff@nhm.org ,Inventory,2847,Acoela,Animalia,Xenacoelomorpha,,Acoela,,,,,
CAIDBLP-Eureka,Acoela / commensal Fissurellid,Higher,Dean Pentcheff,pentcheff@nhm.org ,Inventory,2847,Acoela,Animalia,Xenacoelomorpha,,Acoela,,,,,
CAIDBLP-Eureka,Paraeurythoe sp.,Genus,Dean Pentcheff,pentcheff@nhm.org ,Inventory,129192,Pareurythoe,Animalia,Annelida,Polychaeta,Amphinomida,Amphinomidae,Pareurythoe,,,
CAIDBLP-Eureka,Hesperonoe sp.,Genus,Dean Pentcheff,pentcheff@nhm.org ,Inventory,248340,Hesperonoe,Animalia,Annelida,Polychaeta,Phyllodocida,Polynoidae,Hesperonoe,,,
CAIDBLP-Eureka,Nephtys sp.,Genus,Dean Pentcheff,pentcheff@nhm.org ,Inventory,129370,Nephtys,Animalia,Annelida,Polychaeta,Phyllodocida,Nephtyidae,Nephtys,,,
CAIDBLP-Eureka,Phascolosoma,Genus,Dean Pentcheff,pentcheff@nhm.org ,Inventory,136029,Phascolosoma,Animalia,Annelida,,Sipuncula,Phascolosomatidae,Phascolosoma,,,
CAIDBLP-Eureka,Phascolosoma,Genus,Dean Pentcheff,pentcheff@nhm.org ,Inventory,136029,Phascolosoma,Animalia,Annelida,,Sipuncula,Phascolosomatidae,Phascolosoma,,,
CAIDBLP-Eureka,Phragmatopoma californica,Species,Dean Pentcheff,pentcheff@nhm.org ,Inventory,334501,Phragmatopoma californica,Animalia,Annelida,Polychaeta,,Sabellariidae,Phragmatopoma,,californica,
CAIDBLP-Eureka,Serpula columbiana,Species,Dean Pentcheff,pentcheff@nhm.org ,Inventory,338088,Serpula columbiana,Animalia,Annelida,Polychaeta,Sabellida,Serpulidae,Serpula,,columbiana,
CAIDBLP-Eureka,Urechis caupo (Urechis),Species,Dean Pentcheff,pentcheff@nhm.org ,Inventory,266874,Urechis caupo,Animalia,Annelida,Polychaeta,Echiuroidea,Urechidae,Urechis,,caupo,
CAIDBLP-Eureka,Phragmatopoma californica,Species,Dean Pentcheff,pentcheff@nhm.org ,Inventory,334501,Phragmatopoma californica,Animalia,Annelida,Polychaeta,,Sabellariidae,Phragmatopoma,,californica,
CAIDBLP-Eureka,Glycera (4 jaws),Genus,Dean Pentcheff,pentcheff@nhm.org ,Inventory,129296,Glycera,Animalia,Annelida,Polychaeta,Phyllodocida,Glyceridae,Glycera,,,
CAIDBLP-Eureka,Pista pacifica,Species,Dean Pentcheff,pentcheff@nhm.org ,Inventory,330775,Pista pacifica,Animalia,Annelida,Polychaeta,Terebellida,Terebellidae,Pista,,pacifica,
CAIDBLP-Eureka,Pista pacifica,Species,Dean Pentcheff,pentcheff@nhm.org ,Inventory,330775,Pista pacifica,Animalia,Annelida,Polychaeta,Terebellida,Terebellidae,Pista,,pacifica,
CAIDBLP-Eureka,Neoamphitrite robusta,Species,Dean Pentcheff,pentcheff@nhm.org ,Inventory,334122,Neoamphitrite robusta,Animalia,Annelida,Polychaeta,Terebellida,Terebellidae,Neoamphitrite,,robusta,
CAIDBLP-Eureka,Neoamphitrite robusta,Species,Dean Pentcheff,pentcheff@nhm.org ,Inventory,334122,Neoamphitrite robusta,Animalia,Annelida,Polychaeta,Terebellida,Terebellidae,Neoamphitrite,,robusta,
CAIDBLP-Eureka,Neoamphitrite robusta,Species,Dean Pentcheff,pentcheff@nhm.org ,Inventory,334122,Neoamphitrite robusta,Animalia,Annelida,Polychaeta,Terebellida,Terebellidae,Neoamphitrite,,robusta,
CAIDBLP-Eureka,Neoamphitrite robusta,Species,Dean Pentcheff,pentcheff@nhm.org ,Inventory,334122,Neoamphitrite robusta,Animalia,Annelida,Polychaeta,Terebellida,Terebellidae,Neoamphitrite,,robusta,
CAIDBLP-Eureka,Pholoidae 1,Family,Dean Pentcheff,pentcheff@nhm.org ,Inventory,1498433,Pholoidae,Animalia,Annelida,Polychaeta,Phyllodocida,Pholoidae,,,,
CAIDBLP-Eureka,Pholoidae 2,Family,Dean Pentcheff,pentcheff@nhm.org ,Inventory,1498433,Pholoidae,Animalia,Annelida,Polychaeta,Phyllodocida,Pholoidae,,,,
CAIDBLP-Eureka,Syllidae Exogone,Genus,Dean Pentcheff,pentcheff@nhm.org ,Inventory,129654,Exogone,Animalia,Annelida,Polychaeta,Phyllodocida,Syllidae,Exogone,,,
CAIDBLP-Eureka,Polygordius,Genus,Dean Pentcheff,pentcheff@nhm.org ,Inventory,129472,Polygordius,Animalia,Annelida,Polychaeta,,Polygordiidae,Polygordius,,,
CAIDBLP-Eureka,Aphelochaeta,Genus,Dean Pentcheff,pentcheff@nhm.org ,Inventory,129240,Aphelochaeta,Animalia,Annelida,Polychaeta,Terebellida,Cirratulidae,Aphelochaeta,,,
CAIDBLP-Eureka,Hesperonoe,Genus,Dean Pentcheff,pentcheff@nhm.org ,Inventory,248340,Hesperonoe,Animalia,Annelida,Polychaeta,Phyllodocida,Polynoidae,Hesperonoe,,,
CAIDBLP-Eureka,Neosabellaria cementarium?,Species,Dean Pentcheff,pentcheff@nhm.org ,Inventory,334129,Neosabellaria cementarium,Animalia,Annelida,Polychaeta,,Sabellariidae,Neosabellaria,,cementarium,
CAIDBLP-Eureka,Owenia johnsoni,Species,Dean Pentcheff,pentcheff@nhm.org ,Inventory,329885,Owenia johnsoni,Animalia,Annelida,Polychaeta,,Oweniidae,Owenia,,johnsoni,
CAIDBLP-Eureka,Pseudopotamilla socialis,Species,Dean Pentcheff,pentcheff@nhm.org ,Inventory,331426,Pseudopotamilla socialis,Animalia,Annelida,Polychaeta,Sabellida,Sabellidae,Pseudopotamilla,,socialis,
CAIDBLP-Eureka,Pseudopotamilla socialis,Species,Dean Pentcheff,pentcheff@nhm.org ,Inventory,331426,Pseudopotamilla socialis,Animalia,Annelida,Polychaeta,Sabellida,Sabellidae,Pseudopotamilla,,socialis,
CAIDBLP-Eureka,Pseudopotamilla socialis,Species,Dean Pentcheff,pentcheff@nhm.org ,Inventory,331426,Pseudopotamilla socialis,Animalia,Annelida,Polychaeta,Sabellida,Sabellidae,Pseudopotamilla,,socialis,
CAIDBLP-Eureka,Owenia johnsoni,Species,Dean Pentcheff,pentcheff@nhm.org ,Inventory,329885,Owenia johnsoni,Animalia,Annelida,Polychaeta,,Oweniidae,Owenia,,johnsoni,
CAIDBLP-Eureka,Mediomastus,Genus,Dean Pentcheff,pentcheff@nhm.org ,Inventory,129218,Mediomastus,Animalia,Annelida,Polychaeta,,Capitellidae,Mediomastus,,,
CAIDBLP-Eureka,Montecellina sp.,Genus,Dean Pentcheff,pentcheff@nhm.org ,Inventory,129247,Monticellina,Animalia,Annelida,Polychaeta,Terebellida,Cirratulidae,Monticellina,,,
CAIDBLP-Eureka,Polyophthalmus sp.,Genus,Dean Pentcheff,pentcheff@nhm.org ,Inventory,129415,Polyophthalmus,Animalia,Annelida,Polychaeta,,Opheliidae,Polyophthalmus,,,
CAIDBLP-Eureka,Dipolydora sp.,Genus,Dean Pentcheff,pentcheff@nhm.org ,Inventory,129611,Dipolydora,Animalia,Annelida,Polychaeta,Spionida,Spionidae,Dipolydora,,,
CAIDBLP-Eureka,Dipolydora sp.,Genus,Dean Pentcheff,pentcheff@nhm.org ,Inventory,129611,Dipolydora,Animalia,Annelida,Polychaeta,Spionida,Spionidae,Dipolydora,,,
CAIDBLP-Eureka,Phoronopsis vancouverensis,Species,Dean Pentcheff,pentcheff@nhm.org ,Inventory,267177,Phoronis vancouverensis,Animalia,Phoronida,,,Phoronidae,Phoronis,,vancouverensis,
CAIDBLP-Eureka,Spiophanes sp.,Genus,Dean Pentcheff,pentcheff@nhm.org ,Inventory,129626,Spiophanes,Animalia,Annelida,Polychaeta,Spionida,Spionidae,Spiophanes,,,
CAIDBLP-Eureka,Laonice foliata?,Species,Dean Pentcheff,pentcheff@nhm.org ,Inventory,333773,Laonice foliata,Animalia,Annelida,Polychaeta,Spionida,Spionidae,Laonice,,foliata,
CAIDBLP-Eureka,Neosabellaria cementarium,Species,Dean Pentcheff,pentcheff@nhm.org ,Inventory,334129,Neosabellaria cementarium,Animalia,Annelida,Polychaeta,,Sabellariidae,Neosabellaria,,cementarium,
CAIDBLP-Eureka,Phragmatopoma californica,Species,Dean Pentcheff,pentcheff@nhm.org ,Inventory,334501,Phragmatopoma californica,Animalia,Annelida,Polychaeta,,Sabellariidae,Phragmatopoma,,californica,
CAIDBLP-Eureka,Phragmatopoma californica,Species,Dean Pentcheff,pentcheff@nhm.org ,Inventory,334501,Phragmatopoma californica,Animalia,Annelida,Polychaeta,,Sabellariidae,Phragmatopoma,,californica,
CAIDBLP-Eureka,Sabellaria sp.,Genus,Dean Pentcheff,pentcheff@nhm.org ,Inventory,129520,Sabellaria,Animalia,Annelida,Polychaeta,,Sabellariidae,Sabellaria,,,
CAIDBLP-Eureka,Magelona pitelkai?,Species,Dean Pentcheff,pentcheff@nhm.org ,Inventory,329155,Magelona pitelkai,Animalia,Annelida,Polychaeta,,Magelonidae,Magelona,,pitelkai,
CAIDBLP-Eureka,Myrianida,Genus,Dean Pentcheff,pentcheff@nhm.org ,Inventory,129659,Myrianida,Animalia,Annelida,Polychaeta,Phyllodocida,Syllidae,Myrianida,,,
CAIDBLP-Eureka,Syllidae 'Green',Family,Dean Pentcheff,pentcheff@nhm.org ,Inventory,948,Syllidae,Animalia,Annelida,Polychaeta,Phyllodocida,Syllidae,,,,
CAIDBLP-Eureka,Novafabricia brunnea,Species,Dean Pentcheff,pentcheff@nhm.org ,Inventory,334254,Novafabricia brunnea,Animalia,Annelida,Polychaeta,Sabellida,Fabriciidae,Novafabricia,,brunnea,
CAIDBLP-Eureka,Banseella oregonica,Species,Dean Pentcheff,pentcheff@nhm.org ,Inventory,533794,Bansella oregonica,Animalia,Annelida,Polychaeta,Sabellida,Fabriciidae,Bansella,,oregonica,
CAIDBLP-Eureka,Amphicorina sp. (new),Genus,Dean Pentcheff,pentcheff@nhm.org ,Inventory,154923,Amphicorina,Animalia,Annelida,Polychaeta,Sabellida,Sabellidae,Amphicorina,,,
CAIDBLP-Eureka,Hesperonoe sp.,Genus,Dean Pentcheff,pentcheff@nhm.org ,Inventory,248340,Hesperonoe,Animalia,Annelida,Polychaeta,Phyllodocida,Polynoidae,Hesperonoe,,,
CAIDBLP-Eureka,Phoronopsis sp.,Genus,Dean Pentcheff,pentcheff@nhm.org ,Inventory,128546,Phoronopsis,Animalia,Phoronida,,,Phoronidae,Phoronopsis,,,
CAIDBLP-Eureka,Phoronopsis sp.,Genus,Dean Pentcheff,pentcheff@nhm.org ,Inventory,128546,Phoronopsis,Animalia,Phoronida,,,Phoronidae,Phoronopsis,,,
CAIDBLP-Eureka,Phoronopsis sp.,Genus,Dean Pentcheff,pentcheff@nhm.org ,Inventory,128546,Phoronopsis,Animalia,Phoronida,,,Phoronidae,Phoronopsis,,,
CAIDBLP-Eureka,Polycirrus sp.,Genus,Dean Pentcheff,pentcheff@nhm.org ,Inventory,129710,Polycirrus,Animalia,Annelida,Polychaeta,Terebellida,Terebellidae,Polycirrus,,,
CAIDBLP-Eureka,Polycirrus sp.,Genus,Dean Pentcheff,pentcheff@nhm.org ,Inventory,129710,Polycirrus,Animalia,Annelida,Polychaeta,Terebellida,Terebellidae,Polycirrus,,,
CAIDBLP-Eureka,Polycirrus sp.,Genus,Dean Pentcheff,pentcheff@nhm.org ,Inventory,129710,Polycirrus,Animalia,Annelida,Polychaeta,Terebellida,Terebellidae,Polycirrus,,,
CAIDBLP-Eureka,Polycirrus sp.,Genus,Dean Pentcheff,pentcheff@nhm.org ,Inventory,129710,Polycirrus,Animalia,Annelida,Polychaeta,Terebellida,Terebellidae,Polycirrus,,,
CAIDBLP-Eureka,Lumbrineris sp.,Genus,Dean Pentcheff,pentcheff@nhm.org ,Inventory,129337,Lumbrineris,Animalia,Annelida,Polychaeta,Eunicida,Lumbrineridae,Lumbrineris,,,
CAIDBLP-Eureka,Lumbrineris sp.,Genus,Dean Pentcheff,pentcheff@nhm.org ,Inventory,129337,Lumbrineris,Animalia,Annelida,Polychaeta,Eunicida,Lumbrineridae,Lumbrineris,,,
CAIDBLP-Eureka,Orbiniid sp.,Family,Dean Pentcheff,pentcheff@nhm.org ,Inventory,902,Orbiniidae,Animalia,Annelida,Polychaeta,,Orbiniidae,,,,
CAIDBLP-Eureka,Leitoscoloplos pugettensis,Species,Dean Pentcheff,pentcheff@nhm.org ,Inventory,254746,Leitoscoloplos pugettensis,Animalia,Annelida,Polychaeta,,Orbiniidae,Leitoscoloplos,,pugettensis,
CAIDBLP-Eureka,Orbiniid sp.,Family,Dean Pentcheff,pentcheff@nhm.org ,Inventory,902,Orbiniidae,Animalia,Annelida,Polychaeta,,Orbiniidae,,,,
CAIDBLP-Eureka,Orbiniid sp.,Family,Dean Pentcheff,pentcheff@nhm.org ,Inventory,902,Orbiniidae,Animalia,Annelida,Polychaeta,,Orbiniidae,,,,
CAIDBLP-Eureka,Orbiniid sp.,Family,Dean Pentcheff,pentcheff@nhm.org ,Inventory,902,Orbiniidae,Animalia,Annelida,Polychaeta,,Orbiniidae,,,,
CAIDBLP-Eureka,Paraeurythoe sp.,Genus,Dean Pentcheff,pentcheff@nhm.org ,Inventory,129192,Pareurythoe,Animalia,Annelida,Polychaeta,Amphinomida,Amphinomidae,Pareurythoe,,,
CAIDBLP-Eureka,Paraeurythoe sp.,Genus,Dean Pentcheff,pentcheff@nhm.org ,Inventory,129192,Pareurythoe,Animalia,Annelida,Polychaeta,Amphinomida,Amphinomidae,Pareurythoe,,,
CAIDBLP-Eureka,Paraeurythoe sp.,Genus,Dean Pentcheff,pentcheff@nhm.org ,Inventory,129192,Pareurythoe,Animalia,Annelida,Polychaeta,Amphinomida,Amphinomidae,Pareurythoe,,,
CAIDBLP-Eureka,Caprella mutica?,Species,Dean Pentcheff,pentcheff@nhm.org ,Inventory,146768,Caprella mutica,Animalia,Arthropoda,Malacostraca,Amphipoda,Caprellidae,Caprella,,mutica,
CAIDBLP-Eureka,Caprella mutica?,Species,Dean Pentcheff,pentcheff@nhm.org ,Inventory,146768,Caprella mutica,Animalia,Arthropoda,Malacostraca,Amphipoda,Caprellidae,Caprella,,mutica,
CAIDBLP-Eureka,Caprella mutica?,Species,Dean Pentcheff,pentcheff@nhm.org ,Inventory,146768,Caprella mutica,Animalia,Arthropoda,Malacostraca,Amphipoda,Caprellidae,Caprella,,mutica,
CAIDBLP-Eureka,Nereidid sp.,Family,Dean Pentcheff,pentcheff@nhm.org ,Inventory,22496,Nereididae,Animalia,Annelida,Polychaeta,Phyllodocida,Nereididae,,,,
CAIDBLP-Eureka,Nereidid sp.,Family,Dean Pentcheff,pentcheff@nhm.org ,Inventory,22496,Nereididae,Animalia,Annelida,Polychaeta,Phyllodocida,Nereididae,,,,
CAIDBLP-Eureka,Platynereis bicanaliculata,Species,Dean Pentcheff,pentcheff@nhm.org ,Inventory,334557,Platynereis bicanaliculata,Animalia,Annelida,Polychaeta,Phyllodocida,Nereididae,Platynereis,,bicanaliculata,
CAIDBLP-Eureka,Platynereis bicanaliculata,Species,Dean Pentcheff,pentcheff@nhm.org ,Inventory,334557,Platynereis bicanaliculata,Animalia,Annelida,Polychaeta,Phyllodocida,Nereididae,Platynereis,,bicanaliculata,
CAIDBLP-Eureka,Dipolydora sp.,Genus,Dean Pentcheff,pentcheff@nhm.org ,Inventory,129611,Dipolydora,Animalia,Annelida,Polychaeta,Spionida,Spionidae,Dipolydora,,,
CAIDBLP-Eureka,Mesochaetopterus taylori,Species,Dean Pentcheff,pentcheff@nhm.org ,Inventory,157487,Mesochaetopterus taylori,Animalia,Annelida,Polychaeta,,Chaetopteridae,Mesochaetopterus,,taylori,
CAIDBLP-Eureka,Listriolobus pelodes,Species,Dean Pentcheff,pentcheff@nhm.org ,Inventory,266792,Listriolobus pelodes,Animalia,Annelida,Polychaeta,Echiuroidea,Thalassematidae,Listriolobus,,pelodes,
CAIDBLP-Eureka,Polynoidae 'symbiont',Family,Dean Pentcheff,pentcheff@nhm.org ,Inventory,939,Polynoidae,Animalia,Annelida,Polychaeta,Phyllodocida,Polynoidae,,,,
CAIDBLP-Eureka,Polynoidae smaller one with symbiont [above],Family,Dean Pentcheff,pentcheff@nhm.org ,Inventory,939,Polynoidae,Animalia,Annelida,Polychaeta,Phyllodocida,Polynoidae,,,,
CAIDBLP-Eureka,Mytilus californiensis,Species,Dean Pentcheff,pentcheff@nhm.org ,Inventory,367837,Mytilus californianus,Animalia,Mollusca,Bivalvia,Mytilida,Mytilidae,Mytilus,,californianus,
CAIDBLP-Eureka,Mytilus californiensis,Species,Dean Pentcheff,pentcheff@nhm.org ,Inventory,367837,Mytilus californianus,Animalia,Mollusca,Bivalvia,Mytilida,Mytilidae,Mytilus,,californianus,
CAIDBLP-Eureka,Mytilus californiensis,Species,Dean Pentcheff,pentcheff@nhm.org ,Inventory,367837,Mytilus californianus,Animalia,Mollusca,Bivalvia,Mytilida,Mytilidae,Mytilus,,californianus,
CAIDBLP-Eureka,Mytilus californiensis,Species,Dean Pentcheff,pentcheff@nhm.org ,Inventory,367837,Mytilus californianus,Animalia,Mollusca,Bivalvia,Mytilida,Mytilidae,Mytilus,,californianus,
CAIDBLP-Eureka,Mytilus californiensis,Species,Dean Pentcheff,pentcheff@nhm.org ,Inventory,367837,Mytilus californianus,Animalia,Mollusca,Bivalvia,Mytilida,Mytilidae,Mytilus,,californianus,
CAIDBLP-Eureka,Pollicipes polymerus,Species,Dean Pentcheff,pentcheff@nhm.org ,Inventory,535329,Pollicipes polymerus,Animalia,Arthropoda,Thecostraca,Pollicipedomorpha,Pollicipedidae,Pollicipes,,polymerus,
CAIDBLP-Eureka,Pollicipes polymerus,Species,Dean Pentcheff,pentcheff@nhm.org ,Inventory,535329,Pollicipes polymerus,Animalia,Arthropoda,Thecostraca,Pollicipedomorpha,Pollicipedidae,Pollicipes,,polymerus,
CAIDBLP-Eureka,Pollicipes polymerus,Species,Dean Pentcheff,pentcheff@nhm.org ,Inventory,535329,Pollicipes polymerus,Animalia,Arthropoda,Thecostraca,Pollicipedomorpha,Pollicipedidae,Pollicipes,,polymerus,
CAIDBLP-Eureka,Pollicipes polymerus,Species,Dean Pentcheff,pentcheff@nhm.org ,Inventory,535329,Pollicipes polymerus,Animalia,Arthropoda,Thecostraca,Pollicipedomorpha,Pollicipedidae,Pollicipes,,polymerus,
CAIDBLP-Eureka,Pollicipes polymerus,Species,Dean Pentcheff,pentcheff@nhm.org ,Inventory,535329,Pollicipes polymerus,Animalia,Arthropoda,Thecostraca,Pollicipedomorpha,Pollicipedidae,Pollicipes,,polymerus,
CAIDBLP-Eureka,,,Dean Pentcheff,pentcheff@nhm.org ,Inventory,,,,,,,,,,,
CAIDBLP-Eureka,,,Dean Pentcheff,pentcheff@nhm.org ,Inventory,,,,,,,,,,,
CAIDBLP-Eureka,,,Dean Pentcheff,pentcheff@nhm.org ,Inventory,,,,,,,,,,,
CAIDBLP-Eureka,,,Dean Pentcheff,pentcheff@nhm.org ,Inventory,,,,,,,,,,,
CAIDBLP-Eureka,,,Dean Pentcheff,pentcheff@nhm.org ,Inventory,,,,,,,,,,,
CAIDBLP-Eureka,,,Dean Pentcheff,pentcheff@nhm.org ,Inventory,,,,,,,,,,,
CAIDBLP-Eureka,,,Dean Pentcheff,pentcheff@nhm.org ,Inventory,,,,,,,,,,,
CAIDBLP-Eureka,,,Dean Pentcheff,pentcheff@nhm.org ,Inventory,,,,,,,,,,,
CAIDBLP-Eureka,,,Dean Pentcheff,pentcheff@nhm.org ,Inventory,,,,,,,,,,,
CAIDBLP-Eureka,,,Dean Pentcheff,pentcheff@nhm.org ,Inventory,,,,,,,,,,,
CAIDBLP-Eureka,,,Dean Pentcheff,pentcheff@nhm.org ,Inventory,,,,,,,,,,,
CAIDBLP-Eureka,,,Dean Pentcheff,pentcheff@nhm.org ,Inventory,,,,,,,,,,,
CAIDBLP-Eureka,,,Dean Pentcheff,pentcheff@nhm.org ,Inventory,,,,,,,,,,,
CAIDBLP-Eureka,,,Dean Pentcheff,pentcheff@nhm.org ,Inventory,,,,,,,,,,,
CAIDBLP-Eureka,,,Dean Pentcheff,pentcheff@nhm.org ,Inventory,,,,,,,,,,,
CAIDBLP-Eureka,,,Dean Pentcheff,pentcheff@nhm.org ,Inventory,,,,,,,,,,,
CAIDBLP-Eureka,,,Dean Pentcheff,pentcheff@nhm.org ,Inventory,,,,,,,,,,,
CAIDBLP-Eureka,,,Dean Pentcheff,pentcheff@nhm.org ,Inventory,,,,,,,,,,,
CAIDBLP-Eureka,,,Dean Pentcheff,pentcheff@nhm.org ,Inventory,,,,,,,,,,,
CAIDBLP-Eureka,,,Dean Pentcheff,pentcheff@nhm.org ,Inventory,,,,,,,,,,,
CAIDBLP-Eureka,Banseella oregonica,Species,Dean Pentcheff,pentcheff@nhm.org ,Inventory,533794,Bansella oregonica,Animalia,Annelida,Polychaeta,Sabellida,Fabriciidae,Bansella,,oregonica,
CAIDBLP-Eureka,RUBIFABRICIOLA BERKELEYI,Species,Dean Pentcheff,pentcheff@nhm.org ,Inventory,1449315,Rubifabriciola berkeleyi,Animalia,Annelida,Polychaeta,Sabellida,Fabriciidae,Rubifabriciola,,berkeleyi,
CAIDBLP-Eureka,Amphicorina new,Genus,Dean Pentcheff,pentcheff@nhm.org ,Inventory,154923,Amphicorina,Animalia,Annelida,Polychaeta,Sabellida,Sabellidae,Amphicorina,,,
CAIDBLP-Eureka,CLITELLATA,Higher,Dean Pentcheff,pentcheff@nhm.org ,Inventory,14165,Clitellata,Animalia,Annelida,Clitellata,,,,,,
CAIDBLP-Eureka,Chrysopetalum,Genus,Dean Pentcheff,pentcheff@nhm.org ,Inventory,129235,Chrysopetalum,Animalia,Annelida,Polychaeta,Phyllodocida,Chrysopetalidae,Chrysopetalum,,,
CAIDBLP-Eureka,Pseudopotamilla,Genus,Dean Pentcheff,pentcheff@nhm.org ,Inventory,129548,Pseudopotamilla,Animalia,Annelida,Polychaeta,Sabellida,Sabellidae,Pseudopotamilla,,,
CAIDBLP-Eureka,Nephtys californiensis,Species,Dean Pentcheff,pentcheff@nhm.org ,Inventory,334137,Nephtys californiensis,Animalia,Annelida,Polychaeta,Phyllodocida,Nephtyidae,Nephtys,,californiensis,
CAIDBLP-Eureka,Nephtys californiensis,Species,Dean Pentcheff,pentcheff@nhm.org ,Inventory,334137,Nephtys californiensis,Animalia,Annelida,Polychaeta,Phyllodocida,Nephtyidae,Nephtys,,californiensis,
CAIDBLP-Eureka,Nephtys californiensis,Species,Dean Pentcheff,pentcheff@nhm.org ,Inventory,334137,Nephtys californiensis,Animalia,Annelida,Polychaeta,Phyllodocida,Nephtyidae,Nephtys,,californiensis,
CAIDBLP-Eureka,Nephtys californiensis,Species,Dean Pentcheff,pentcheff@nhm.org ,Inventory,334137,Nephtys californiensis,Animalia,Annelida,Polychaeta,Phyllodocida,Nephtyidae,Nephtys,,californiensis,
CAIDBLP-Eureka,Nephtys californiensis,Species,Dean Pentcheff,pentcheff@nhm.org ,Inventory,334137,Nephtys californiensis,Animalia,Annelida,Polychaeta,Phyllodocida,Nephtyidae,Nephtys,,californiensis,
CAIDBLP-Eureka,Abarenicola,Genus,Dean Pentcheff,pentcheff@nhm.org ,Inventory,129205,Abarenicola,Animalia,Annelida,Polychaeta,,Arenicolidae,Abarenicola,,,
CAIDBLP-Eureka,Abarenicola,Genus,Dean Pentcheff,pentcheff@nhm.org ,Inventory,129205,Abarenicola,Animalia,Annelida,Polychaeta,,Arenicolidae,Abarenicola,,,
CAIDBLP-Eureka,Halosydna brevisetosa,Species,Dean Pentcheff,pentcheff@nhm.org ,Inventory,333534,Halosydna brevisetosa,Animalia,Annelida,Polychaeta,Phyllodocida,Polynoidae,Halosydna,,brevisetosa,
CAIDBLP-Eureka,Eupolymnia,Genus,Dean Pentcheff,pentcheff@nhm.org ,Inventory,129693,Eupolymnia,Animalia,Annelida,Polychaeta,Terebellida,Terebellidae,Eupolymnia,,,
CAIDBLP-Eureka,Neoamphitrite,Genus,Dean Pentcheff,pentcheff@nhm.org ,Inventory,129702,Neoamphitrite,Animalia,Annelida,Polychaeta,Terebellida,Terebellidae,Neoamphitrite,,,
CAIDBLP-Eureka,Neoamphitrite,Genus,Dean Pentcheff,pentcheff@nhm.org ,Inventory,129702,Neoamphitrite,Animalia,Annelida,Polychaeta,Terebellida,Terebellidae,Neoamphitrite,,,
CAIDBLP-Eureka,Chrysopetalidae sp.,Family,Dean Pentcheff,pentcheff@nhm.org ,Inventory,944,Chrysopetalidae,Animalia,Annelida,Polychaeta,Phyllodocida,Chrysopetalidae,,,,
CAIDBLP-Eureka,Nereis 'long cirri',Genus,Dean Pentcheff,pentcheff@nhm.org ,Inventory,129379,Nereis,Animalia,Annelida,Polychaeta,Phyllodocida,Nereididae,Nereis,,,
CAIDBLP-Eureka,Nereis sp.,Genus,Dean Pentcheff,pentcheff@nhm.org ,Inventory,129379,Nereis,Animalia,Annelida,Polychaeta,Phyllodocida,Nereididae,Nereis,,,
CAIDBLP-Eureka,Cirriformia,Genus,Dean Pentcheff,pentcheff@nhm.org ,Inventory,129245,Cirriformia,Animalia,Annelida,Polychaeta,Terebellida,Cirratulidae,Cirriformia,,,
CAIDBLP-Eureka,Polycirrus,Genus,Dean Pentcheff,pentcheff@nhm.org ,Inventory,129710,Polycirrus,Animalia,Annelida,Polychaeta,Terebellida,Terebellidae,Polycirrus,,,
CAIDBLP-Eureka,Syllis - Trypanosyllis,Genus,Dean Pentcheff,pentcheff@nhm.org ,Inventory,129681,Trypanosyllis,Animalia,Annelida,Polychaeta,Phyllodocida,Syllidae,Trypanosyllis,,,
CAIDBLP-Eureka,Syllid - Purple,Family,Dean Pentcheff,pentcheff@nhm.org ,Inventory,948,Syllidae,Animalia,Annelida,Polychaeta,Phyllodocida,Syllidae,,,,
CAIDBLP-Eureka,Syllidae Purple '2',Family,Dean Pentcheff,pentcheff@nhm.org ,Inventory,948,Syllidae,Animalia,Annelida,Polychaeta,Phyllodocida,Syllidae,,,,
CAIDBLP-Eureka,Trypanosyllis '2',Genus,Dean Pentcheff,pentcheff@nhm.org ,Inventory,129681,Trypanosyllis,Animalia,Annelida,Polychaeta,Phyllodocida,Syllidae,Trypanosyllis,,,
CAIDBLP-Eureka,Tanystylum,Genus,Dean Pentcheff,pentcheff@nhm.org ,Inventory,134577,Tanystylum,Animalia,Arthropoda,Pycnogonida,Pantopoda,Ammotheidae,Tanystylum,,,
CAIDBLP-Eureka,"Insecta, larvae",Higher,Dean Pentcheff,pentcheff@nhm.org ,Inventory,1307,Insecta,Animalia,Arthropoda,Insecta,,,,,,
CAIDBLP-Eureka,Schistomeringos hiltoni,Genus,Dean Pentcheff,pentcheff@nhm.org ,Inventory,129274,Schistomeringos,Animalia,Annelida,Polychaeta,Eunicida,Dorvilleidae,Schistomeringos,,,
CAIDBLP-Eureka,Ramex californica,Species,Dean Pentcheff,pentcheff@nhm.org ,Inventory,331473,Ramex californiensis,Animalia,Annelida,Polychaeta,Terebellida,Terebellidae,Ramex,,californiensis,
CAIDBLP-Eureka,,,Dean Pentcheff,pentcheff@nhm.org ,Inventory,,,,,,,,,,,
CAIDBLP-Eureka,Lacuna,Genus,Dean Pentcheff,pentcheff@nhm.org ,Inventory,138099,Lacuna,Animalia,Mollusca,Gastropoda,Littorinimorpha,Littorinidae,Lacuna,,,
CAIDBLP-Eureka,Aplidium,Genus,Dean Pentcheff,pentcheff@nhm.org ,Inventory,103471,Aplidium,Animalia,Chordata,Ascidiacea,Aplousobranchia,Polyclinidae,Aplidium,,,
CAIDBLP-Eureka,Tegula brunnea,Species,Dean Pentcheff,pentcheff@nhm.org ,Inventory,534187,Tegula brunnea,Animalia,Mollusca,Gastropoda,Trochida,Tegulidae,Tegula,,brunnea,
CAIDBLP-Eureka,Calliostoma ligatum,Species,Dean Pentcheff,pentcheff@nhm.org ,Inventory,580412,Calliostoma ligatum,Animalia,Mollusca,Gastropoda,Trochida,Calliostomatidae,Calliostoma,,ligatum,
CAIDBLP-Eureka,Calliostoma ligatum,Species,Dean Pentcheff,pentcheff@nhm.org ,Inventory,580412,Calliostoma ligatum,Animalia,Mollusca,Gastropoda,Trochida,Calliostomatidae,Calliostoma,,ligatum,
CAIDBLP-Eureka,Calliostoma ligatum,Species,Dean Pentcheff,pentcheff@nhm.org ,Inventory,580412,Calliostoma ligatum,Animalia,Mollusca,Gastropoda,Trochida,Calliostomatidae,Calliostoma,,ligatum,
CAIDBLP-Eureka,Ascidiacea,Higher,Dean Pentcheff,pentcheff@nhm.org ,Inventory,1839,Ascidiacea,Animalia,Chordata,Ascidiacea,,,,,,
CAIDBLP-Eureka,Ascidiacea,Higher,Dean Pentcheff,pentcheff@nhm.org ,Inventory,1839,Ascidiacea,Animalia,Chordata,Ascidiacea,,,,,,
CAIDBLP-Eureka,Ascidiacea,Higher,Dean Pentcheff,pentcheff@nhm.org ,Inventory,1839,Ascidiacea,Animalia,Chordata,Ascidiacea,,,,,,
CAIDBLP-Eureka,Anthopleura artemisia,Species,Dean Pentcheff,pentcheff@nhm.org ,Inventory,283337,Anthopleura artemisia,Animalia,Cnidaria,Hexacorallia,Actiniaria,Actiniidae,Anthopleura,,artemisia,
CAIDBLP-Eureka,Kaburakia,Genus,Dean Pentcheff,pentcheff@nhm.org ,Inventory,479819,Kaburakia,Animalia,Platyhelminthes,,Polycladida,Callioplanidae,Kaburakia,,,
CAIDBLP-Eureka,Maeridae A,Family,Dean Pentcheff,pentcheff@nhm.org ,Inventory,475166,Maeridae,Animalia,Arthropoda,Malacostraca,Amphipoda,Maeridae,,,,
CAIDBLP-Eureka,Maeridae A,Family,Dean Pentcheff,pentcheff@nhm.org ,Inventory,475166,Maeridae,Animalia,Arthropoda,Malacostraca,Amphipoda,Maeridae,,,,
CAIDBLP-Eureka,Polycheira osborni,Species,Dean Pentcheff,pentcheff@nhm.org ,Inventory,489489,Polycheria osborni,Animalia,Arthropoda,Malacostraca,Amphipoda,Dexaminidae,Polycheria,,osborni,
CAIDBLP-Eureka,Polycheira osborni,Species,Dean Pentcheff,pentcheff@nhm.org ,Inventory,489489,Polycheria osborni,Animalia,Arthropoda,Malacostraca,Amphipoda,Dexaminidae,Polycheria,,osborni,
CAIDBLP-Eureka,Polycheira osborni,Species,Dean Pentcheff,pentcheff@nhm.org ,Inventory,489489,Polycheria osborni,Animalia,Arthropoda,Malacostraca,Amphipoda,Dexaminidae,Polycheria,,osborni,
CAIDBLP-Eureka,Ampeliscidae,Family,Dean Pentcheff,pentcheff@nhm.org ,Inventory,101364,Ampeliscidae,Animalia,Arthropoda,Malacostraca,Amphipoda,Ampeliscidae,,,,
CAIDBLP-Eureka,Ampeliscidae,Family,Dean Pentcheff,pentcheff@nhm.org ,Inventory,101364,Ampeliscidae,Animalia,Arthropoda,Malacostraca,Amphipoda,Ampeliscidae,,,,
CAIDBLP-Eureka,Ampeliscidae,Family,Dean Pentcheff,pentcheff@nhm.org ,Inventory,101364,Ampeliscidae,Animalia,Arthropoda,Malacostraca,Amphipoda,Ampeliscidae,,,,
CAIDBLP-Eureka,Ampeliscidae,Family,Dean Pentcheff,pentcheff@nhm.org ,Inventory,101364,Ampeliscidae,Animalia,Arthropoda,Malacostraca,Amphipoda,Ampeliscidae,,,,
CAIDBLP-Eureka,Margarites pupillus,Species,Dean Pentcheff,pentcheff@nhm.org ,Inventory,528731,Margarites pupillus,Animalia,Mollusca,Gastropoda,Trochida,Margaritesidae,Margarites,,pupillus,
CAIDBLP-Eureka,Margarites pupillus,Species,Dean Pentcheff,pentcheff@nhm.org ,Inventory,528731,Margarites pupillus,Animalia,Mollusca,Gastropoda,Trochida,Margaritesidae,Margarites,,pupillus,
CAIDBLP-Eureka,Margarites pupillus,Species,Dean Pentcheff,pentcheff@nhm.org ,Inventory,528731,Margarites pupillus,Animalia,Mollusca,Gastropoda,Trochida,Margaritesidae,Margarites,,pupillus,
CAIDBLP-Eureka,Acmaea mitra,Species,Dean Pentcheff,pentcheff@nhm.org ,Inventory,456582,Acmaea mitra,Animalia,Mollusca,Gastropoda,Nacellida,Acmaeidae,Acmaea,,mitra,
CAIDBLP-Eureka,Acmaea mitra,Species,Dean Pentcheff,pentcheff@nhm.org ,Inventory,456582,Acmaea mitra,Animalia,Mollusca,Gastropoda,Nacellida,Acmaeidae,Acmaea,,mitra,
CAIDBLP-Eureka,Acmaea mitra,Species,Dean Pentcheff,pentcheff@nhm.org ,Inventory,456582,Acmaea mitra,Animalia,Mollusca,Gastropoda,Nacellida,Acmaeidae,Acmaea,,mitra,
CAIDBLP-Eureka,Eudistoma purpuropunctatum?,Species,Dean Pentcheff,pentcheff@nhm.org ,Inventory,250245,Eudistoma purpuropunctatum,Animalia,Chordata,Ascidiacea,Aplousobranchia,Polycitoridae,Eudistoma,,purpuropunctatum,
CAIDBLP-Eureka,Pagurus granosimanus,Species,Dean Pentcheff,pentcheff@nhm.org ,Inventory,366694,Pagurus granosimanus,Animalia,Arthropoda,Malacostraca,Decapoda,Paguridae,Pagurus,,granosimanus,
CAIDBLP-Eureka,Epiactis prolifera?,Species,Dean Pentcheff,pentcheff@nhm.org ,Inventory,283435,Epiactis prolifera,Animalia,Cnidaria,Hexacorallia,Actiniaria,Actiniidae,Epiactis,,prolifera,
CAIDBLP-Eureka,Brinkmanniella palmata,Species,Dean Pentcheff,pentcheff@nhm.org ,Inventory,143320,Brinkmanniella palmata,Animalia,Platyhelminthes,,Rhabdocoela,,Brinkmanniella,,palmata,
CAIDBLP-Eureka,Polycystididae sp. 1,Family,Dean Pentcheff,pentcheff@nhm.org ,Inventory,142099,Polycystididae,Animalia,Platyhelminthes,,Rhabdocoela,Polycystididae,,,,
CAIDBLP-Eureka,Polycystididae sp. 1,Family,Dean Pentcheff,pentcheff@nhm.org ,Inventory,142099,Polycystididae,Animalia,Platyhelminthes,,Rhabdocoela,Polycystididae,,,,
CAIDBLP-Eureka,Ceratopera pacifica,Species,Dean Pentcheff,pentcheff@nhm.org ,Inventory,1067026,Ceratopera pacifica,Animalia,Platyhelminthes,,Rhabdocoela,Trigonostomidae,Ceratopera,,pacifica,
CAIDBLP-Eureka,Ceratopera pacifica,Species,Dean Pentcheff,pentcheff@nhm.org ,Inventory,1067026,Ceratopera pacifica,Animalia,Platyhelminthes,,Rhabdocoela,Trigonostomidae,Ceratopera,,pacifica,
CAIDBLP-Eureka,Polycystis sp. 1,Genus,Dean Pentcheff,pentcheff@nhm.org ,Inventory,142379,Polycystis,Animalia,Platyhelminthes,,Rhabdocoela,Polycystididae,Polycystis,,,
CAIDBLP-Eureka,Polycystis sp. 1,Genus,Dean Pentcheff,pentcheff@nhm.org ,Inventory,142379,Polycystis,Animalia,Platyhelminthes,,Rhabdocoela,Polycystididae,Polycystis,,,
CAIDBLP-Eureka,Ceratopera pacifica,Species,Dean Pentcheff,pentcheff@nhm.org ,Inventory,1067026,Ceratopera pacifica,Animalia,Platyhelminthes,,Rhabdocoela,Trigonostomidae,Ceratopera,,pacifica,
CAIDBLP-Eureka,Plagiostomum sp. 1,Genus,Dean Pentcheff,pentcheff@nhm.org ,Inventory,142260,Plagiostomum,Animalia,Platyhelminthes,,Prolecithophora,Plagiostomidae,Plagiostomum,,,
CAIDBLP-Eureka,Astrotorhynchus sp. 1,Genus,Dean Pentcheff,pentcheff@nhm.org ,Inventory,142430,Astrotorhynchus,Animalia,Platyhelminthes,,Rhabdocoela,Promesostomidae,Astrotorhynchus,,,
CAIDBLP-Eureka,Plagiostomum sp. 2,Genus,Dean Pentcheff,pentcheff@nhm.org ,Inventory,142260,Plagiostomum,Animalia,Platyhelminthes,,Prolecithophora,Plagiostomidae,Plagiostomum,,,
CAIDBLP-Eureka,Polycystis sp. 1,Genus,Dean Pentcheff,pentcheff@nhm.org ,Inventory,142379,Polycystis,Animalia,Platyhelminthes,,Rhabdocoela,Polycystididae,Polycystis,,,
CAIDBLP-Eureka,Plagiostomum sp. 2,Genus,Dean Pentcheff,pentcheff@nhm.org ,Inventory,142260,Plagiostomum,Animalia,Platyhelminthes,,Prolecithophora,Plagiostomidae,Plagiostomum,,,
CAIDBLP-Eureka,Plagiostomum sp. 3,Genus,Dean Pentcheff,pentcheff@nhm.org ,Inventory,142260,Plagiostomum,Animalia,Platyhelminthes,,Prolecithophora,Plagiostomidae,Plagiostomum,,,
CAIDBLP-Eureka,Plagiostomum sp. 3,Genus,Dean Pentcheff,pentcheff@nhm.org ,Inventory,142260,Plagiostomum,Animalia,Platyhelminthes,,Prolecithophora,Plagiostomidae,Plagiostomum,,,
CAIDBLP-Eureka,Plagiostomum sp. 3,Genus,Dean Pentcheff,pentcheff@nhm.org ,Inventory,142260,Plagiostomum,Animalia,Platyhelminthes,,Prolecithophora,Plagiostomidae,Plagiostomum,,,
CAIDBLP-Eureka,Prolecithophora sp. 1,Higher,Dean Pentcheff,pentcheff@nhm.org ,Inventory,2854,Prolecithophora,Animalia,Platyhelminthes,,Prolecithophora,,,,,
CAIDBLP-Eureka,Nannorhynchidae sp. 1,Family,Dean Pentcheff,pentcheff@nhm.org ,Inventory,819476,Nannorhynchididae,Animalia,Platyhelminthes,,Rhabdocoela,Nannorhynchididae,,,,
CAIDBLP-Eureka,Solenopharyngidae sp. 1,Family,Dean Pentcheff,pentcheff@nhm.org ,Inventory,142105,Solenopharyngidae,Animalia,Platyhelminthes,,Rhabdocoela,Solenopharyngidae,,,,
CAIDBLP-Eureka,Nannorhynchidae sp. 1,Family,Dean Pentcheff,pentcheff@nhm.org ,Inventory,819476,Nannorhynchididae,Animalia,Platyhelminthes,,Rhabdocoela,Nannorhynchididae,,,,
CAIDBLP-Eureka,Nannorhynchidae sp. 1,Family,Dean Pentcheff,pentcheff@nhm.org ,Inventory,819476,Nannorhynchididae,Animalia,Platyhelminthes,,Rhabdocoela,Nannorhynchididae,,,,
CAIDBLP-Eureka,Schizorhynchia sp. 1,Higher,Dean Pentcheff,pentcheff@nhm.org ,Inventory,155663,Schizorhynchia,Animalia,Platyhelminthes,,Rhabdocoela,,,,,
CAIDBLP-Eureka,Gnathorhynchidae sp. 1,Family,Dean Pentcheff,pentcheff@nhm.org ,Inventory,142094,Gnathorhynchidae,Animalia,Platyhelminthes,,Rhabdocoela,Gnathorhynchidae,,,,
CAIDBLP-Eureka,Vejdovskya? sp. 1,Genus,Dean Pentcheff,pentcheff@nhm.org ,Inventory,142296,Vejdovskya,Animalia,Platyhelminthes,,Rhabdocoela,Provorticidae,Vejdovskya,,,
CAIDBLP-Eureka,Vejdovskya? sp. 1,Genus,Dean Pentcheff,pentcheff@nhm.org ,Inventory,142296,Vejdovskya,Animalia,Platyhelminthes,,Rhabdocoela,Provorticidae,Vejdovskya,,,
CAIDBLP-Eureka,Gnathorhynchidae sp. 1,Family,Dean Pentcheff,pentcheff@nhm.org ,Inventory,142094,Gnathorhynchidae,Animalia,Platyhelminthes,,Rhabdocoela,Gnathorhynchidae,,,,
CAIDBLP-Eureka,Schizorhynchia sp. 1,Higher,Dean Pentcheff,pentcheff@nhm.org ,Inventory,155663,Schizorhynchia,Animalia,Platyhelminthes,,Rhabdocoela,,,,,
CAIDBLP-Eureka,Vejdovskya? sp. 1,Genus,Dean Pentcheff,pentcheff@nhm.org ,Inventory,142296,Vejdovskya,Animalia,Platyhelminthes,,Rhabdocoela,Provorticidae,Vejdovskya,,,
CAIDBLP-Eureka,Schizorhynchia sp. 1,Higher,Dean Pentcheff,pentcheff@nhm.org ,Inventory,155663,Schizorhynchia,Animalia,Platyhelminthes,,Rhabdocoela,,,,,
CAIDBLP-Eureka,Schizorhynchia sp. 1,Higher,Dean Pentcheff,pentcheff@nhm.org ,Inventory,155663,Schizorhynchia,Animalia,Platyhelminthes,,Rhabdocoela,,,,,
CAIDBLP-Eureka,TEREBELLIDAE EUPOLYMNIA/NEO,Genus,Dean Pentcheff,pentcheff@nhm.org ,Inventory,129693,Eupolymnia,Animalia,Annelida,Polychaeta,Terebellida,Terebellidae,Eupolymnia,,,
CAIDBLP-Eureka,SERPULA,Genus,Dean Pentcheff,pentcheff@nhm.org ,Inventory,129580,Serpula,Animalia,Annelida,Polychaeta,Sabellida,Serpulidae,Serpula,,,
CAIDBLP-Eureka,EUNICE/LEODICE,Genus,Dean Pentcheff,pentcheff@nhm.org ,Inventory,129278,Eunice,Animalia,Annelida,Polychaeta,Eunicida,Eunicidae,Eunice,,,
CAIDBLP-Eureka,SIPUNCULA,Higher,Dean Pentcheff,pentcheff@nhm.org ,Inventory,1268,Sipuncula,Animalia,Annelida,,Sipuncula,,,,,
CAIDBLP-Eureka,Polycirrus,Genus,Dean Pentcheff,pentcheff@nhm.org ,Inventory,129710,Polycirrus,Animalia,Annelida,Polychaeta,Terebellida,Terebellidae,Polycirrus,,,
CAIDBLP-Eureka,Phyllodocidae,Family,Dean Pentcheff,pentcheff@nhm.org ,Inventory,931,Phyllodocidae,Animalia,Annelida,Polychaeta,Phyllodocida,Phyllodocidae,,,,
CAIDBLP-Eureka,Odontosyllis,Genus,Dean Pentcheff,pentcheff@nhm.org ,Inventory,129660,Odontosyllis,Animalia,Annelida,Polychaeta,Phyllodocida,Syllidae,Odontosyllis,,,
CAIDBLP-Eureka,Phyllodocidae,Family,Dean Pentcheff,pentcheff@nhm.org ,Inventory,931,Phyllodocidae,Animalia,Annelida,Polychaeta,Phyllodocida,Phyllodocidae,,,,
CAIDBLP-Eureka,Syllid Syllis,Genus,Dean Pentcheff,pentcheff@nhm.org ,Inventory,129680,Syllis,Animalia,Annelida,Polychaeta,Phyllodocida,Syllidae,Syllis,,,
CAIDBLP-Eureka,Phyllodocidae,Family,Dean Pentcheff,pentcheff@nhm.org ,Inventory,931,Phyllodocidae,Animalia,Annelida,Polychaeta,Phyllodocida,Phyllodocidae,,,,
CAIDBLP-Eureka,Chone sp.,Genus,Dean Pentcheff,pentcheff@nhm.org ,Inventory,129525,Chone,Animalia,Annelida,Polychaeta,Sabellida,Sabellidae,Chone,,,
CAIDBLP-Eureka,Flabelligera ?,Genus,Dean Pentcheff,pentcheff@nhm.org ,Inventory,129291,Flabelligera,Animalia,Annelida,Polychaeta,Terebellida,Flabelligeridae,Flabelligera,,,
CAIDBLP-Eureka,Polynoidae,Family,Dean Pentcheff,pentcheff@nhm.org ,Inventory,939,Polynoidae,Animalia,Annelida,Polychaeta,Phyllodocida,Polynoidae,,,,
CAIDBLP-Eureka,Orbinid Naineris,Genus,Dean Pentcheff,pentcheff@nhm.org ,Inventory,129419,Naineris,Animalia,Annelida,Polychaeta,,Orbiniidae,Naineris,,,
CAIDBLP-Eureka,Nereis '1',Genus,Dean Pentcheff,pentcheff@nhm.org ,Inventory,129379,Nereis,Animalia,Annelida,Polychaeta,Phyllodocida,Nereididae,Nereis,,,
CAIDBLP-Eureka,Nereis 2,Genus,Dean Pentcheff,pentcheff@nhm.org ,Inventory,129379,Nereis,Animalia,Annelida,Polychaeta,Phyllodocida,Nereididae,Nereis,,,
CAIDBLP-Eureka,Nereis 3,Genus,Dean Pentcheff,pentcheff@nhm.org ,Inventory,129379,Nereis,Animalia,Annelida,Polychaeta,Phyllodocida,Nereididae,Nereis,,,
CAIDBLP-Eureka,Nereis 3,Genus,Dean Pentcheff,pentcheff@nhm.org ,Inventory,129379,Nereis,Animalia,Annelida,Polychaeta,Phyllodocida,Nereididae,Nereis,,,
CAIDBLP-Eureka,Nereis 3,Genus,Dean Pentcheff,pentcheff@nhm.org ,Inventory,129379,Nereis,Animalia,Annelida,Polychaeta,Phyllodocida,Nereididae,Nereis,,,
CAIDBLP-Eureka,Eupolymnia/NEOAMPHITRITE?,Genus,Dean Pentcheff,pentcheff@nhm.org ,Inventory,129693,Eupolymnia,Animalia,Annelida,Polychaeta,Terebellida,Terebellidae,Eupolymnia,,,
CAIDBLP-Eureka,Arenicolidae Abarenicola,Genus,Dean Pentcheff,pentcheff@nhm.org ,Inventory,129205,Abarenicola,Animalia,Annelida,Polychaeta,,Arenicolidae,Abarenicola,,,
CAIDBLP-Eureka,Arenicolidae Abarenicola,Genus,Dean Pentcheff,pentcheff@nhm.org ,Inventory,129205,Abarenicola,Animalia,Annelida,Polychaeta,,Arenicolidae,Abarenicola,,,
CAIDBLP-Eureka,Arenicolidae Abarenicola,Genus,Dean Pentcheff,pentcheff@nhm.org ,Inventory,129205,Abarenicola,Animalia,Annelida,Polychaeta,,Arenicolidae,Abarenicola,,,
CAIDBLP-Eureka,Phascolosoma,Genus,Dean Pentcheff,pentcheff@nhm.org ,Inventory,136029,Phascolosoma,Animalia,Annelida,,Sipuncula,Phascolosomatidae,Phascolosoma,,,
CAIDBLP-Eureka,Themiste 1,Genus,Dean Pentcheff,pentcheff@nhm.org ,Inventory,264942,Themiste,Animalia,Annelida,,Sipuncula,Golfingiidae,Themiste,,,
CAIDBLP-Eureka,Sipunculid Themiste 2,Genus,Dean Pentcheff,pentcheff@nhm.org ,Inventory,264942,Themiste,Animalia,Annelida,,Sipuncula,Golfingiidae,Themiste,,,
CAIDBLP-Eureka,Scoletoma zonata,Species,Dean Pentcheff,pentcheff@nhm.org ,Inventory,1039075,Scoletoma zonata,Animalia,Annelida,Polychaeta,Eunicida,Lumbrineridae,Scoletoma,,zonata,
CAIDBLP-Eureka,Halosydna californica,Species,Dean Pentcheff,pentcheff@nhm.org ,Inventory,1807520,Halosydna californica,Animalia,Annelida,Polychaeta,Phyllodocida,Polynoidae,Halosydna,,californica,
CAIDBLP-Eureka,Nephtys,Genus,Dean Pentcheff,pentcheff@nhm.org ,Inventory,129370,Nephtys,Animalia,Annelida,Polychaeta,Phyllodocida,Nephtyidae,Nephtys,,,
CAIDBLP-Eureka,Halosydna,Genus,Dean Pentcheff,pentcheff@nhm.org ,Inventory,152404,Halosydna,Animalia,Annelida,Polychaeta,Phyllodocida,Polynoidae,Halosydna,,,
CAIDBLP-Eureka,Carinoma sp.,Genus,Dean Pentcheff,pentcheff@nhm.org ,Inventory,122378,Carinoma,Animalia,Nemertea,Palaeonemertea,Carinomiformes,Carinomidae,Carinoma,,,
CAIDBLP-Eureka,Emplectonema viride,Species,Dean Pentcheff,pentcheff@nhm.org ,Inventory,176676,Emplectonema viride,Animalia,Nemertea,Hoplonemertea,Monostilifera,Emplectonematidae,Emplectonema,,viride,
CAIDBLP-Eureka,Emplectonema viride,Species,Dean Pentcheff,pentcheff@nhm.org ,Inventory,176676,Emplectonema viride,Animalia,Nemertea,Hoplonemertea,Monostilifera,Emplectonematidae,Emplectonema,,viride,
CAIDBLP-Eureka,Tenuilineus sp.?,Genus,Dean Pentcheff,pentcheff@nhm.org ,Inventory,122368,Tenuilineus,Animalia,Nemertea,Pilidiophora,Heteronemertea,Lineidae,Tenuilineus,,,
CAIDBLP-Eureka,Amphiporus aff. imparispinosus,Genus,Dean Pentcheff,pentcheff@nhm.org ,Inventory,122391,Amphiporus,Animalia,Nemertea,Hoplonemertea,Monostilifera,Amphiporidae,Amphiporus,,,
CAIDBLP-Eureka,Amphiporus aff. imparispinosus,Genus,Dean Pentcheff,pentcheff@nhm.org ,Inventory,122391,Amphiporus,Animalia,Nemertea,Hoplonemertea,Monostilifera,Amphiporidae,Amphiporus,,,
CAIDBLP-Eureka,Amphiporus aff. imparispinosus,Genus,Dean Pentcheff,pentcheff@nhm.org ,Inventory,122391,Amphiporus,Animalia,Nemertea,Hoplonemertea,Monostilifera,Amphiporidae,Amphiporus,,,
CAIDBLP-Eureka,Amphiporus aff. imparispinosus,Genus,Dean Pentcheff,pentcheff@nhm.org ,Inventory,122391,Amphiporus,Animalia,Nemertea,Hoplonemertea,Monostilifera,Amphiporidae,Amphiporus,,,
CAIDBLP-Eureka,Tubulanus ruber,Species,Dean Pentcheff,pentcheff@nhm.org ,Inventory,1747390,Tubulanus ruber,Animalia,Nemertea,Palaeonemertea,Tubulaniformes,Tubulanidae,Tubulanus,,ruber,
CAIDBLP-Eureka,Tenuilineus cf. rubescens?,Genus,Dean Pentcheff,pentcheff@nhm.org ,Inventory,122368,Tenuilineus,Animalia,Nemertea,Pilidiophora,Heteronemertea,Lineidae,Tenuilineus,,,
CAIDBLP-Eureka,Zygonemertes sp.,Genus,Dean Pentcheff,pentcheff@nhm.org ,Inventory,122400,Zygonemertes,Animalia,Nemertea,Hoplonemertea,Monostilifera,Zygonemertidae,Zygonemertes,,,
CAIDBLP-Eureka,Zygonemertes sp.,Genus,Dean Pentcheff,pentcheff@nhm.org ,Inventory,122400,Zygonemertes,Animalia,Nemertea,Hoplonemertea,Monostilifera,Zygonemertidae,Zygonemertes,,,
CAIDBLP-Eureka,Kurilonemertes phyllospadicola?,Species,Dean Pentcheff,pentcheff@nhm.org ,Inventory,1776934,Kurilonemertes phyllospadicola,Animalia,Nemertea,Hoplonemertea,Monostilifera,Oerstediidae,Kurilonemertes,,phyllospadicola,
CAIDBLP-Eureka,Tetrastemma nigrifrons,Species,Dean Pentcheff,pentcheff@nhm.org ,Inventory,162358,Tetrastemma nigrifrons,Animalia,Nemertea,Hoplonemertea,Monostilifera,Tetrastemmatidae,Tetrastemma,,nigrifrons,
CAIDBLP-Eureka,Zygonemertes sp.,Genus,Dean Pentcheff,pentcheff@nhm.org ,Inventory,122400,Zygonemertes,Animalia,Nemertea,Hoplonemertea,Monostilifera,Zygonemertidae,Zygonemertes,,,
CAIDBLP-Eureka,Tenuilineus rubescens,Species,Dean Pentcheff,pentcheff@nhm.org ,Inventory,147912,Lineus rubescens,Animalia,Nemertea,Pilidiophora,Heteronemertea,Lineidae,Lineus,,rubescens,
CAIDBLP-Eureka,Lineidae,Family,Dean Pentcheff,pentcheff@nhm.org ,Inventory,122314,Lineidae,Animalia,Nemertea,Pilidiophora,Heteronemertea,Lineidae,,,,
CAIDBLP-Eureka,Tenuilineus rubescens,Species,Dean Pentcheff,pentcheff@nhm.org ,Inventory,147912,Lineus rubescens,Animalia,Nemertea,Pilidiophora,Heteronemertea,Lineidae,Lineus,,rubescens,
CAIDBLP-Eureka,Zygonemertes sp.,Genus,Dean Pentcheff,pentcheff@nhm.org ,Inventory,122400,Zygonemertes,Animalia,Nemertea,Hoplonemertea,Monostilifera,Zygonemertidae,Zygonemertes,,,
CAIDBLP-Eureka,Micrura wilsoni,Species,Dean Pentcheff,pentcheff@nhm.org ,Inventory,155917,Micrura wilsoni,Animalia,Nemertea,Pilidiophora,Heteronemertea,Lineidae,Micrura,,wilsoni,
CAIDBLP-Eureka,Tubulanus sexlineatus,Species,Dean Pentcheff,pentcheff@nhm.org ,Inventory,147256,Tubulanus sexlineatus,Animalia,Nemertea,Palaeonemertea,Tubulaniformes,Tubulanidae,Tubulanus,,sexlineatus,
CAIDBLP-Eureka,Tetrastemma nigrifrons,Species,Dean Pentcheff,pentcheff@nhm.org ,Inventory,162358,Tetrastemma nigrifrons,Animalia,Nemertea,Hoplonemertea,Monostilifera,Tetrastemmatidae,Tetrastemma,,nigrifrons,
CAIDBLP-Eureka,Zygonemertes sp.,Genus,Dean Pentcheff,pentcheff@nhm.org ,Inventory,122400,Zygonemertes,Animalia,Nemertea,Hoplonemertea,Monostilifera,Zygonemertidae,Zygonemertes,,,
CAIDBLP-Eureka,Tenuilineus rubescens,Species,Dean Pentcheff,pentcheff@nhm.org ,Inventory,147912,Lineus rubescens,Animalia,Nemertea,Pilidiophora,Heteronemertea,Lineidae,Lineus,,rubescens,
CAIDBLP-Eureka,Kurilonemertes phyllospadicola?,Species,Dean Pentcheff,pentcheff@nhm.org ,Inventory,1776934,Kurilonemertes phyllospadicola,Animalia,Nemertea,Hoplonemertea,Monostilifera,Oerstediidae,Kurilonemertes,,phyllospadicola,
CAIDBLP-Eureka,Nemertellina sp.,Genus,Dean Pentcheff,pentcheff@nhm.org ,Inventory,1815692,Nemertellina,Animalia,Nemertea,Hoplonemertea,Monostilifera,Oerstediidae,Nemertellina,,,
CAIDBLP-Eureka,Zygonemertes sp.,Genus,Dean Pentcheff,pentcheff@nhm.org ,Inventory,122400,Zygonemertes,Animalia,Nemertea,Hoplonemertea,Monostilifera,Zygonemertidae,Zygonemertes,,,
CAIDBLP-Eureka,Tenuilineus rubescens,Species,Dean Pentcheff,pentcheff@nhm.org ,Inventory,147912,Lineus rubescens,Animalia,Nemertea,Pilidiophora,Heteronemertea,Lineidae,Lineus,,rubescens,
CAIDBLP-Eureka,Zygonemertes sp.,Genus,Dean Pentcheff,pentcheff@nhm.org ,Inventory,122400,Zygonemertes,Animalia,Nemertea,Hoplonemertea,Monostilifera,Zygonemertidae,Zygonemertes,,,
CAIDBLP-Eureka,Zygonemertes sp.,Genus,Dean Pentcheff,pentcheff@nhm.org ,Inventory,122400,Zygonemertes,Animalia,Nemertea,Hoplonemertea,Monostilifera,Zygonemertidae,Zygonemertes,,,
CAIDBLP-Eureka,Amphiporus formidabilis,Species,Dean Pentcheff,pentcheff@nhm.org ,Inventory,147983,Amphiporus formidabilis,Animalia,Nemertea,Hoplonemertea,Monostilifera,Amphiporidae,Amphiporus,,formidabilis,
CAIDBLP-Eureka,Paranemertes aff. peregrina,Genus,Dean Pentcheff,pentcheff@nhm.org ,Inventory,122406,Paranemertes,Animalia,Nemertea,Hoplonemertea,Monostilifera,Neesiidae,Paranemertes,,,
CAIDBLP-Eureka,Amphiporus aff. imparispinosus,Genus,Dean Pentcheff,pentcheff@nhm.org ,Inventory,122391,Amphiporus,Animalia,Nemertea,Hoplonemertea,Monostilifera,Amphiporidae,Amphiporus,,,
CAIDBLP-Eureka,Amphiporus aff. imparispinosus,Genus,Dean Pentcheff,pentcheff@nhm.org ,Inventory,122391,Amphiporus,Animalia,Nemertea,Hoplonemertea,Monostilifera,Amphiporidae,Amphiporus,,,
CAIDBLP-Eureka,Tubulanus sexlineatus,Species,Dean Pentcheff,pentcheff@nhm.org ,Inventory,147256,Tubulanus sexlineatus,Animalia,Nemertea,Palaeonemertea,Tubulaniformes,Tubulanidae,Tubulanus,,sexlineatus,
CAIDBLP-Eureka,Zygonemertes,Genus,Dean Pentcheff,pentcheff@nhm.org ,Inventory,122400,Zygonemertes,Animalia,Nemertea,Hoplonemertea,Monostilifera,Zygonemertidae,Zygonemertes,,,
CAIDBLP-Eureka,Amphiporus sp.,Genus,Dean Pentcheff,pentcheff@nhm.org ,Inventory,122391,Amphiporus,Animalia,Nemertea,Hoplonemertea,Monostilifera,Amphiporidae,Amphiporus,,,
CAIDBLP-Eureka,Amphiporus aff. cruentatus,Genus,Dean Pentcheff,pentcheff@nhm.org ,Inventory,122391,Amphiporus,Animalia,Nemertea,Hoplonemertea,Monostilifera,Amphiporidae,Amphiporus,,,
CAIDBLP-Eureka,Paranemertes aff. peregrina,Genus,Dean Pentcheff,pentcheff@nhm.org ,Inventory,122406,Paranemertes,Animalia,Nemertea,Hoplonemertea,Monostilifera,Neesiidae,Paranemertes,,,
CAIDBLP-Eureka,Zygonemertes sp.,Genus,Dean Pentcheff,pentcheff@nhm.org ,Inventory,122400,Zygonemertes,Animalia,Nemertea,Hoplonemertea,Monostilifera,Zygonemertidae,Zygonemertes,,,
CAIDBLP-Eureka,Zygonemertes sp.,Genus,Dean Pentcheff,pentcheff@nhm.org ,Inventory,122400,Zygonemertes,Animalia,Nemertea,Hoplonemertea,Monostilifera,Zygonemertidae,Zygonemertes,,,
CAIDBLP-Eureka,Tetrastemma nigrifrons,Species,Dean Pentcheff,pentcheff@nhm.org ,Inventory,162358,Tetrastemma nigrifrons,Animalia,Nemertea,Hoplonemertea,Monostilifera,Tetrastemmatidae,Tetrastemma,,nigrifrons,
CAIDBLP-Eureka,Tenuilineus rubescens,Species,Dean Pentcheff,pentcheff@nhm.org ,Inventory,147912,Lineus rubescens,Animalia,Nemertea,Pilidiophora,Heteronemertea,Lineidae,Lineus,,rubescens,
CAIDBLP-Eureka,Zygonemertes sp.,Genus,Dean Pentcheff,pentcheff@nhm.org ,Inventory,122400,Zygonemertes,Animalia,Nemertea,Hoplonemertea,Monostilifera,Zygonemertidae,Zygonemertes,,,
CAIDBLP-Eureka,Zygonemertes sp.,Genus,Dean Pentcheff,pentcheff@nhm.org ,Inventory,122400,Zygonemertes,Animalia,Nemertea,Hoplonemertea,Monostilifera,Zygonemertidae,Zygonemertes,,,
CAIDBLP-Eureka,Tubulanus ruber,Species,Dean Pentcheff,pentcheff@nhm.org ,Inventory,1747390,Tubulanus ruber,Animalia,Nemertea,Palaeonemertea,Tubulaniformes,Tubulanidae,Tubulanus,,ruber,
CAIDBLP-Eureka,Cerebratulus sp.,Genus,Dean Pentcheff,pentcheff@nhm.org ,Inventory,122348,Cerebratulus,Animalia,Nemertea,Pilidiophora,Heteronemertea,Lineidae,Cerebratulus,,,
CAIDBLP-Eureka,Nipponnemertes bimaculata,Species,Dean Pentcheff,pentcheff@nhm.org ,Inventory,156339,Nipponnemertes bimaculata,Animalia,Nemertea,Hoplonemertea,Monostilifera,Cratenemertidae,Nipponnemertes,,bimaculata,
CAIDBLP-Eureka,Nipponnemertes bimaculata,Species,Dean Pentcheff,pentcheff@nhm.org ,Inventory,156339,Nipponnemertes bimaculata,Animalia,Nemertea,Hoplonemertea,Monostilifera,Cratenemertidae,Nipponnemertes,,bimaculata,
CAIDBLP-Eureka,Nipponnemertes bimaculata,Species,Dean Pentcheff,pentcheff@nhm.org ,Inventory,156339,Nipponnemertes bimaculata,Animalia,Nemertea,Hoplonemertea,Monostilifera,Cratenemertidae,Nipponnemertes,,bimaculata,
CAIDBLP-Eureka,Nipponnemertes bimaculata,Species,Dean Pentcheff,pentcheff@nhm.org ,Inventory,156339,Nipponnemertes bimaculata,Animalia,Nemertea,Hoplonemertea,Monostilifera,Cratenemertidae,Nipponnemertes,,bimaculata,
CAIDBLP-Eureka,Micrura wilsoni,Species,Dean Pentcheff,pentcheff@nhm.org ,Inventory,155917,Micrura wilsoni,Animalia,Nemertea,Pilidiophora,Heteronemertea,Lineidae,Micrura,,wilsoni,
CAIDBLP-Eureka,Micrura wilsoni,Species,Dean Pentcheff,pentcheff@nhm.org ,Inventory,155917,Micrura wilsoni,Animalia,Nemertea,Pilidiophora,Heteronemertea,Lineidae,Micrura,,wilsoni,
CAIDBLP-Eureka,Amphiporus aff. imparispinosus?,Genus,Dean Pentcheff,pentcheff@nhm.org ,Inventory,122391,Amphiporus,Animalia,Nemertea,Hoplonemertea,Monostilifera,Amphiporidae,Amphiporus,,,
CAIDBLP-Eureka,Amphiporus aff. imparispinosus?,Genus,Dean Pentcheff,pentcheff@nhm.org ,Inventory,122391,Amphiporus,Animalia,Nemertea,Hoplonemertea,Monostilifera,Amphiporidae,Amphiporus,,,
CAIDBLP-Eureka,Amphiporus aff. imparispinosus?,Genus,Dean Pentcheff,pentcheff@nhm.org ,Inventory,122391,Amphiporus,Animalia,Nemertea,Hoplonemertea,Monostilifera,Amphiporidae,Amphiporus,,,
CAIDBLP-Eureka,Amphiporus formidabilis?,Species,Dean Pentcheff,pentcheff@nhm.org ,Inventory,147983,Amphiporus formidabilis,Animalia,Nemertea,Hoplonemertea,Monostilifera,Amphiporidae,Amphiporus,,formidabilis,
CAIDBLP-Eureka,Tubulanus ruber,Species,Dean Pentcheff,pentcheff@nhm.org ,Inventory,1747390,Tubulanus ruber,Animalia,Nemertea,Palaeonemertea,Tubulaniformes,Tubulanidae,Tubulanus,,ruber,
CAIDBLP-Eureka,Tubulanus ruber,Species,Dean Pentcheff,pentcheff@nhm.org ,Inventory,1747390,Tubulanus ruber,Animalia,Nemertea,Palaeonemertea,Tubulaniformes,Tubulanidae,Tubulanus,,ruber,
CAIDBLP-Eureka,Carinoma?,Genus,Dean Pentcheff,pentcheff@nhm.org ,Inventory,122378,Carinoma,Animalia,Nemertea,Palaeonemertea,Carinomiformes,Carinomidae,Carinoma,,,
CAIDBLP-Eureka,Ceratodoris rosacea,Species,Dean Pentcheff,pentcheff@nhm.org ,Inventory,1723348,Ceratodoris rosacea,Animalia,Mollusca,Gastropoda,Doridida,Goniodorididae,Ceratodoris,,rosacea,
CAIDBLP-Eureka,Dirona albolineata,Species,Dean Pentcheff,pentcheff@nhm.org ,Inventory,581837,Dirona albolineata,Animalia,Mollusca,Gastropoda,Nudibranchia,Dironidae,Dirona,,albolineata,
CAIDBLP-Eureka,Triopha catalinae,Species,Dean Pentcheff,pentcheff@nhm.org ,Inventory,531258,Triopha catalinae,Animalia,Mollusca,Gastropoda,Doridida,Polyceridae,Triopha,,catalinae,
CAIDBLP-Eureka,Tritonia festiva,Species,Dean Pentcheff,pentcheff@nhm.org ,Inventory,549413,Tritonia festiva,Animalia,Mollusca,Gastropoda,Nudibranchia,Tritoniidae,Tritonia,,festiva,
CAIDBLP-Eureka,Dialula sandiegensis,Species,Dean Pentcheff,pentcheff@nhm.org ,Inventory,536817,Diaulula sandiegensis,Animalia,Mollusca,Gastropoda,Doridida,Discodorididae,Diaulula,,sandiegensis,
CAIDBLP-Eureka,Hallaxa chani,Species,Dean Pentcheff,pentcheff@nhm.org ,Inventory,581807,Hallaxa chani,Animalia,Mollusca,Gastropoda,Doridida,Actinocyclidae,Hallaxa,,chani,
CAIDBLP-Eureka,Hermissenda opalescens,Species,Dean Pentcheff,pentcheff@nhm.org ,Inventory,877759,Hermissenda opalescens,Animalia,Mollusca,Gastropoda,Nudibranchia,Myrrhinidae,Hermissenda,,opalescens,
CAIDBLP-Eureka,Triopha catalinae,Species,Dean Pentcheff,pentcheff@nhm.org ,Inventory,531258,Triopha catalinae,Animalia,Mollusca,Gastropoda,Doridida,Polyceridae,Triopha,,catalinae,
CAIDBLP-Eureka,Aeolidia cf. loui,Genus,Dean Pentcheff,pentcheff@nhm.org ,Inventory,137630,Aeolidia,Animalia,Mollusca,Gastropoda,Nudibranchia,Aeolidiidae,Aeolidia,,,
CAIDBLP-Eureka,Diaphorodoris lirulatocauda,Species,Dean Pentcheff,pentcheff@nhm.org ,Inventory,581691,Diaphorodoris lirulatocauda,Animalia,Mollusca,Gastropoda,Doridida,Calycidorididae,Diaphorodoris,,lirulatocauda,
CAIDBLP-Eureka,Triopha maculata,Species,Dean Pentcheff,pentcheff@nhm.org ,Inventory,531262,Triopha maculata,Animalia,Mollusca,Gastropoda,Doridida,Polyceridae,Triopha,,maculata,
CAIDBLP-Eureka,Dirona picta,Species,Dean Pentcheff,pentcheff@nhm.org ,Inventory,558927,Dirona picta,Animalia,Mollusca,Gastropoda,Nudibranchia,Dironidae,Dirona,,picta,
CAIDBLP-Eureka,Peltodoris nobilis,Species,Dean Pentcheff,pentcheff@nhm.org ,Inventory,594422,Peltodoris nobilis,Animalia,Mollusca,Gastropoda,Doridida,Discodorididae,Peltodoris,,nobilis,
CAIDBLP-Eureka,Acanthodoris nanaimoensis,Species,Dean Pentcheff,pentcheff@nhm.org ,Inventory,535685,Acanthodoris nanaimoensis,Animalia,Mollusca,Gastropoda,Doridida,Acanthodorididae,Acanthodoris,,nanaimoensis,
CAIDBLP-Eureka,Limacia cockerelli,Species,Dean Pentcheff,pentcheff@nhm.org ,Inventory,531202,Limacia cockerelli,Animalia,Mollusca,Gastropoda,Doridida,Polyceridae,Limacia,,cockerelli,
CAIDBLP-Eureka,Triopha catalinae,Species,Dean Pentcheff,pentcheff@nhm.org ,Inventory,531258,Triopha catalinae,Animalia,Mollusca,Gastropoda,Doridida,Polyceridae,Triopha,,catalinae,
CAIDBLP-Eureka,Triopha maculata,Species,Dean Pentcheff,pentcheff@nhm.org ,Inventory,531262,Triopha maculata,Animalia,Mollusca,Gastropoda,Doridida,Polyceridae,Triopha,,maculata,
CAIDBLP-Eureka,Peltodoris nobilis,Species,Dean Pentcheff,pentcheff@nhm.org ,Inventory,594422,Peltodoris nobilis,Animalia,Mollusca,Gastropoda,Doridida,Discodorididae,Peltodoris,,nobilis,
CAIDBLP-Eureka,Dialula sandiegensis,Species,Dean Pentcheff,pentcheff@nhm.org ,Inventory,536817,Diaulula sandiegensis,Animalia,Mollusca,Gastropoda,Doridida,Discodorididae,Diaulula,,sandiegensis,
CAIDBLP-Eureka,Dirona albolineata,Species,Dean Pentcheff,pentcheff@nhm.org ,Inventory,581837,Dirona albolineata,Animalia,Mollusca,Gastropoda,Nudibranchia,Dironidae,Dirona,,albolineata,
CAIDBLP-Eureka,Doris montereyensis,Species,Dean Pentcheff,pentcheff@nhm.org ,Inventory,581816,Doris montereyensis,Animalia,Mollusca,Gastropoda,Doridida,Dorididae,Doris,,montereyensis,
CAIDBLP-Eureka,Tenellia albocrusta,Species,Dean Pentcheff,pentcheff@nhm.org ,Inventory,986813,Tenellia albocrusta,Animalia,Mollusca,Gastropoda,Nudibranchia,Trinchesiidae,Tenellia,,albocrusta,
CAIDBLP-Eureka,Diaulula odonhuei,Species,Dean Pentcheff,pentcheff@nhm.org ,Inventory,890436,Diaulula odonoghuei,Animalia,Mollusca,Gastropoda,Doridida,Discodorididae,Diaulula,,odonoghuei,
CAIDBLP-Eureka,Dendronotus venustus,Species,Dean Pentcheff,pentcheff@nhm.org ,Inventory,548249,Dendronotus venustus,Animalia,Mollusca,Gastropoda,Nudibranchia,Dendronotidae,Dendronotus,,venustus,
CAIDBLP-Eureka,Diaphorodoris lirulatocauda,Species,Dean Pentcheff,pentcheff@nhm.org ,Inventory,581691,Diaphorodoris lirulatocauda,Animalia,Mollusca,Gastropoda,Doridida,Calycidorididae,Diaphorodoris,,lirulatocauda,
CAIDBLP-Eureka,Hermissenda opalescens,Species,Dean Pentcheff,pentcheff@nhm.org ,Inventory,877759,Hermissenda opalescens,Animalia,Mollusca,Gastropoda,Nudibranchia,Myrrhinidae,Hermissenda,,opalescens,
CAIDBLP-Eureka,Polycera atra,Species,Dean Pentcheff,pentcheff@nhm.org ,Inventory,527533,Polycera atra,Animalia,Mollusca,Gastropoda,Doridida,Polyceridae,Polycera,,atra,
CAIDBLP-Eureka,Hermissenda crassicornis,Species,Dean Pentcheff,pentcheff@nhm.org ,Inventory,367883,Hermissenda crassicornis,Animalia,Mollusca,Gastropoda,Nudibranchia,Myrrhinidae,Hermissenda,,crassicornis,
CAIDBLP-Eureka,flatworm sp,Higher,Dean Pentcheff,pentcheff@nhm.org ,Inventory,793,Platyhelminthes,Animalia,Platyhelminthes,,,,,,,
CAIDBLP-Eureka,Triopha maculata,Species,Dean Pentcheff,pentcheff@nhm.org ,Inventory,531262,Triopha maculata,Animalia,Mollusca,Gastropoda,Doridida,Polyceridae,Triopha,,maculata,
CAIDBLP-Eureka,Odonthalia washingtoniensis,Species,Dean Pentcheff,pentcheff@nhm.org ,Inventory,372622,Odonthalia washingtoniensis,Plantae,Rhodophyta,Florideophyceae,Ceramiales,Rhodomelaceae,Odonthalia,,washingtoniensis,
CAIDBLP-Eureka,Colpomenia peregrina,Species,Dean Pentcheff,pentcheff@nhm.org ,Inventory,145856,Colpomenia peregrina,Chromista,Ochrophyta,Phaeophyceae,Ectocarpales,Scytosiphonaceae,Colpomenia,,peregrina,
CAIDBLP-Eureka,Pelvetiopsis limitata,Species,Dean Pentcheff,pentcheff@nhm.org ,Inventory,372511,Pelvetiopsis limitata,Chromista,Ochrophyta,Phaeophyceae,Fucales,Fucaceae,Pelvetiopsis,,limitata,
CAIDBLP-Eureka,Hymenena (juvenile?),Genus,Dean Pentcheff,pentcheff@nhm.org ,Inventory,369788,Hymenena,Plantae,Rhodophyta,Florideophyceae,Ceramiales,Delesseriaceae,Hymenena,,,
CAIDBLP-Eureka,Hymenena flabelligera,Species,Dean Pentcheff,pentcheff@nhm.org ,Inventory,372588,Hymenena flabelligera,Plantae,Rhodophyta,Florideophyceae,Ceramiales,Delesseriaceae,Hymenena,,flabelligera,
CAIDBLP-Eureka,Plocamiocolax pulvinata,Species,Dean Pentcheff,pentcheff@nhm.org ,Inventory,372631,Plocamiocolax pulvinatus,Plantae,Rhodophyta,Florideophyceae,Plocamiales,Plocamiaceae,Plocamiocolax,,pulvinatus,
CAIDBLP-Eureka,Plocamium pacificum,Species,Dean Pentcheff,pentcheff@nhm.org ,Inventory,498042,Plocamium pacificum,Plantae,Rhodophyta,Florideophyceae,Plocamiales,Plocamiaceae,Plocamium,,pacificum,
CAIDBLP-Eureka,Prionitis lanceolata,Species,Dean Pentcheff,pentcheff@nhm.org ,Inventory,496247,Prionitis lanceolata,Plantae,Rhodophyta,Florideophyceae,Halymeniales,Halymeniaceae,Prionitis,,lanceolata,
CAIDBLP-Eureka,Ahnfeltiopsis linearis,Species,Dean Pentcheff,pentcheff@nhm.org ,Inventory,372234,Ahnfeltiopsis linearis,Plantae,Rhodophyta,Florideophyceae,Gigartinales,Phyllophoraceae,Ahnfeltiopsis,,linearis,
CAIDBLP-Eureka,Herposiphonia borealis,Genus,Dean Pentcheff,pentcheff@nhm.org ,Inventory,205966,Herposiphonia,Plantae,Rhodophyta,Florideophyceae,Ceramiales,Rhodomelaceae,Herposiphonia,,,
CAIDBLP-Eureka,Ptilota filicina,Species,Dean Pentcheff,pentcheff@nhm.org ,Inventory,372387,Ptilota filicina,Plantae,Rhodophyta,Florideophyceae,Ceramiales,Wrangeliaceae,Ptilota,,filicina,
CAIDBLP-Eureka,Constantinea simplex,Species,Dean Pentcheff,pentcheff@nhm.org ,Inventory,372553,Constantinea simplex,Plantae,Rhodophyta,Florideophyceae,Gigartinales,Dumontiaceae,Constantinea,,simplex,
CAIDBLP-Eureka,Cryptopleura violacea,Species,Dean Pentcheff,pentcheff@nhm.org ,Inventory,372562,Cryptopleura violacea,Plantae,Rhodophyta,Florideophyceae,Ceramiales,Delesseriaceae,Cryptopleura,,violacea,
CAIDBLP-Eureka,Plocamium oregonum,Species,Dean Pentcheff,pentcheff@nhm.org ,Inventory,372632,Plocamium oregonum,Plantae,Rhodophyta,Florideophyceae,Plocamiales,Plocamiaceae,Plocamium,,oregonum,
CAIDBLP-Eureka,Odonthalia floccosa,Species,Dean Pentcheff,pentcheff@nhm.org ,Inventory,372621,Odonthalia floccosa,Plantae,Rhodophyta,Florideophyceae,Ceramiales,Rhodomelaceae,Odonthalia,,floccosa,
CAIDBLP-Eureka,Odonthalia oregona,Species,Dean Pentcheff,pentcheff@nhm.org ,Inventory,497634,Odonthalia oregona,Plantae,Rhodophyta,Florideophyceae,Ceramiales,Rhodomelaceae,Odonthalia,,oregona,
CAIDBLP-Eureka,Neorhodomela larix,Species,Dean Pentcheff,pentcheff@nhm.org ,Inventory,372616,Neorhodomela larix,Plantae,Rhodophyta,Florideophyceae,Ceramiales,Rhodomelaceae,Neorhodomela,,larix,
CAIDBLP-Eureka,Mazzaella splendens,Species,Dean Pentcheff,pentcheff@nhm.org ,Inventory,372601,Mazzaella splendens,Plantae,Rhodophyta,Florideophyceae,Gigartinales,Gigartinaceae,Mazzaella,,splendens,
CAIDBLP-Eureka,Chondracanthus canaliculatus,Species,Dean Pentcheff,pentcheff@nhm.org ,Inventory,371723,Chondracanthus canaliculatus,Plantae,Rhodophyta,Florideophyceae,Gigartinales,Gigartinaceae,Chondracanthus,,canaliculatus,
CAIDBLP-Eureka,Neogastroclonium subarticulatum,Species,Dean Pentcheff,pentcheff@nhm.org ,Inventory,503971,Neogastroclonium subarticulatum,Plantae,Rhodophyta,Florideophyceae,Rhodymeniales,Champiaceae,Neogastroclonium,,subarticulatum,
CAIDBLP-Eureka,Ulva fenestrata,Species,Dean Pentcheff,pentcheff@nhm.org ,Inventory,211462,Ulva fenestrata,Plantae,Chlorophyta,Ulvophyceae,Ulvales,Ulvaceae,Ulva,,fenestrata,
CAIDBLP-Eureka,Ulva,Genus,Dean Pentcheff,pentcheff@nhm.org ,Inventory,144296,Ulva,Plantae,Chlorophyta,Ulvophyceae,Ulvales,Ulvaceae,Ulva,,,
CAIDBLP-Eureka,Mazzaella oregona,Species,Dean Pentcheff,pentcheff@nhm.org ,Inventory,376274,Mazzaella oregona,Plantae,Rhodophyta,Florideophyceae,Gigartinales,Gigartinaceae,Mazzaella,,oregona,
CAIDBLP-Eureka,Mastocarpus,Genus,Dean Pentcheff,pentcheff@nhm.org ,Inventory,144163,Mastocarpus,Plantae,Rhodophyta,Florideophyceae,Gigartinales,Phyllophoraceae,Mastocarpus,,,
CAIDBLP-Eureka,Phaeostrophion irregulare,Species,Dean Pentcheff,pentcheff@nhm.org ,Inventory,372516,Phaeostrophion irregulare,Chromista,Ochrophyta,Phaeophyceae,Phaeophyceae incertae sedis,Phaeostrophiaceae,Phaeostrophion,,irregulare,
CAIDBLP-Eureka,Desmarestia herbacea,Species,Dean Pentcheff,pentcheff@nhm.org ,Inventory,239201,Desmarestia herbacea,Chromista,Ochrophyta,Phaeophyceae,Desmarestiales,Desmarestiaceae,Desmarestia,,herbacea,
CAIDBLP-Eureka,Mastocarpus ?,Genus,Dean Pentcheff,pentcheff@nhm.org ,Inventory,144163,Mastocarpus,Plantae,Rhodophyta,Florideophyceae,Gigartinales,Phyllophoraceae,Mastocarpus,,,
CAIDBLP-Eureka,Mastocarpus,Genus,Dean Pentcheff,pentcheff@nhm.org ,Inventory,144163,Mastocarpus,Plantae,Rhodophyta,Florideophyceae,Gigartinales,Phyllophoraceae,Mastocarpus,,,
CAIDBLP-Eureka,Pyropia,Genus,Dean Pentcheff,pentcheff@nhm.org ,Inventory,603075,Pyropia,Plantae,Rhodophyta,Bangiophyceae,Bangiales,Bangiaceae,Pyropia,,,
CAIDBLP-Eureka,Endocladia muricata,Species,Dean Pentcheff,pentcheff@nhm.org ,Inventory,372566,Endocladia muricata,Plantae,Rhodophyta,Florideophyceae,Gigartinales,Endocladiaceae,Endocladia,,muricata,
CAIDBLP-Eureka,Thorlaksonius depressus,Species,Dean Pentcheff,pentcheff@nhm.org ,Inventory,549705,Thorlaksonius depressus,Animalia,Arthropoda,Malacostraca,Amphipoda,Pleustidae,Thorlaksonius,,depressus,
CAIDBLP-Eureka,Holopleustes aquipes,Species,Dean Pentcheff,pentcheff@nhm.org ,Inventory,549724,Holopleustes aequipes,Animalia,Arthropoda,Malacostraca,Amphipoda,Pleustidae,Holopleustes,,aequipes,
CAIDBLP-Eureka,Holopleustes aquipes,Species,Dean Pentcheff,pentcheff@nhm.org ,Inventory,549724,Holopleustes aequipes,Animalia,Arthropoda,Malacostraca,Amphipoda,Pleustidae,Holopleustes,,aequipes,
CAIDBLP-Eureka,Exacanthomysis davisi,Species,Dean Pentcheff,pentcheff@nhm.org ,Inventory,226408,Exacanthomysis davisi,Animalia,Arthropoda,Malacostraca,Mysida,Mysidae,Exacanthomysis,,davisi,
CAIDBLP-Eureka,Ischyrocerus sp. 1,Genus,Dean Pentcheff,pentcheff@nhm.org ,Inventory,101569,Ischyrocerus,Animalia,Arthropoda,Malacostraca,Amphipoda,Ischyroceridae,Ischyrocerus,,,
CAIDBLP-Eureka,Ischyrocerus sp. 1,Genus,Dean Pentcheff,pentcheff@nhm.org ,Inventory,101569,Ischyrocerus,Animalia,Arthropoda,Malacostraca,Amphipoda,Ischyroceridae,Ischyrocerus,,,
CAIDBLP-Eureka,Thorlaksonius depressus,Species,Dean Pentcheff,pentcheff@nhm.org ,Inventory,549705,Thorlaksonius depressus,Animalia,Arthropoda,Malacostraca,Amphipoda,Pleustidae,Thorlaksonius,,depressus,
CAIDBLP-Eureka,Peramphithoe mea,Species,Dean Pentcheff,pentcheff@nhm.org ,Inventory,488577,Peramphithoe mea,Animalia,Arthropoda,Malacostraca,Amphipoda,Ampithoidae,Peramphithoe,,mea,
CAIDBLP-Eureka,Ischyrocerus sp. 1,Genus,Dean Pentcheff,pentcheff@nhm.org ,Inventory,101569,Ischyrocerus,Animalia,Arthropoda,Malacostraca,Amphipoda,Ischyroceridae,Ischyrocerus,,,
CAIDBLP-Eureka,Ischyrocerus sp. 1,Genus,Dean Pentcheff,pentcheff@nhm.org ,Inventory,101569,Ischyrocerus,Animalia,Arthropoda,Malacostraca,Amphipoda,Ischyroceridae,Ischyrocerus,,,
CAIDBLP-Eureka,Ruffojassa angularis,Species,Dean Pentcheff,pentcheff@nhm.org ,Inventory,889826,Ruffojassa angularis,Animalia,Arthropoda,Malacostraca,Amphipoda,Ischyroceridae,Ruffojassa,,angularis,
CAIDBLP-Eureka,Paracalliopiella pratti,Species,Dean Pentcheff,pentcheff@nhm.org ,Inventory,430753,Paracalliopiella pratti,Animalia,Arthropoda,Malacostraca,Amphipoda,Calliopiidae,Paracalliopiella,,pratti,
CAIDBLP-Eureka,Paracalliopiella pratti,Species,Dean Pentcheff,pentcheff@nhm.org ,Inventory,430753,Paracalliopiella pratti,Animalia,Arthropoda,Malacostraca,Amphipoda,Calliopiidae,Paracalliopiella,,pratti,
CAIDBLP-Eureka,Thorlaksonius depressus,Species,Dean Pentcheff,pentcheff@nhm.org ,Inventory,549705,Thorlaksonius depressus,Animalia,Arthropoda,Malacostraca,Amphipoda,Pleustidae,Thorlaksonius,,depressus,
CAIDBLP-Eureka,Thorlaksonius depressus,Species,Dean Pentcheff,pentcheff@nhm.org ,Inventory,549705,Thorlaksonius depressus,Animalia,Arthropoda,Malacostraca,Amphipoda,Pleustidae,Thorlaksonius,,depressus,
CAIDBLP-Eureka,parallorchestes leblondei,Species,Dean Pentcheff,pentcheff@nhm.org ,Inventory,395442,Parallorchestes leblondi,Animalia,Arthropoda,Malacostraca,Amphipoda,Hyalidae,Parallorchestes,,leblondi,
CAIDBLP-Eureka,Photis sp. 1,Genus,Dean Pentcheff,pentcheff@nhm.org ,Inventory,101563,Photis,Animalia,Arthropoda,Malacostraca,Amphipoda,Photidae,Photis,,,
CAIDBLP-Eureka,Paracalliopiella pratti,Species,Dean Pentcheff,pentcheff@nhm.org ,Inventory,430753,Paracalliopiella pratti,Animalia,Arthropoda,Malacostraca,Amphipoda,Calliopiidae,Paracalliopiella,,pratti,
CAIDBLP-Eureka,Parallorchestes americana,Species,Dean Pentcheff,pentcheff@nhm.org ,Inventory,1355661,Parallorchestes americana,Animalia,Arthropoda,Malacostraca,Amphipoda,Hyalidae,Parallorchestes,,americana,
CAIDBLP-Eureka,Protohyale frequens,Species,Dean Pentcheff,pentcheff@nhm.org ,Inventory,491479,Protohyale (Protohyale) frequens,Animalia,Arthropoda,Malacostraca,Amphipoda,Hyalidae,Protohyale,Protohyale,frequens,
CAIDBLP-Eureka,Pontogeneia rostrata,Species,Dean Pentcheff,pentcheff@nhm.org ,Inventory,550490,Pontogeneia rostrata,Animalia,Arthropoda,Malacostraca,Amphipoda,Pontogeneiidae,Pontogeneia,,rostrata,
CAIDBLP-Eureka,Pontogeneia rostrata,Species,Dean Pentcheff,pentcheff@nhm.org ,Inventory,550490,Pontogeneia rostrata,Animalia,Arthropoda,Malacostraca,Amphipoda,Pontogeneiidae,Pontogeneia,,rostrata,
CAIDBLP-Eureka,Pontogeneia rostrata,Species,Dean Pentcheff,pentcheff@nhm.org ,Inventory,550490,Pontogeneia rostrata,Animalia,Arthropoda,Malacostraca,Amphipoda,Pontogeneiidae,Pontogeneia,,rostrata,
CAIDBLP-Eureka,Pontogeneia rostrata,Species,Dean Pentcheff,pentcheff@nhm.org ,Inventory,550490,Pontogeneia rostrata,Animalia,Arthropoda,Malacostraca,Amphipoda,Pontogeneiidae,Pontogeneia,,rostrata,
CAIDBLP-Eureka,Pontogeneia rostrata,Species,Dean Pentcheff,pentcheff@nhm.org ,Inventory,550490,Pontogeneia rostrata,Animalia,Arthropoda,Malacostraca,Amphipoda,Pontogeneiidae,Pontogeneia,,rostrata,
CAIDBLP-Eureka,Pontogeneia rostrata,Species,Dean Pentcheff,pentcheff@nhm.org ,Inventory,550490,Pontogeneia rostrata,Animalia,Arthropoda,Malacostraca,Amphipoda,Pontogeneiidae,Pontogeneia,,rostrata,
CAIDBLP-Eureka,Kronborgia sp. 1,Genus,Dean Pentcheff,pentcheff@nhm.org ,Inventory,142279,Kronborgia,Animalia,Platyhelminthes,,Fecampiida,Fecampiidae,Kronborgia,,,
CAIDBLP-Eureka,Platyischnopidae,Family,Dean Pentcheff,pentcheff@nhm.org ,Inventory,236742,Platyischnopidae,Animalia,Arthropoda,Malacostraca,Amphipoda,Platyischnopidae,,,,
CAIDBLP-Eureka,Protohyale frequens,Species,Dean Pentcheff,pentcheff@nhm.org ,Inventory,491479,Protohyale (Protohyale) frequens,Animalia,Arthropoda,Malacostraca,Amphipoda,Hyalidae,Protohyale,Protohyale,frequens,
CAIDBLP-Eureka,Ischyrocerus sp. 1,Genus,Dean Pentcheff,pentcheff@nhm.org ,Inventory,101569,Ischyrocerus,Animalia,Arthropoda,Malacostraca,Amphipoda,Ischyroceridae,Ischyrocerus,,,
CAIDBLP-Eureka,Leukoma staminea,Species,Dean Pentcheff,pentcheff@nhm.org ,Inventory,507737,Leukoma staminea,Animalia,Mollusca,Bivalvia,Venerida,Veneridae,Leukoma,,staminea,
CAIDBLP-Eureka,Leukoma staminea,Species,Dean Pentcheff,pentcheff@nhm.org ,Inventory,507737,Leukoma staminea,Animalia,Mollusca,Bivalvia,Venerida,Veneridae,Leukoma,,staminea,
CAIDBLP-Eureka,Eupentacta,Genus,Dean Pentcheff,pentcheff@nhm.org ,Inventory,528610,Eupentacta,Animalia,Echinodermata,Holothuroidea,Dendrochirotida,Sclerodactylidae,Eupentacta,,,
CAIDBLP-Eureka,Pisaster brevispinus,Species,Dean Pentcheff,pentcheff@nhm.org ,Inventory,240757,Pisaster brevispinus,Animalia,Echinodermata,Asteroidea,Forcipulatida,Asteriidae,Pisaster,,brevispinus,
CAIDBLP-Eureka,Idotea fewkesi?,Species,Dean Pentcheff,pentcheff@nhm.org ,Inventory,257347,Idotea fewkesi,Animalia,Arthropoda,Malacostraca,Isopoda,Idoteidae,Idotea,,fewkesi,
CAIDBLP-Eureka,Idotea fewkesi?,Species,Dean Pentcheff,pentcheff@nhm.org ,Inventory,257347,Idotea fewkesi,Animalia,Arthropoda,Malacostraca,Isopoda,Idoteidae,Idotea,,fewkesi,
CAIDBLP-Eureka,Idotea fewkesi?,Species,Dean Pentcheff,pentcheff@nhm.org ,Inventory,257347,Idotea fewkesi,Animalia,Arthropoda,Malacostraca,Isopoda,Idoteidae,Idotea,,fewkesi,
CAIDBLP-Eureka,Ophiopholis kennerlyi,Species,Dean Pentcheff,pentcheff@nhm.org ,Inventory,243916,Ophiopholis kennerlyi,Animalia,Echinodermata,Ophiuroidea,Amphilepidida,Ophiopholidae,Ophiopholis,,kennerlyi,
CAIDBLP-Eureka,Crangon,Genus,Dean Pentcheff,pentcheff@nhm.org ,Inventory,107007,Crangon,Animalia,Arthropoda,Malacostraca,Decapoda,Crangonidae,Crangon,,,
CAIDBLP-Eureka,Eupentacta,Genus,Dean Pentcheff,pentcheff@nhm.org ,Inventory,528610,Eupentacta,Animalia,Echinodermata,Holothuroidea,Dendrochirotida,Sclerodactylidae,Eupentacta,,,
CAIDBLP-Eureka,Lophopanopeus bellus,Species,Dean Pentcheff,pentcheff@nhm.org ,Inventory,443976,Lophopanopeus bellus,Animalia,Arthropoda,Malacostraca,Decapoda,Panopeidae,Lophopanopeus,,bellus,
CAIDBLP-Eureka,Pagurus granosimanus,Species,Dean Pentcheff,pentcheff@nhm.org ,Inventory,366694,Pagurus granosimanus,Animalia,Arthropoda,Malacostraca,Decapoda,Paguridae,Pagurus,,granosimanus,
CAIDBLP-Eureka,Lophopanopeus bellus,Species,Dean Pentcheff,pentcheff@nhm.org ,Inventory,443976,Lophopanopeus bellus,Animalia,Arthropoda,Malacostraca,Decapoda,Panopeidae,Lophopanopeus,,bellus,
CAIDBLP-Eureka,Pagurus hirsutiusculus,Species,Dean Pentcheff,pentcheff@nhm.org ,Inventory,366699,Pagurus hirsutiusculus,Animalia,Arthropoda,Malacostraca,Decapoda,Paguridae,Pagurus,,hirsutiusculus,
CAIDBLP-Eureka,Evasterias troschelii,Species,Dean Pentcheff,pentcheff@nhm.org ,Inventory,255040,Evasterias troschelii,Animalia,Echinodermata,Asteroidea,Forcipulatida,Asteriidae,Evasterias,,troschelii,
CAIDBLP-Eureka,Cancer jordani,Species,Dean Pentcheff,pentcheff@nhm.org ,Inventory,452249,Cancer jordani,Animalia,Arthropoda,Malacostraca,Decapoda,Cancridae,Cancer,,jordani,
CAIDBLP-Eureka,Emerita analoga,Species,Dean Pentcheff,pentcheff@nhm.org ,Inventory,467695,Emerita analoga,Animalia,Arthropoda,Malacostraca,Decapoda,Hippidae,Emerita,,analoga,
CAIDBLP-Eureka,Emerita analoga,Species,Dean Pentcheff,pentcheff@nhm.org ,Inventory,467695,Emerita analoga,Animalia,Arthropoda,Malacostraca,Decapoda,Hippidae,Emerita,,analoga,
CAIDBLP-Eureka,Emerita analoga,Species,Dean Pentcheff,pentcheff@nhm.org ,Inventory,467695,Emerita analoga,Animalia,Arthropoda,Malacostraca,Decapoda,Hippidae,Emerita,,analoga,
CAIDBLP-Eureka,Emerita analoga,Species,Dean Pentcheff,pentcheff@nhm.org ,Inventory,467695,Emerita analoga,Animalia,Arthropoda,Malacostraca,Decapoda,Hippidae,Emerita,,analoga,
CAIDBLP-Eureka,Phascolosoma agassizii,Species,Dean Pentcheff,pentcheff@nhm.org ,Inventory,266496,Phascolosoma (Phascolosoma) agassizii,Animalia,Annelida,,Sipuncula,Phascolosomatidae,Phascolosoma,Phascolosoma,agassizii,
CAIDBLP-Eureka,Phascolosoma agassizii,Species,Dean Pentcheff,pentcheff@nhm.org ,Inventory,266496,Phascolosoma (Phascolosoma) agassizii,Animalia,Annelida,,Sipuncula,Phascolosomatidae,Phascolosoma,Phascolosoma,agassizii,
CAIDBLP-Eureka,Phascolosoma agassizii,Species,Dean Pentcheff,pentcheff@nhm.org ,Inventory,266496,Phascolosoma (Phascolosoma) agassizii,Animalia,Annelida,,Sipuncula,Phascolosomatidae,Phascolosoma,Phascolosoma,agassizii,
CAIDBLP-Eureka,Henricia aff. pumila,Genus,Dean Pentcheff,pentcheff@nhm.org ,Inventory,123276,Henricia,Animalia,Echinodermata,Asteroidea,Spinulosida,Echinasteridae,Henricia,,,
CAIDBLP-Eureka,Pugettia producta,Species,Dean Pentcheff,pentcheff@nhm.org ,Inventory,240780,Pugettia producta,Animalia,Arthropoda,Malacostraca,Decapoda,Epialtidae,Pugettia,,producta,
CAIDBLP-Eureka,Pugettia producta,Species,Dean Pentcheff,pentcheff@nhm.org ,Inventory,240780,Pugettia producta,Animalia,Arthropoda,Malacostraca,Decapoda,Epialtidae,Pugettia,,producta,
CAIDBLP-Eureka,Cancer productus,Species,Dean Pentcheff,pentcheff@nhm.org ,Inventory,440382,Cancer productus,Animalia,Arthropoda,Malacostraca,Decapoda,Cancridae,Cancer,,productus,
CAIDBLP-Eureka,Glebocarcinus oregonensis,Species,Dean Pentcheff,pentcheff@nhm.org ,Inventory,440384,Glebocarcinus oregonensis,Animalia,Arthropoda,Malacostraca,Decapoda,Cancridae,Glebocarcinus,,oregonensis,
CAIDBLP-Eureka,Lophopanopeus bellus,Species,Dean Pentcheff,pentcheff@nhm.org ,Inventory,443976,Lophopanopeus bellus,Animalia,Arthropoda,Malacostraca,Decapoda,Panopeidae,Lophopanopeus,,bellus,
CAIDBLP-Eureka,Dermasterias imbricata,Species,Dean Pentcheff,pentcheff@nhm.org ,Inventory,240771,Dermasterias imbricata,Animalia,Echinodermata,Asteroidea,Valvatida,Asteropseidae,Dermasterias,,imbricata,
CAIDBLP-Eureka,Epitonium,Genus,Dean Pentcheff,pentcheff@nhm.org ,Inventory,137943,Epitonium,Animalia,Mollusca,Gastropoda,Caenogastropoda incertae sedis,Epitoniidae,Epitonium,,,
CAIDBLP-Eureka,Amphissa,Genus,Dean Pentcheff,pentcheff@nhm.org ,Inventory,137801,Amphissa,Animalia,Mollusca,Gastropoda,Neogastropoda,Columbellidae,Amphissa,,,
CAIDBLP-Eureka,Amphissa,Genus,Dean Pentcheff,pentcheff@nhm.org ,Inventory,137801,Amphissa,Animalia,Mollusca,Gastropoda,Neogastropoda,Columbellidae,Amphissa,,,
CAIDBLP-Eureka,"Margarites ""trochidae""",Genus,Dean Pentcheff,pentcheff@nhm.org ,Inventory,138592,Margarites,Animalia,Mollusca,Gastropoda,Trochida,Margaritesidae,Margarites,,,
CAIDBLP-Eureka,Littorinidae dark,Family,Dean Pentcheff,pentcheff@nhm.org ,Inventory,119,Littorinidae,Animalia,Mollusca,Gastropoda,Littorinimorpha,Littorinidae,,,,
CAIDBLP-Eureka,Littorinidae dark,Family,Dean Pentcheff,pentcheff@nhm.org ,Inventory,119,Littorinidae,Animalia,Mollusca,Gastropoda,Littorinimorpha,Littorinidae,,,,
CAIDBLP-Eureka,Littorinidae dark,Family,Dean Pentcheff,pentcheff@nhm.org ,Inventory,119,Littorinidae,Animalia,Mollusca,Gastropoda,Littorinimorpha,Littorinidae,,,,
CAIDBLP-Eureka,Amphissa,Genus,Dean Pentcheff,pentcheff@nhm.org ,Inventory,137801,Amphissa,Animalia,Mollusca,Gastropoda,Neogastropoda,Columbellidae,Amphissa,,,
CAIDBLP-Eureka,Amphissa,Genus,Dean Pentcheff,pentcheff@nhm.org ,Inventory,137801,Amphissa,Animalia,Mollusca,Gastropoda,Neogastropoda,Columbellidae,Amphissa,,,
CAIDBLP-Eureka,Margarites,Genus,Dean Pentcheff,pentcheff@nhm.org ,Inventory,138592,Margarites,Animalia,Mollusca,Gastropoda,Trochida,Margaritesidae,Margarites,,,
CAIDBLP-Eureka,Margarites,Genus,Dean Pentcheff,pentcheff@nhm.org ,Inventory,138592,Margarites,Animalia,Mollusca,Gastropoda,Trochida,Margaritesidae,Margarites,,,
CAIDBLP-Eureka,Alia,Genus,Dean Pentcheff,pentcheff@nhm.org ,Inventory,512256,Alia,Animalia,Mollusca,Gastropoda,Neogastropoda,Columbellidae,Alia,,,
CAIDBLP-Eureka,Alia,Genus,Dean Pentcheff,pentcheff@nhm.org ,Inventory,512256,Alia,Animalia,Mollusca,Gastropoda,Neogastropoda,Columbellidae,Alia,,,
CAIDBLP-Eureka,Alia,Genus,Dean Pentcheff,pentcheff@nhm.org ,Inventory,512256,Alia,Animalia,Mollusca,Gastropoda,Neogastropoda,Columbellidae,Alia,,,
CAIDBLP-Eureka,Polyplacophora,Higher,Dean Pentcheff,pentcheff@nhm.org ,Inventory,55,Polyplacophora,Animalia,Mollusca,Polyplacophora,,,,,,
CAIDBLP-Eureka,Polyplacophora,Higher,Dean Pentcheff,pentcheff@nhm.org ,Inventory,55,Polyplacophora,Animalia,Mollusca,Polyplacophora,,,,,,
CAIDBLP-Eureka,Katharina,Genus,Dean Pentcheff,pentcheff@nhm.org ,Inventory,385566,Katharina,Animalia,Mollusca,Polyplacophora,Chitonida,Mopaliidae,Katharina,,,
CAIDBLP-Eureka,Calliostoma,Genus,Dean Pentcheff,pentcheff@nhm.org ,Inventory,138584,Calliostoma,Animalia,Mollusca,Gastropoda,Trochida,Calliostomatidae,Calliostoma,,,
CAIDBLP-Eureka,Calliostoma,Genus,Dean Pentcheff,pentcheff@nhm.org ,Inventory,138584,Calliostoma,Animalia,Mollusca,Gastropoda,Trochida,Calliostomatidae,Calliostoma,,,
CAIDBLP-Eureka,Calliostoma blue line,Genus,Dean Pentcheff,pentcheff@nhm.org ,Inventory,138584,Calliostoma,Animalia,Mollusca,Gastropoda,Trochida,Calliostomatidae,Calliostoma,,,
CAIDBLP-Eureka,Tegula brunnea,Species,Dean Pentcheff,pentcheff@nhm.org ,Inventory,534187,Tegula brunnea,Animalia,Mollusca,Gastropoda,Trochida,Tegulidae,Tegula,,brunnea,
CAIDBLP-Eureka,Tegula brunnea,Species,Dean Pentcheff,pentcheff@nhm.org ,Inventory,534187,Tegula brunnea,Animalia,Mollusca,Gastropoda,Trochida,Tegulidae,Tegula,,brunnea,
CAIDBLP-Eureka,Lacuna,Genus,Dean Pentcheff,pentcheff@nhm.org ,Inventory,138099,Lacuna,Animalia,Mollusca,Gastropoda,Littorinimorpha,Littorinidae,Lacuna,,,
CAIDBLP-Eureka,Polyplacophora,Higher,Dean Pentcheff,pentcheff@nhm.org ,Inventory,55,Polyplacophora,Animalia,Mollusca,Polyplacophora,,,,,,
CAIDBLP-Eureka,Polyplacophora,Higher,Dean Pentcheff,pentcheff@nhm.org ,Inventory,55,Polyplacophora,Animalia,Mollusca,Polyplacophora,,,,,,
CAIDBLP-Eureka,Acmaea,Genus,Dean Pentcheff,pentcheff@nhm.org ,Inventory,137616,Acmaea,Animalia,Mollusca,Gastropoda,Nacellida,Acmaeidae,Acmaea,,,
CAIDBLP-Eureka,Polyplacophora,Higher,Dean Pentcheff,pentcheff@nhm.org ,Inventory,55,Polyplacophora,Animalia,Mollusca,Polyplacophora,,,,,,
CAIDBLP-Eureka,Polyplacophora,Higher,Dean Pentcheff,pentcheff@nhm.org ,Inventory,55,Polyplacophora,Animalia,Mollusca,Polyplacophora,,,,,,
CAIDBLP-Eureka,Polyplacophora,Higher,Dean Pentcheff,pentcheff@nhm.org ,Inventory,55,Polyplacophora,Animalia,Mollusca,Polyplacophora,,,,,,
CAIDBLP-Eureka,Polyplacophora,Higher,Dean Pentcheff,pentcheff@nhm.org ,Inventory,55,Polyplacophora,Animalia,Mollusca,Polyplacophora,,,,,,
CAIDBLP-Eureka,Leucosolenia,Genus,Dean Pentcheff,pentcheff@nhm.org ,Inventory,131715,Leucosolenia,Animalia,Porifera,Calcarea,Leucosolenida,Leucosoleniidae,Leucosolenia,,,
CAIDBLP-Eureka,Crangon,Genus,Dean Pentcheff,pentcheff@nhm.org ,Inventory,107007,Crangon,Animalia,Arthropoda,Malacostraca,Decapoda,Crangonidae,Crangon,,,
CAIDBLP-Eureka,Ophiopholis kennerlyi,Species,Dean Pentcheff,pentcheff@nhm.org ,Inventory,243916,Ophiopholis kennerlyi,Animalia,Echinodermata,Ophiuroidea,Amphilepidida,Ophiopholidae,Ophiopholis,,kennerlyi,
CAIDBLP-Eureka,Amphiuridae,Family,Dean Pentcheff,pentcheff@nhm.org ,Inventory,123206,Amphiuridae,Animalia,Echinodermata,Ophiuroidea,Amphilepidida,Amphiuridae,,,,
CAIDBLP-Eureka,Amphiuridae,Family,Dean Pentcheff,pentcheff@nhm.org ,Inventory,123206,Amphiuridae,Animalia,Echinodermata,Ophiuroidea,Amphilepidida,Amphiuridae,,,,
CAIDBLP-Eureka,Frustellidra spinifera,Species,Dean Pentcheff,pentcheff@nhm.org ,Inventory,470659,Flustrellidra spinifera,Animalia,Bryozoa,Gymnolaemata,Ctenostomatida,Flustrellidridae,Flustrellidra,,spinifera,
CAIDBLP-Eureka,Pachycheles rudis,Species,Dean Pentcheff,pentcheff@nhm.org ,Inventory,492861,Pachycheles rudis,Animalia,Arthropoda,Malacostraca,Decapoda,Porcellanidae,Pachycheles,,rudis,
CAIDBLP-Eureka,Pachycheles rudis,Species,Dean Pentcheff,pentcheff@nhm.org ,Inventory,492861,Pachycheles rudis,Animalia,Arthropoda,Malacostraca,Decapoda,Porcellanidae,Pachycheles,,rudis,
CAIDBLP-Eureka,Pachycheles rudis,Species,Dean Pentcheff,pentcheff@nhm.org ,Inventory,492861,Pachycheles rudis,Animalia,Arthropoda,Malacostraca,Decapoda,Porcellanidae,Pachycheles,,rudis,
CAIDBLP-Eureka,Pachycheles rudis,Species,Dean Pentcheff,pentcheff@nhm.org ,Inventory,492861,Pachycheles rudis,Animalia,Arthropoda,Malacostraca,Decapoda,Porcellanidae,Pachycheles,,rudis,
CAIDBLP-Eureka,Pagurus granosimanus,Species,Dean Pentcheff,pentcheff@nhm.org ,Inventory,366694,Pagurus granosimanus,Animalia,Arthropoda,Malacostraca,Decapoda,Paguridae,Pagurus,,granosimanus,
CAIDBLP-Eureka,Pagurus granosimanus,Species,Dean Pentcheff,pentcheff@nhm.org ,Inventory,366694,Pagurus granosimanus,Animalia,Arthropoda,Malacostraca,Decapoda,Paguridae,Pagurus,,granosimanus,
CAIDBLP-Eureka,Heptacarpus? A,Genus,Dean Pentcheff,pentcheff@nhm.org ,Inventory,248339,Heptacarpus,Animalia,Arthropoda,Malacostraca,Decapoda,Thoridae,Heptacarpus,,,
CAIDBLP-Eureka,Heptacarpus? B,Genus,Dean Pentcheff,pentcheff@nhm.org ,Inventory,248339,Heptacarpus,Animalia,Arthropoda,Malacostraca,Decapoda,Thoridae,Heptacarpus,,,
CAIDBLP-Eureka,Petrolisthes manimaculis,Species,Dean Pentcheff,pentcheff@nhm.org ,Inventory,431859,Petrolisthes manimaculis,Animalia,Arthropoda,Malacostraca,Decapoda,Porcellanidae,Petrolisthes,,manimaculis,
CAIDBLP-Eureka,Petrolisthes manimaculis,Species,Dean Pentcheff,pentcheff@nhm.org ,Inventory,431859,Petrolisthes manimaculis,Animalia,Arthropoda,Malacostraca,Decapoda,Porcellanidae,Petrolisthes,,manimaculis,
CAIDBLP-Eureka,Petrolisthes manimaculis,Species,Dean Pentcheff,pentcheff@nhm.org ,Inventory,431859,Petrolisthes manimaculis,Animalia,Arthropoda,Malacostraca,Decapoda,Porcellanidae,Petrolisthes,,manimaculis,
CAIDBLP-Eureka,Halicystus,Genus,Dean Pentcheff,pentcheff@nhm.org ,Inventory,381432,Halicystis,Plantae,Chlorophyta,Ulvophyceae,Bryopsidales,Derbesiaceae,Halicystis,,,
CAIDBLP-Eureka,Heptacarpus? A,Genus,Dean Pentcheff,pentcheff@nhm.org ,Inventory,248339,Heptacarpus,Animalia,Arthropoda,Malacostraca,Decapoda,Thoridae,Heptacarpus,,,
CAIDBLP-Eureka,Aplidium solidum,Species,Dean Pentcheff,pentcheff@nhm.org ,Inventory,215889,Aplidium solidum,Animalia,Chordata,Ascidiacea,Aplousobranchia,Polyclinidae,Aplidium,,solidum,
CAIDBLP-Eureka,Aplidium californicum?,Species,Dean Pentcheff,pentcheff@nhm.org ,Inventory,249827,Aplidium californicum,Animalia,Chordata,Ascidiacea,Aplousobranchia,Polyclinidae,Aplidium,,californicum,
CAIDBLP-Eureka,Amphipholis squamata?,Species,Dean Pentcheff,pentcheff@nhm.org ,Inventory,125064,Amphipholis squamata,Animalia,Echinodermata,Ophiuroidea,Amphilepidida,Amphiuridae,Amphipholis,,squamata,
CAIDBLP-Eureka,Amphiuridae,Family,Dean Pentcheff,pentcheff@nhm.org ,Inventory,123206,Amphiuridae,Animalia,Echinodermata,Ophiuroidea,Amphilepidida,Amphiuridae,,,,
CAIDBLP-Eureka,Penitella penita,Species,Dean Pentcheff,pentcheff@nhm.org ,Inventory,507013,Penitella penita,Animalia,Mollusca,Bivalvia,Myida,Pholadidae,Penitella,,penita,
CAIDBLP-Eureka,,,Dean Pentcheff,pentcheff@nhm.org ,Inventory,,,,,,,,,,,
CAIDBLP-Eureka,Hiatella,Genus,Dean Pentcheff,pentcheff@nhm.org ,Inventory,138068,Hiatella,Animalia,Mollusca,Bivalvia,Adapedonta,Hiatellidae,Hiatella,,,
CAIDBLP-Eureka,Hiatella,Genus,Dean Pentcheff,pentcheff@nhm.org ,Inventory,138068,Hiatella,Animalia,Mollusca,Bivalvia,Adapedonta,Hiatellidae,Hiatella,,,
CAIDBLP-Eureka,Ophiopholis kennerlyi,Species,Dean Pentcheff,pentcheff@nhm.org ,Inventory,243916,Ophiopholis kennerlyi,Animalia,Echinodermata,Ophiuroidea,Amphilepidida,Ophiopholidae,Ophiopholis,,kennerlyi,
CAIDBLP-Eureka,Pugettia producte,Species,Dean Pentcheff,pentcheff@nhm.org ,Inventory,240780,Pugettia producta,Animalia,Arthropoda,Malacostraca,Decapoda,Epialtidae,Pugettia,,producta,
CAIDBLP-Eureka,Eurylepta californica,Species,Dean Pentcheff,pentcheff@nhm.org ,Inventory,483790,Eurylepta californica,Animalia,Platyhelminthes,,Polycladida,Euryleptidae,Eurylepta,,californica,
CAIDBLP-Eureka,Betaeus setosus,Species,Dean Pentcheff,pentcheff@nhm.org ,Inventory,515050,Betaeus setosus,Animalia,Arthropoda,Malacostraca,Decapoda,Alpheidae,Betaeus,,setosus,
CAIDBLP-Eureka,Amphiuridae,Family,Dean Pentcheff,pentcheff@nhm.org ,Inventory,123206,Amphiuridae,Animalia,Echinodermata,Ophiuroidea,Amphilepidida,Amphiuridae,,,,
CAIDBLP-Eureka,Cancer jordani,Species,Dean Pentcheff,pentcheff@nhm.org ,Inventory,452249,Cancer jordani,Animalia,Arthropoda,Malacostraca,Decapoda,Cancridae,Cancer,,jordani,
CAIDBLP-Eureka,Pododesmus macrochisma,Species,Dean Pentcheff,pentcheff@nhm.org ,Inventory,758426,Pododesmus macrochisma,Animalia,Mollusca,Bivalvia,Pectinida,Anomiidae,Pododesmus,,macrochisma,
CAIDBLP-Eureka,Pododesmus macrochisma,Species,Dean Pentcheff,pentcheff@nhm.org ,Inventory,758426,Pododesmus macrochisma,Animalia,Mollusca,Bivalvia,Pectinida,Anomiidae,Pododesmus,,macrochisma,
CAIDBLP-Eureka,Pododesmus macrochisma,Species,Dean Pentcheff,pentcheff@nhm.org ,Inventory,758426,Pododesmus macrochisma,Animalia,Mollusca,Bivalvia,Pectinida,Anomiidae,Pododesmus,,macrochisma,
CAIDBLP-Eureka,Pagurus hirsutiusculus,Species,Dean Pentcheff,pentcheff@nhm.org ,Inventory,366699,Pagurus hirsutiusculus,Animalia,Arthropoda,Malacostraca,Decapoda,Paguridae,Pagurus,,hirsutiusculus,
CAIDBLP-Eureka,Pagurus hirsutiusculus,Species,Dean Pentcheff,pentcheff@nhm.org ,Inventory,366699,Pagurus hirsutiusculus,Animalia,Arthropoda,Malacostraca,Decapoda,Paguridae,Pagurus,,hirsutiusculus,
CAIDBLP-Eureka,Idotea wosnesenskii,Species,Dean Pentcheff,pentcheff@nhm.org ,Inventory,711956,Idotea wosnesenskii,Animalia,Arthropoda,Malacostraca,Isopoda,Idoteidae,Idotea,,wosnesenskii,
CAIDBLP-Eureka,Sycon?,Genus,Dean Pentcheff,pentcheff@nhm.org ,Inventory,131723,Sycon,Animalia,Porifera,Calcarea,Leucosolenida,Syconidae,Sycon,,,
CAIDBLP-Eureka,Cucumaria,Genus,Dean Pentcheff,pentcheff@nhm.org ,Inventory,123479,Cucumaria,Animalia,Echinodermata,Holothuroidea,Dendrochirotida,Cucumariidae,Cucumaria,,,
CAIDBLP-Eureka,Eurylepta aurantiaca,Species,Dean Pentcheff,pentcheff@nhm.org ,Inventory,483788,Eurylepta aurantiaca,Animalia,Platyhelminthes,,Polycladida,Euryleptidae,Eurylepta,,aurantiaca,
CAIDBLP-Eureka,Hiatella,Genus,Dean Pentcheff,pentcheff@nhm.org ,Inventory,138068,Hiatella,Animalia,Mollusca,Bivalvia,Adapedonta,Hiatellidae,Hiatella,,,
CAIDBLP-Eureka,Notoplana?,Genus,Dean Pentcheff,pentcheff@nhm.org ,Inventory,142231,Notoplana,Animalia,Platyhelminthes,,Polycladida,Notoplanidae,Notoplana,,,
CAIDBLP-Eureka,Chlamys,Genus,Dean Pentcheff,pentcheff@nhm.org ,Inventory,138315,Chlamys,Animalia,Mollusca,Bivalvia,Pectinida,Pectinidae,Chlamys,,,
CAIDBLP-Eureka,Pugettia richii?,Species,Dean Pentcheff,pentcheff@nhm.org ,Inventory,441490,Pugettia richii,Animalia,Arthropoda,Malacostraca,Decapoda,Epialtidae,Pugettia,,richii,
CAIDBLP-Eureka,Crassadoma gigantea?,Species,Dean Pentcheff,pentcheff@nhm.org ,Inventory,240774,Crassadoma gigantea,Animalia,Mollusca,Bivalvia,Pectinida,Pectinidae,Crassadoma,,gigantea,
CAIDBLP-Eureka,Hiatella B??,Genus,Dean Pentcheff,pentcheff@nhm.org ,Inventory,138068,Hiatella,Animalia,Mollusca,Bivalvia,Adapedonta,Hiatellidae,Hiatella,,,
CAIDBLP-Eureka,Hiatella B??,Genus,Dean Pentcheff,pentcheff@nhm.org ,Inventory,138068,Hiatella,Animalia,Mollusca,Bivalvia,Adapedonta,Hiatellidae,Hiatella,,,
CAIDBLP-Eureka,Hiatella B??,Genus,Dean Pentcheff,pentcheff@nhm.org ,Inventory,138068,Hiatella,Animalia,Mollusca,Bivalvia,Adapedonta,Hiatellidae,Hiatella,,,
CAIDBLP-Eureka,Polyorchis penicillatus,Species,Dean Pentcheff,pentcheff@nhm.org ,Inventory,290843,Polyorchis penicillatus,Animalia,Cnidaria,Hydrozoa,Anthoathecata,Corynidae,Polyorchis,,penicillatus,
CAIDBLP-Eureka,Polyorchis penicillatus,Species,Dean Pentcheff,pentcheff@nhm.org ,Inventory,290843,Polyorchis penicillatus,Animalia,Cnidaria,Hydrozoa,Anthoathecata,Corynidae,Polyorchis,,penicillatus,
CAIDBLP-Eureka,Polyorchis penicillatus,Species,Dean Pentcheff,pentcheff@nhm.org ,Inventory,290843,Polyorchis penicillatus,Animalia,Cnidaria,Hydrozoa,Anthoathecata,Corynidae,Polyorchis,,penicillatus,
CAIDBLP-Eureka,Polyorchis penicillatus,Species,Dean Pentcheff,pentcheff@nhm.org ,Inventory,290843,Polyorchis penicillatus,Animalia,Cnidaria,Hydrozoa,Anthoathecata,Corynidae,Polyorchis,,penicillatus,
CAIDBLP-Eureka,Pleurobrachia bachei,Species,Dean Pentcheff,pentcheff@nhm.org ,Inventory,265191,Pleurobrachia bachei,Animalia,Ctenophora,Tentaculata,Cydippida,Cydippidae,Pleurobrachia,,bachei,
CAIDBLP-Eureka,Pleurobrachia bachei,Species,Dean Pentcheff,pentcheff@nhm.org ,Inventory,265191,Pleurobrachia bachei,Animalia,Ctenophora,Tentaculata,Cydippida,Cydippidae,Pleurobrachia,,bachei,
CAIDBLP-Eureka,Pleurobrachia bachei,Species,Dean Pentcheff,pentcheff@nhm.org ,Inventory,265191,Pleurobrachia bachei,Animalia,Ctenophora,Tentaculata,Cydippida,Cydippidae,Pleurobrachia,,bachei,
CAIDBLP-Eureka,Pleurobrachia bachei,Species,Dean Pentcheff,pentcheff@nhm.org ,Inventory,265191,Pleurobrachia bachei,Animalia,Ctenophora,Tentaculata,Cydippida,Cydippidae,Pleurobrachia,,bachei,
CAIDBLP-Eureka,Pleurobrachia bachei,Species,Dean Pentcheff,pentcheff@nhm.org ,Inventory,265191,Pleurobrachia bachei,Animalia,Ctenophora,Tentaculata,Cydippida,Cydippidae,Pleurobrachia,,bachei,
CAIDBLP-Eureka,Polyorchis penicillatus,Species,Dean Pentcheff,pentcheff@nhm.org ,Inventory,290843,Polyorchis penicillatus,Animalia,Cnidaria,Hydrozoa,Anthoathecata,Corynidae,Polyorchis,,penicillatus,
CAIDBLP-Eureka,Flatworm sp.,Higher,Dean Pentcheff,pentcheff@nhm.org ,Inventory,793,Platyhelminthes,Animalia,Platyhelminthes,,,,,,,
CAIDBLP-Eureka,Geitodoris heathi,Species,Dean Pentcheff,pentcheff@nhm.org ,Inventory,579047,Geitodoris heathi,Animalia,Mollusca,Gastropoda,Doridida,Discodorididae,Geitodoris,,heathi,
CAIDBLP-Eureka,,,Dean Pentcheff,pentcheff@nhm.org ,Inventory,,,,,,,,,,,
CAIDBLP-Eureka,sponge sp,Higher,Dean Pentcheff,pentcheff@nhm.org ,Inventory,558,Porifera,Animalia,Porifera,,,,,,,
CAIDBLP-Eureka,Bryozoa,Higher,Dean Pentcheff,pentcheff@nhm.org ,Inventory,146142,Bryozoa,Animalia,Bryozoa,,,,,,,
CAIDBLP-Eureka,Dirona picta,Species,Dean Pentcheff,pentcheff@nhm.org ,Inventory,558927,Dirona picta,Animalia,Mollusca,Gastropoda,Nudibranchia,Dironidae,Dirona,,picta,
CAIDBLP-Eureka,Hermaea vancouverensis,Species,Dean Pentcheff,pentcheff@nhm.org ,Inventory,494539,Hermaea vancouverensis,Animalia,Mollusca,Gastropoda,,Hermaeidae,Hermaea,,vancouverensis,
CAIDBLP-Eureka,Hermaea vancouverensis,Species,Dean Pentcheff,pentcheff@nhm.org ,Inventory,494539,Hermaea vancouverensis,Animalia,Mollusca,Gastropoda,,Hermaeidae,Hermaea,,vancouverensis,
CAIDBLP-Eureka,Diaphana californica,Species,Dean Pentcheff,pentcheff@nhm.org ,Inventory,509649,Diaphana californica,Animalia,Mollusca,Gastropoda,Cephalaspidea,Diaphanidae,Diaphana,,californica,
CAIDBLP-Eureka,Triopha maculata,Species,Dean Pentcheff,pentcheff@nhm.org ,Inventory,531262,Triopha maculata,Animalia,Mollusca,Gastropoda,Doridida,Polyceridae,Triopha,,maculata,
CAIDBLP-Eureka,Corambe steinbergae,Species,Dean Pentcheff,pentcheff@nhm.org ,Inventory,535679,Corambe steinbergae,Animalia,Mollusca,Gastropoda,Doridida,Corambidae,Corambe,,steinbergae,
CAIDBLP-Eureka,Coryphella fisheri,Species,Dean Pentcheff,pentcheff@nhm.org ,Inventory,1044782,Coryphella fisheri,Animalia,Mollusca,Gastropoda,Nudibranchia,Flabellinidae,Coryphella,,fisheri,
CAIDBLP-Eureka,Diaphorodoris lirulatocauda,Species,Dean Pentcheff,pentcheff@nhm.org ,Inventory,581691,Diaphorodoris lirulatocauda,Animalia,Mollusca,Gastropoda,Doridida,Calycidorididae,Diaphorodoris,,lirulatocauda,
CAIDBLP-Eureka,Rostanga pulchra,Species,Dean Pentcheff,pentcheff@nhm.org ,Inventory,533391,Rostanga pulchra,Animalia,Mollusca,Gastropoda,Doridida,Discodorididae,Rostanga,,pulchra,
CAIDBLP-Eureka,Tenellia albocrusta,Species,Dean Pentcheff,pentcheff@nhm.org ,Inventory,986813,Tenellia albocrusta,Animalia,Mollusca,Gastropoda,Nudibranchia,Trinchesiidae,Tenellia,,albocrusta,
CAIDBLP-Eureka,Tenellia flavovulta,Species,Dean Pentcheff,pentcheff@nhm.org ,Inventory,890622,Tenellia flavovulta,Animalia,Mollusca,Gastropoda,Nudibranchia,Trinchesiidae,Tenellia,,flavovulta,
CAIDBLP-Eureka,Dirona albolineata,Species,Dean Pentcheff,pentcheff@nhm.org ,Inventory,581837,Dirona albolineata,Animalia,Mollusca,Gastropoda,Nudibranchia,Dironidae,Dirona,,albolineata,
CAIDBLP-Eureka,Ceratodoris rosacea,Species,Dean Pentcheff,pentcheff@nhm.org ,Inventory,1723348,Ceratodoris rosacea,Animalia,Mollusca,Gastropoda,Doridida,Goniodorididae,Ceratodoris,,rosacea,
CAIDBLP-Eureka,Acanthodoris nanaimoensis,Species,Dean Pentcheff,pentcheff@nhm.org ,Inventory,535685,Acanthodoris nanaimoensis,Animalia,Mollusca,Gastropoda,Doridida,Acanthodorididae,Acanthodoris,,nanaimoensis,
CAIDBLP-Eureka,Diaulula sandiegensis,Species,Dean Pentcheff,pentcheff@nhm.org ,Inventory,536817,Diaulula sandiegensis,Animalia,Mollusca,Gastropoda,Doridida,Discodorididae,Diaulula,,sandiegensis,
CAIDBLP-Eureka,Diaulula odonoghuei,Species,Dean Pentcheff,pentcheff@nhm.org ,Inventory,890436,Diaulula odonoghuei,Animalia,Mollusca,Gastropoda,Doridida,Discodorididae,Diaulula,,odonoghuei,
CAIDBLP-Eureka,Acanthodoris nanaimoensis,Species,Dean Pentcheff,pentcheff@nhm.org ,Inventory,535685,Acanthodoris nanaimoensis,Animalia,Mollusca,Gastropoda,Doridida,Acanthodorididae,Acanthodoris,,nanaimoensis,
CAIDBLP-Eureka,Tenellia spadix,Species,Dean Pentcheff,pentcheff@nhm.org ,Inventory,1783851,Tenellia spadix,Animalia,Mollusca,Gastropoda,Nudibranchia,Trinchesiidae,Tenellia,,spadix,
CAIDBLP-Eureka,Hermissenda opalescens,Species,Dean Pentcheff,pentcheff@nhm.org ,Inventory,877759,Hermissenda opalescens,Animalia,Mollusca,Gastropoda,Nudibranchia,Myrrhinidae,Hermissenda,,opalescens,
CAIDBLP-Eureka,Hermissenda crassicornis,Species,Dean Pentcheff,pentcheff@nhm.org ,Inventory,367883,Hermissenda crassicornis,Animalia,Mollusca,Gastropoda,Nudibranchia,Myrrhinidae,Hermissenda,,crassicornis,
CAIDBLP-Eureka,Triopha maculata,Species,Dean Pentcheff,pentcheff@nhm.org ,Inventory,531262,Triopha maculata,Animalia,Mollusca,Gastropoda,Doridida,Polyceridae,Triopha,,maculata,
CAIDBLP-Eureka,Triopha catalinae,Species,Dean Pentcheff,pentcheff@nhm.org ,Inventory,531258,Triopha catalinae,Animalia,Mollusca,Gastropoda,Doridida,Polyceridae,Triopha,,catalinae,
CAIDBLP-Eureka,Coryphella fisheri,Species,Dean Pentcheff,pentcheff@nhm.org ,Inventory,1044782,Coryphella fisheri,Animalia,Mollusca,Gastropoda,Nudibranchia,Flabellinidae,Coryphella,,fisheri,
CAIDBLP-Eureka,Tenellia flavovulta,Species,Dean Pentcheff,pentcheff@nhm.org ,Inventory,890622,Tenellia flavovulta,Animalia,Mollusca,Gastropoda,Nudibranchia,Trinchesiidae,Tenellia,,flavovulta,
CAIDBLP-Eureka,Tenellia lagunae,Species,Dean Pentcheff,pentcheff@nhm.org ,Inventory,890626,Tenellia lagunae,Animalia,Mollusca,Gastropoda,Nudibranchia,Trinchesiidae,Tenellia,,lagunae,
CAIDBLP-Eureka,Tricellaria?,Genus,Dean Pentcheff,pentcheff@nhm.org ,Inventory,110868,Tricellaria,Animalia,Bryozoa,Gymnolaemata,Cheilostomatida,Candidae,Tricellaria,,,
CAIDBLP-Eureka,Tricellaria?,Genus,Dean Pentcheff,pentcheff@nhm.org ,Inventory,110868,Tricellaria,Animalia,Bryozoa,Gymnolaemata,Cheilostomatida,Candidae,Tricellaria,,,
CAIDBLP-Eureka,Cheilostomatida,Higher,Dean Pentcheff,pentcheff@nhm.org ,Inventory,110722,Cheilostomatida,Animalia,Bryozoa,Gymnolaemata,Cheilostomatida,,,,,
CAIDBLP-Eureka,Calcarea,Higher,Dean Pentcheff,pentcheff@nhm.org ,Inventory,559,Calcarea,Animalia,Porifera,Calcarea,,,,,,
CAIDBLP-Eureka,Cheilostomatida,Higher,Dean Pentcheff,pentcheff@nhm.org ,Inventory,110722,Cheilostomatida,Animalia,Bryozoa,Gymnolaemata,Cheilostomatida,,,,,
CAIDBLP-Eureka,Integripelta bilabiata,Species,Dean Pentcheff,pentcheff@nhm.org ,Inventory,466975,Integripelta bilabiata,Animalia,Bryozoa,Gymnolaemata,Cheilostomatida,Eurystomellidae,Integripelta,,bilabiata,
CAIDBLP-Eureka,Cheilostomatida,Higher,Dean Pentcheff,pentcheff@nhm.org ,Inventory,110722,Cheilostomatida,Animalia,Bryozoa,Gymnolaemata,Cheilostomatida,,,,,
CAIDBLP-Eureka,Celleporella hyalina,Species,Dean Pentcheff,pentcheff@nhm.org ,Inventory,111397,Celleporella hyalina,Animalia,Bryozoa,Gymnolaemata,Cheilostomatida,Hippothoidae,Celleporella,,hyalina,
CAIDBLP-Eureka,Cheilostomatida,Higher,Dean Pentcheff,pentcheff@nhm.org ,Inventory,110722,Cheilostomatida,Animalia,Bryozoa,Gymnolaemata,Cheilostomatida,,,,,
CAIDBLP-Eureka,Cheilostomatida,Higher,Dean Pentcheff,pentcheff@nhm.org ,Inventory,110722,Cheilostomatida,Animalia,Bryozoa,Gymnolaemata,Cheilostomatida,,,,,
CAIDBLP-Eureka,Integripelta bilabiata,Species,Dean Pentcheff,pentcheff@nhm.org ,Inventory,466975,Integripelta bilabiata,Animalia,Bryozoa,Gymnolaemata,Cheilostomatida,Eurystomellidae,Integripelta,,bilabiata,
CAIDBLP-Eureka,Cheilostomatida,Higher,Dean Pentcheff,pentcheff@nhm.org ,Inventory,110722,Cheilostomatida,Animalia,Bryozoa,Gymnolaemata,Cheilostomatida,,,,,
CAIDBLP-Eureka,Idotea montereyensis?,Species,Dean Pentcheff,pentcheff@nhm.org ,Inventory,294995,Idotea montereyensis,Animalia,Arthropoda,Malacostraca,Isopoda,Idoteidae,Idotea,,montereyensis,
CAIDBLP-Eureka,Idotea montereyensis?,Species,Dean Pentcheff,pentcheff@nhm.org ,Inventory,294995,Idotea montereyensis,Animalia,Arthropoda,Malacostraca,Isopoda,Idoteidae,Idotea,,montereyensis,
CAIDBLP-Eureka,Idotea sp. A,Genus,Dean Pentcheff,pentcheff@nhm.org ,Inventory,118454,Idotea,Animalia,Arthropoda,Malacostraca,Isopoda,Idoteidae,Idotea,,,
CAIDBLP-Eureka,Idotea sp. A,Genus,Dean Pentcheff,pentcheff@nhm.org ,Inventory,118454,Idotea,Animalia,Arthropoda,Malacostraca,Isopoda,Idoteidae,Idotea,,,
CAIDBLP-Eureka,Idotea sp. A,Genus,Dean Pentcheff,pentcheff@nhm.org ,Inventory,118454,Idotea,Animalia,Arthropoda,Malacostraca,Isopoda,Idoteidae,Idotea,,,
CAIDBLP-Eureka,Idotea fewkesi?,Species,Dean Pentcheff,pentcheff@nhm.org ,Inventory,257347,Idotea fewkesi,Animalia,Arthropoda,Malacostraca,Isopoda,Idoteidae,Idotea,,fewkesi,
CAIDBLP-Eureka,Idotea sp. A,Genus,Dean Pentcheff,pentcheff@nhm.org ,Inventory,118454,Idotea,Animalia,Arthropoda,Malacostraca,Isopoda,Idoteidae,Idotea,,,
CAIDBLP-Eureka,Idotea sp. A,Genus,Dean Pentcheff,pentcheff@nhm.org ,Inventory,118454,Idotea,Animalia,Arthropoda,Malacostraca,Isopoda,Idoteidae,Idotea,,,
CAIDBLP-Eureka,Idotea sp. A,Genus,Dean Pentcheff,pentcheff@nhm.org ,Inventory,118454,Idotea,Animalia,Arthropoda,Malacostraca,Isopoda,Idoteidae,Idotea,,,
CAIDBLP-Eureka,Idotea fewkesi?,Species,Dean Pentcheff,pentcheff@nhm.org ,Inventory,257347,Idotea fewkesi,Animalia,Arthropoda,Malacostraca,Isopoda,Idoteidae,Idotea,,fewkesi,
CAIDBLP-Eureka,Idotea fewkesi?,Species,Dean Pentcheff,pentcheff@nhm.org ,Inventory,257347,Idotea fewkesi,Animalia,Arthropoda,Malacostraca,Isopoda,Idoteidae,Idotea,,fewkesi,
CAIDBLP-Eureka,Idotea fewkesi?,Species,Dean Pentcheff,pentcheff@nhm.org ,Inventory,257347,Idotea fewkesi,Animalia,Arthropoda,Malacostraca,Isopoda,Idoteidae,Idotea,,fewkesi,
CAIDBLP-Eureka,Strongylocentrotus purpuratus,Species,Dean Pentcheff,pentcheff@nhm.org ,Inventory,240747,Strongylocentrotus purpuratus,Animalia,Echinodermata,Echinoidea,Camarodonta,Strongylocentrotidae,Strongylocentrotus,,purpuratus,
CAIDBLP-Eureka,Strongylocentrotus purpuratus,Species,Dean Pentcheff,pentcheff@nhm.org ,Inventory,240747,Strongylocentrotus purpuratus,Animalia,Echinodermata,Echinoidea,Camarodonta,Strongylocentrotidae,Strongylocentrotus,,purpuratus,
CAIDBLP-Eureka,Integripelta bilabiata,Species,Dean Pentcheff,pentcheff@nhm.org ,Inventory,466975,Integripelta bilabiata,Animalia,Bryozoa,Gymnolaemata,Cheilostomatida,Eurystomellidae,Integripelta,,bilabiata,
CAIDBLP-Eureka,Integripelta bilabiata,Species,Dean Pentcheff,pentcheff@nhm.org ,Inventory,466975,Integripelta bilabiata,Animalia,Bryozoa,Gymnolaemata,Cheilostomatida,Eurystomellidae,Integripelta,,bilabiata,
CAIDBLP-Eureka,Membranipora membranacea,Species,Dean Pentcheff,pentcheff@nhm.org ,Inventory,111411,Membranipora membranacea,Animalia,Bryozoa,Gymnolaemata,Cheilostomatida,Membraniporidae,Membranipora,,membranacea,
CAIDBLP-Eureka,Crisia?,Genus,Dean Pentcheff,pentcheff@nhm.org ,Inventory,111032,Crisia,Animalia,Bryozoa,Stenolaemata,Cyclostomatida,Crisiidae,Crisia,,,
CAIDBLP-Eureka,Analipus japonicus,Species,Dean Pentcheff,pentcheff@nhm.org ,Inventory,371891,Analipus japonicus,Chromista,Ochrophyta,Phaeophyceae,Ralfsiales,Ralfsiaceae,Analipus,,japonicus,
CAIDBLP-Eureka,Mastocarpus,Genus,Dean Pentcheff,pentcheff@nhm.org ,Inventory,144163,Mastocarpus,Plantae,Rhodophyta,Florideophyceae,Gigartinales,Phyllophoraceae,Mastocarpus,,,
CAIDBLP-Eureka,Mastocarpus,Genus,Dean Pentcheff,pentcheff@nhm.org ,Inventory,144163,Mastocarpus,Plantae,Rhodophyta,Florideophyceae,Gigartinales,Phyllophoraceae,Mastocarpus,,,
CAIDBLP-Eureka,Pyropia,Genus,Dean Pentcheff,pentcheff@nhm.org ,Inventory,603075,Pyropia,Plantae,Rhodophyta,Bangiophyceae,Bangiales,Bangiaceae,Pyropia,,,
CAIDBLP-Eureka,Pyropia,Genus,Dean Pentcheff,pentcheff@nhm.org ,Inventory,603075,Pyropia,Plantae,Rhodophyta,Bangiophyceae,Bangiales,Bangiaceae,Pyropia,,,
CAIDBLP-Eureka,Corallina,Genus,Dean Pentcheff,pentcheff@nhm.org ,Inventory,144007,Corallina,Plantae,Rhodophyta,Florideophyceae,Corallinales,Corallinaceae,Corallina,,,
CAIDBLP-Eureka,Osmundea spectabilis,Species,Dean Pentcheff,pentcheff@nhm.org ,Inventory,372624,Osmundea spectabilis,Plantae,Rhodophyta,Florideophyceae,Ceramiales,Rhodomelaceae,Osmundea,,spectabilis,
CAIDBLP-Eureka,Heterojanczewskia gardneri,Species,Dean Pentcheff,pentcheff@nhm.org ,Inventory,372837,Laurencia gardneri,Plantae,Rhodophyta,Florideophyceae,Ceramiales,Rhodomelaceae,Laurencia,,gardneri,
CAIDBLP-Eureka,Alaria marginata,Species,Dean Pentcheff,pentcheff@nhm.org ,Inventory,371791,Alaria marginata,Chromista,Ochrophyta,Phaeophyceae,Laminariales,Alariaceae,Alaria,,marginata,
CAIDBLP-Eureka,Nereocystis luetkeana,Species,Dean Pentcheff,pentcheff@nhm.org ,Inventory,240752,Nereocystis luetkeana,Chromista,Ochrophyta,Phaeophyceae,Laminariales,Laminariaceae,Nereocystis,,luetkeana,
CAIDBLP-Eureka,Laminaria sinclairii,Species,Dean Pentcheff,pentcheff@nhm.org ,Inventory,372507,Laminaria sinclairii,Chromista,Ochrophyta,Phaeophyceae,Laminariales,Laminariaceae,Laminaria,,sinclairii,
CAIDBLP-Eureka,Egregia menziesii,Species,Dean Pentcheff,pentcheff@nhm.org ,Inventory,372502,Egregia menziesii,Chromista,Ochrophyta,Phaeophyceae,Laminariales,Lessoniaceae,Egregia,,menziesii,
CAIDBLP-Eureka,Fucus distichus,Species,Dean Pentcheff,pentcheff@nhm.org ,Inventory,145544,Fucus distichus,Chromista,Ochrophyta,Phaeophyceae,Fucales,Fucaceae,Fucus,,distichus,
CAIDBLP-Eureka,Colpomenia peregrina,Species,Dean Pentcheff,pentcheff@nhm.org ,Inventory,145856,Colpomenia peregrina,Chromista,Ochrophyta,Phaeophyceae,Ectocarpales,Scytosiphonaceae,Colpomenia,,peregrina,
CAIDBLP-Eureka,Pterygophora californica,Species,Dean Pentcheff,pentcheff@nhm.org ,Inventory,240750,Pterygophora californica,Chromista,Ochrophyta,Phaeophyceae,Laminariales,Alariaceae,Pterygophora,,californica,
CAIDBLP-Eureka,Cryptopleura lobulifera,Species,Dean Pentcheff,pentcheff@nhm.org ,Inventory,372560,Cryptopleura lobulifera,Plantae,Rhodophyta,Florideophyceae,Ceramiales,Delesseriaceae,Cryptopleura,,lobulifera,
CAIDBLP-Eureka,Neogastroclonium subarticulatum,Species,Dean Pentcheff,pentcheff@nhm.org ,Inventory,503971,Neogastroclonium subarticulatum,Plantae,Rhodophyta,Florideophyceae,Rhodymeniales,Champiaceae,Neogastroclonium,,subarticulatum,
CAIDBLP-Eureka,Gelidium coulteri,Species,Dean Pentcheff,pentcheff@nhm.org ,Inventory,372573,Gelidium coulteri,Plantae,Rhodophyta,Florideophyceae,Gelidiales,Gelidiaceae,Gelidium,,coulteri,
CAIDBLP-Eureka,Petalonia fascia,Species,Dean Pentcheff,pentcheff@nhm.org ,Inventory,145863,Petalonia fascia,Chromista,Ochrophyta,Phaeophyceae,Ectocarpales,Scytosiphonaceae,Petalonia,,fascia,
CAIDBLP-Eureka,Acrosiphonia coalita,Species,Dean Pentcheff,pentcheff@nhm.org ,Inventory,366445,Acrosiphonia coalita,Plantae,Chlorophyta,Chlorophyceae,Acrosiphoniales,Acrosiphoniaceae,Acrosiphonia,,coalita,
CAIDBLP-Eureka,Analipus japonicus,Species,Dean Pentcheff,pentcheff@nhm.org ,Inventory,371891,Analipus japonicus,Chromista,Ochrophyta,Phaeophyceae,Ralfsiales,Ralfsiaceae,Analipus,,japonicus,
CAIDBLP-Eureka,Mastocarpus,Genus,Dean Pentcheff,pentcheff@nhm.org ,Inventory,144163,Mastocarpus,Plantae,Rhodophyta,Florideophyceae,Gigartinales,Phyllophoraceae,Mastocarpus,,,
CAIDBLP-Eureka,Cryptosiphonia woodii,Species,Dean Pentcheff,pentcheff@nhm.org ,Inventory,372563,Cryptosiphonia woodii,Plantae,Rhodophyta,Florideophyceae,Gigartinales,Dumontiaceae,Cryptosiphonia,,woodii,
CAIDBLP-Eureka,Odonthalia floccosa,Species,Dean Pentcheff,pentcheff@nhm.org ,Inventory,372621,Odonthalia floccosa,Plantae,Rhodophyta,Florideophyceae,Ceramiales,Rhodomelaceae,Odonthalia,,floccosa,
CAIDBLP-Eureka,Symphyocladia dendroidea,Species,Dean Pentcheff,pentcheff@nhm.org ,Inventory,1313050,Symphyocladia dendroidea,Plantae,Rhodophyta,Florideophyceae,Ceramiales,Rhodomelaceae,Symphyocladia,,dendroidea,
CAIDBLP-Eureka,Polysiphonia,Genus,Dean Pentcheff,pentcheff@nhm.org ,Inventory,143853,Polysiphonia,Plantae,Rhodophyta,Florideophyceae,Ceramiales,Rhodomelaceae,Polysiphonia,,,
CAIDBLP-Eureka,Pyropia lanceolata?,Species,Dean Pentcheff,pentcheff@nhm.org ,Inventory,626058,Pyropia lanceolata,Plantae,Rhodophyta,Bangiophyceae,Bangiales,Bangiaceae,Pyropia,,lanceolata,
CAIDBLP-Eureka,Ulva stenophylla,Species,Dean Pentcheff,pentcheff@nhm.org ,Inventory,371789,Ulva stenophylla,Plantae,Chlorophyta,Ulvophyceae,Ulvales,Ulvaceae,Ulva,,stenophylla,
CAIDBLP-Eureka,Ulva intestinalis,Species,Dean Pentcheff,pentcheff@nhm.org ,Inventory,234471,Ulva intestinalis,Plantae,Chlorophyta,Ulvophyceae,Ulvales,Ulvaceae,Ulva,,intestinalis,
CAIDBLP-Eureka,Kornmannia,Genus,Dean Pentcheff,pentcheff@nhm.org ,Inventory,144289,Kornmannia,Plantae,Chlorophyta,Ulvophyceae,Ulvales,Kornmanniaceae,Kornmannia,,,
CAIDBLP-Eureka,Vejdovskya? sp. 2,Genus,Dean Pentcheff,pentcheff@nhm.org ,Inventory,142296,Vejdovskya,Animalia,Platyhelminthes,,Rhabdocoela,Provorticidae,Vejdovskya,,,
CAIDBLP-Eureka,Schizorhynchia sp. 1,Higher,Dean Pentcheff,pentcheff@nhm.org ,Inventory,155663,Schizorhynchia,Animalia,Platyhelminthes,,Rhabdocoela,,,,,
CAIDBLP-Eureka,Gnathorhynchidae sp. 1,Family,Dean Pentcheff,pentcheff@nhm.org ,Inventory,142094,Gnathorhynchidae,Animalia,Platyhelminthes,,Rhabdocoela,Gnathorhynchidae,,,,
CAIDBLP-Eureka,Schizorhynchia sp. 1,Higher,Dean Pentcheff,pentcheff@nhm.org ,Inventory,155663,Schizorhynchia,Animalia,Platyhelminthes,,Rhabdocoela,,,,,
CAIDBLP-Eureka,Pseudoinvenusta paranida,Species,Dean Pentcheff,pentcheff@nhm.org ,Inventory,1823419,Pseudoinvenusta paracnida,Animalia,Platyhelminthes,,Proseriata,Coelogynoporidae,Pseudoinvenusta,,paracnida,
CAIDBLP-Eureka,Annelida sp. 1,Higher,Dean Pentcheff,pentcheff@nhm.org ,Inventory,882,Annelida,Animalia,Annelida,,,,,,,
CAIDBLP-Eureka,Gnathorhynchidae sp. 1,Family,Dean Pentcheff,pentcheff@nhm.org ,Inventory,142094,Gnathorhynchidae,Animalia,Platyhelminthes,,Rhabdocoela,Gnathorhynchidae,,,,
CAIDBLP-Eureka,Cicerina sp. 1,Genus,Dean Pentcheff,pentcheff@nhm.org ,Inventory,142311,Cicerina,Animalia,Platyhelminthes,,Rhabdocoela,Cicerinidae,Cicerina,,,
CAIDBLP-Eureka,Proseriata sp. 1,Higher,Dean Pentcheff,pentcheff@nhm.org ,Inventory,142027,Proseriata,Animalia,Platyhelminthes,,Proseriata,,,,,
CAIDBLP-Eureka,Schizorhynchia sp. 1,Higher,Dean Pentcheff,pentcheff@nhm.org ,Inventory,155663,Schizorhynchia,Animalia,Platyhelminthes,,Rhabdocoela,,,,,
CAIDBLP-Eureka,Plagiostomum sp. 4,Genus,Dean Pentcheff,pentcheff@nhm.org ,Inventory,142260,Plagiostomum,Animalia,Platyhelminthes,,Prolecithophora,Plagiostomidae,Plagiostomum,,,
CAIDBLP-Eureka,Vejdovskya sp. 2,Genus,Dean Pentcheff,pentcheff@nhm.org ,Inventory,142296,Vejdovskya,Animalia,Platyhelminthes,,Rhabdocoela,Provorticidae,Vejdovskya,,,
CAIDBLP-Eureka,Cicerina sp. 2,Genus,Dean Pentcheff,pentcheff@nhm.org ,Inventory,142311,Cicerina,Animalia,Platyhelminthes,,Rhabdocoela,Cicerinidae,Cicerina,,,
CAIDBLP-Eureka,Cicerina sp. 1,Genus,Dean Pentcheff,pentcheff@nhm.org ,Inventory,142311,Cicerina,Animalia,Platyhelminthes,,Rhabdocoela,Cicerinidae,Cicerina,,,
CAIDBLP-Eureka,Plagiostomum sp. 1,Genus,Dean Pentcheff,pentcheff@nhm.org ,Inventory,142260,Plagiostomum,Animalia,Platyhelminthes,,Prolecithophora,Plagiostomidae,Plagiostomum,,,
CAIDBLP-Eureka,Plagiostomum sp. 1,Genus,Dean Pentcheff,pentcheff@nhm.org ,Inventory,142260,Plagiostomum,Animalia,Platyhelminthes,,Prolecithophora,Plagiostomidae,Plagiostomum,,,
CAIDBLP-Eureka,Plagiostomum sp. 4,Genus,Dean Pentcheff,pentcheff@nhm.org ,Inventory,142260,Plagiostomum,Animalia,Platyhelminthes,,Prolecithophora,Plagiostomidae,Plagiostomum,,,
CAIDBLP-Eureka,Ceratopera pacifica,Species,Dean Pentcheff,pentcheff@nhm.org ,Inventory,1067026,Ceratopera pacifica,Animalia,Platyhelminthes,,Rhabdocoela,Trigonostomidae,Ceratopera,,pacifica,
CAIDBLP-Eureka,Ceratopera pacifica,Species,Dean Pentcheff,pentcheff@nhm.org ,Inventory,1067026,Ceratopera pacifica,Animalia,Platyhelminthes,,Rhabdocoela,Trigonostomidae,Ceratopera,,pacifica,
CAIDBLP-Eureka,Polycystis sp. 1,Genus,Dean Pentcheff,pentcheff@nhm.org ,Inventory,142379,Polycystis,Animalia,Platyhelminthes,,Rhabdocoela,Polycystididae,Polycystis,,,
CAIDBLP-Eureka,Polycystis sp. 1,Genus,Dean Pentcheff,pentcheff@nhm.org ,Inventory,142379,Polycystis,Animalia,Platyhelminthes,,Rhabdocoela,Polycystididae,Polycystis,,,
CAIDBLP-Eureka,Solenopharyngidae sp. 2,Family,Dean Pentcheff,pentcheff@nhm.org ,Inventory,142105,Solenopharyngidae,Animalia,Platyhelminthes,,Rhabdocoela,Solenopharyngidae,,,,
CAIDBLP-Eureka,Solenopharyngidae sp. 2,Family,Dean Pentcheff,pentcheff@nhm.org ,Inventory,142105,Solenopharyngidae,Animalia,Platyhelminthes,,Rhabdocoela,Solenopharyngidae,,,,
CAIDBLP-Eureka,Solenopharyngidae sp. 2,Family,Dean Pentcheff,pentcheff@nhm.org ,Inventory,142105,Solenopharyngidae,Animalia,Platyhelminthes,,Rhabdocoela,Solenopharyngidae,,,,
CAIDBLP-Eureka,Plagiostomum sp. 3,Genus,Dean Pentcheff,pentcheff@nhm.org ,Inventory,142260,Plagiostomum,Animalia,Platyhelminthes,,Prolecithophora,Plagiostomidae,Plagiostomum,,,
CAIDBLP-Eureka,Plagiostomum sp. 1,Genus,Dean Pentcheff,pentcheff@nhm.org ,Inventory,142260,Plagiostomum,Animalia,Platyhelminthes,,Prolecithophora,Plagiostomidae,Plagiostomum,,,
CAIDBLP-Eureka,Solenopharyngidae sp. 2,Family,Dean Pentcheff,pentcheff@nhm.org ,Inventory,142105,Solenopharyngidae,Animalia,Platyhelminthes,,Rhabdocoela,Solenopharyngidae,,,,
CAIDBLP-Eureka,Prolecithophora sp. 2,Higher,Dean Pentcheff,pentcheff@nhm.org ,Inventory,2854,Prolecithophora,Animalia,Platyhelminthes,,Prolecithophora,,,,,
CAIDBLP-Eureka,Prolecithophora sp. 3,Higher,Dean Pentcheff,pentcheff@nhm.org ,Inventory,2854,Prolecithophora,Animalia,Platyhelminthes,,Prolecithophora,,,,,
CAIDBLP-Eureka,Prolecithophora sp. 3,Higher,Dean Pentcheff,pentcheff@nhm.org ,Inventory,2854,Prolecithophora,Animalia,Platyhelminthes,,Prolecithophora,,,,,
CAIDBLP-Eureka,Pectinidae,Family,Dean Pentcheff,pentcheff@nhm.org ,Inventory,213,Pectinidae,Animalia,Mollusca,Bivalvia,Pectinida,Pectinidae,,,,
CAIDBLP-Eureka,Amphissa,Genus,Dean Pentcheff,pentcheff@nhm.org ,Inventory,137801,Amphissa,Animalia,Mollusca,Gastropoda,Neogastropoda,Columbellidae,Amphissa,,,
CAIDBLP-Eureka,Lottia,Genus,Dean Pentcheff,pentcheff@nhm.org ,Inventory,160336,Lottia,Animalia,Mollusca,Gastropoda,Nacellida,Lottiidae,Lottia,,,
CAIDBLP-Eureka,Polyplacophora,Higher,Dean Pentcheff,pentcheff@nhm.org ,Inventory,55,Polyplacophora,Animalia,Mollusca,Polyplacophora,,,,,,
CAIDBLP-Eureka,Polyplacophora,Higher,Dean Pentcheff,pentcheff@nhm.org ,Inventory,55,Polyplacophora,Animalia,Mollusca,Polyplacophora,,,,,,
CAIDBLP-Eureka,Lottia,Genus,Dean Pentcheff,pentcheff@nhm.org ,Inventory,160336,Lottia,Animalia,Mollusca,Gastropoda,Nacellida,Lottiidae,Lottia,,,
CAIDBLP-Eureka,Lottia,Genus,Dean Pentcheff,pentcheff@nhm.org ,Inventory,160336,Lottia,Animalia,Mollusca,Gastropoda,Nacellida,Lottiidae,Lottia,,,
CAIDBLP-Eureka,Neritoidea,Higher,Dean Pentcheff,pentcheff@nhm.org ,Inventory,196314,Neritoidea,Animalia,Mollusca,Gastropoda,Cycloneritida,,,,,
CAIDBLP-Eureka,Barleeia,Genus,Dean Pentcheff,pentcheff@nhm.org ,Inventory,137690,Barleeia,Animalia,Mollusca,Gastropoda,Littorinimorpha,Barleeiidae,Barleeia,,,
CAIDBLP-Eureka,Barleeia,Genus,Dean Pentcheff,pentcheff@nhm.org ,Inventory,137690,Barleeia,Animalia,Mollusca,Gastropoda,Littorinimorpha,Barleeiidae,Barleeia,,,
CAIDBLP-Eureka,Polyplacophora,Higher,Dean Pentcheff,pentcheff@nhm.org ,Inventory,55,Polyplacophora,Animalia,Mollusca,Polyplacophora,,,,,,
CAIDBLP-Eureka,Lacuna,Genus,Dean Pentcheff,pentcheff@nhm.org ,Inventory,138099,Lacuna,Animalia,Mollusca,Gastropoda,Littorinimorpha,Littorinidae,Lacuna,,,
CAIDBLP-Eureka,Lacuna,Genus,Dean Pentcheff,pentcheff@nhm.org ,Inventory,138099,Lacuna,Animalia,Mollusca,Gastropoda,Littorinimorpha,Littorinidae,Lacuna,,,
CAIDBLP-Eureka,Lacuna,Genus,Dean Pentcheff,pentcheff@nhm.org ,Inventory,138099,Lacuna,Animalia,Mollusca,Gastropoda,Littorinimorpha,Littorinidae,Lacuna,,,
CAIDBLP-Eureka,Lottia,Genus,Dean Pentcheff,pentcheff@nhm.org ,Inventory,160336,Lottia,Animalia,Mollusca,Gastropoda,Nacellida,Lottiidae,Lottia,,,
CAIDBLP-Eureka,Polyplacophora,Higher,Dean Pentcheff,pentcheff@nhm.org ,Inventory,55,Polyplacophora,Animalia,Mollusca,Polyplacophora,,,,,,
CAIDBLP-Eureka,Polyplacophora,Higher,Dean Pentcheff,pentcheff@nhm.org ,Inventory,55,Polyplacophora,Animalia,Mollusca,Polyplacophora,,,,,,
CAIDBLP-Eureka,Megalorchestia californica,Species,Dean Pentcheff,pentcheff@nhm.org ,Inventory,556789,Megalorchestia californiana,Animalia,Arthropoda,Malacostraca,Amphipoda,Talitridae,Megalorchestia,,californiana,
CAIDBLP-Eureka,Nucella ostrina,Species,Dean Pentcheff,pentcheff@nhm.org ,Inventory,404225,Nucella ostrina,Animalia,Mollusca,Gastropoda,Neogastropoda,Muricidae,Nucella,,ostrina,
CAIDBLP-Eureka,Nucella ostrina,Species,Dean Pentcheff,pentcheff@nhm.org ,Inventory,404225,Nucella ostrina,Animalia,Mollusca,Gastropoda,Neogastropoda,Muricidae,Nucella,,ostrina,
CAIDBLP-Eureka,Nucella ostrina,Species,Dean Pentcheff,pentcheff@nhm.org ,Inventory,404225,Nucella ostrina,Animalia,Mollusca,Gastropoda,Neogastropoda,Muricidae,Nucella,,ostrina,
CAIDBLP-Eureka,Ceratostoma foliatum,Species,Dean Pentcheff,pentcheff@nhm.org ,Inventory,240767,Ceratostoma foliatum,Animalia,Mollusca,Gastropoda,Neogastropoda,Muricidae,Ceratostoma,,foliatum,
CAIDBLP-Eureka,Ceratostoma foliatum,Species,Dean Pentcheff,pentcheff@nhm.org ,Inventory,240767,Ceratostoma foliatum,Animalia,Mollusca,Gastropoda,Neogastropoda,Muricidae,Ceratostoma,,foliatum,
CAIDBLP-Eureka,Ceratostoma foliatum,Species,Dean Pentcheff,pentcheff@nhm.org ,Inventory,240767,Ceratostoma foliatum,Animalia,Mollusca,Gastropoda,Neogastropoda,Muricidae,Ceratostoma,,foliatum,
CAIDBLP-Eureka,Acmaea mitra,Species,Dean Pentcheff,pentcheff@nhm.org ,Inventory,456582,Acmaea mitra,Animalia,Mollusca,Gastropoda,Nacellida,Acmaeidae,Acmaea,,mitra,
CAIDBLP-Eureka,Acmaea mitra,Species,Dean Pentcheff,pentcheff@nhm.org ,Inventory,456582,Acmaea mitra,Animalia,Mollusca,Gastropoda,Nacellida,Acmaeidae,Acmaea,,mitra,
CAIDBLP-Eureka,Tonicella lokii,Species,Dean Pentcheff,pentcheff@nhm.org ,Inventory,386442,Tonicella lokii,Animalia,Mollusca,Polyplacophora,Chitonida,Tonicellidae,Tonicella,,lokii,
CAIDBLP-Eureka,Tonicella lokii,Species,Dean Pentcheff,pentcheff@nhm.org ,Inventory,386442,Tonicella lokii,Animalia,Mollusca,Polyplacophora,Chitonida,Tonicellidae,Tonicella,,lokii,
CAIDBLP-Eureka,Tonicella lineata,Species,Dean Pentcheff,pentcheff@nhm.org ,Inventory,386441,Tonicella lineata,Animalia,Mollusca,Polyplacophora,Chitonida,Tonicellidae,Tonicella,,lineata,
CAIDBLP-Eureka,Tonicella lineata,Species,Dean Pentcheff,pentcheff@nhm.org ,Inventory,386441,Tonicella lineata,Animalia,Mollusca,Polyplacophora,Chitonida,Tonicellidae,Tonicella,,lineata,
CAIDBLP-Eureka,caprellidae,Family,Dean Pentcheff,pentcheff@nhm.org ,Inventory,101361,Caprellidae,Animalia,Arthropoda,Malacostraca,Amphipoda,Caprellidae,,,,
CAIDBLP-Eureka,Synamphithoe lindbergi,Species,Dean Pentcheff,pentcheff@nhm.org ,Inventory,1007417,Sunamphitoe lindbergi,Animalia,Arthropoda,Malacostraca,Amphipoda,Ampithoidae,Sunamphitoe,,lindbergi,
CAIDBLP-Eureka,Podocerus cristatus,Species,Dean Pentcheff,pentcheff@nhm.org ,Inventory,103053,Podocerus cristatus,Animalia,Arthropoda,Malacostraca,Amphipoda,Podoceridae,Podocerus,,cristatus,
CAIDBLP-Eureka,Podocerus cristatus,Species,Dean Pentcheff,pentcheff@nhm.org ,Inventory,103053,Podocerus cristatus,Animalia,Arthropoda,Malacostraca,Amphipoda,Podoceridae,Podocerus,,cristatus,
CAIDBLP-Eureka,Podocerus cristatus,Species,Dean Pentcheff,pentcheff@nhm.org ,Inventory,103053,Podocerus cristatus,Animalia,Arthropoda,Malacostraca,Amphipoda,Podoceridae,Podocerus,,cristatus,
CAIDBLP-Eureka,Podocerus cristatus,Species,Dean Pentcheff,pentcheff@nhm.org ,Inventory,103053,Podocerus cristatus,Animalia,Arthropoda,Malacostraca,Amphipoda,Podoceridae,Podocerus,,cristatus,
CAIDBLP-Eureka,Podocerus cristatus,Species,Dean Pentcheff,pentcheff@nhm.org ,Inventory,103053,Podocerus cristatus,Animalia,Arthropoda,Malacostraca,Amphipoda,Podoceridae,Podocerus,,cristatus,
CAIDBLP-Eureka,Thorlaksonius platypus,Species,Dean Pentcheff,pentcheff@nhm.org ,Inventory,549709,Thorlaksonius platypus,Animalia,Arthropoda,Malacostraca,Amphipoda,Pleustidae,Thorlaksonius,,platypus,
CAIDBLP-Eureka,Caprellidae sp. 1,Family,Dean Pentcheff,pentcheff@nhm.org ,Inventory,101361,Caprellidae,Animalia,Arthropoda,Malacostraca,Amphipoda,Caprellidae,,,,
CAIDBLP-Eureka,Caprellidae sp. 2,Family,Dean Pentcheff,pentcheff@nhm.org ,Inventory,101361,Caprellidae,Animalia,Arthropoda,Malacostraca,Amphipoda,Caprellidae,,,,
CAIDBLP-Eureka,Photis sp. 2,Genus,Dean Pentcheff,pentcheff@nhm.org ,Inventory,101563,Photis,Animalia,Arthropoda,Malacostraca,Amphipoda,Photidae,Photis,,,
CAIDBLP-Eureka,Accedomoera vagor,Species,Dean Pentcheff,pentcheff@nhm.org ,Inventory,550289,Accedomoera vagor,Animalia,Arthropoda,Malacostraca,Amphipoda,Pontogeneiidae,Accedomoera,,vagor,
CAIDBLP-Eureka,Accedomoera vagor,Species,Dean Pentcheff,pentcheff@nhm.org ,Inventory,550289,Accedomoera vagor,Animalia,Arthropoda,Malacostraca,Amphipoda,Pontogeneiidae,Accedomoera,,vagor,
CAIDBLP-Eureka,Accedomoera vagor,Species,Dean Pentcheff,pentcheff@nhm.org ,Inventory,550289,Accedomoera vagor,Animalia,Arthropoda,Malacostraca,Amphipoda,Pontogeneiidae,Accedomoera,,vagor,
CAIDBLP-Eureka,Accedomoera vagor,Species,Dean Pentcheff,pentcheff@nhm.org ,Inventory,550289,Accedomoera vagor,Animalia,Arthropoda,Malacostraca,Amphipoda,Pontogeneiidae,Accedomoera,,vagor,
CAIDBLP-Eureka,Accedomoera vagor,Species,Dean Pentcheff,pentcheff@nhm.org ,Inventory,550289,Accedomoera vagor,Animalia,Arthropoda,Malacostraca,Amphipoda,Pontogeneiidae,Accedomoera,,vagor,
CAIDBLP-Eureka,Paracalliopiella pratti,Species,Dean Pentcheff,pentcheff@nhm.org ,Inventory,430753,Paracalliopiella pratti,Animalia,Arthropoda,Malacostraca,Amphipoda,Calliopiidae,Paracalliopiella,,pratti,
CAIDBLP-Eureka,Apolochus barnardi,Species,Dean Pentcheff,pentcheff@nhm.org ,Inventory,488405,Apolochus barnardi,Animalia,Arthropoda,Malacostraca,Amphipoda,Amphilochidae,Apolochus,,barnardi,
CAIDBLP-Eureka,Apolochus barnardi,Species,Dean Pentcheff,pentcheff@nhm.org ,Inventory,488405,Apolochus barnardi,Animalia,Arthropoda,Malacostraca,Amphipoda,Amphilochidae,Apolochus,,barnardi,
CAIDBLP-Eureka,Apolochus barnardi,Species,Dean Pentcheff,pentcheff@nhm.org ,Inventory,488405,Apolochus barnardi,Animalia,Arthropoda,Malacostraca,Amphipoda,Amphilochidae,Apolochus,,barnardi,
CAIDBLP-Eureka,Apolochus barnardi,Species,Dean Pentcheff,pentcheff@nhm.org ,Inventory,488405,Apolochus barnardi,Animalia,Arthropoda,Malacostraca,Amphipoda,Amphilochidae,Apolochus,,barnardi,
CAIDBLP-Eureka,Apolochus barnardi,Species,Dean Pentcheff,pentcheff@nhm.org ,Inventory,488405,Apolochus barnardi,Animalia,Arthropoda,Malacostraca,Amphipoda,Amphilochidae,Apolochus,,barnardi,
CAIDBLP-Eureka,Ericthonius brasiliensis,Species,Dean Pentcheff,pentcheff@nhm.org ,Inventory,102401,Ericthonius brasiliensis,Animalia,Arthropoda,Malacostraca,Amphipoda,Ischyroceridae,Ericthonius,,brasiliensis,
CAIDBLP-Eureka,Ericthonius brasiliensis,Species,Dean Pentcheff,pentcheff@nhm.org ,Inventory,102401,Ericthonius brasiliensis,Animalia,Arthropoda,Malacostraca,Amphipoda,Ischyroceridae,Ericthonius,,brasiliensis,
CAIDBLP-Eureka,Ericthonius brasiliensis,Species,Dean Pentcheff,pentcheff@nhm.org ,Inventory,102401,Ericthonius brasiliensis,Animalia,Arthropoda,Malacostraca,Amphipoda,Ischyroceridae,Ericthonius,,brasiliensis,
CAIDBLP-Eureka,Ericthonius brasiliensis,Species,Dean Pentcheff,pentcheff@nhm.org ,Inventory,102401,Ericthonius brasiliensis,Animalia,Arthropoda,Malacostraca,Amphipoda,Ischyroceridae,Ericthonius,,brasiliensis,
CAIDBLP-Eureka,Ericthonius brasiliensis,Species,Dean Pentcheff,pentcheff@nhm.org ,Inventory,102401,Ericthonius brasiliensis,Animalia,Arthropoda,Malacostraca,Amphipoda,Ischyroceridae,Ericthonius,,brasiliensis,
CAIDBLP-Eureka,Photis sp. 3,Genus,Dean Pentcheff,pentcheff@nhm.org ,Inventory,101563,Photis,Animalia,Arthropoda,Malacostraca,Amphipoda,Photidae,Photis,,,
CAIDBLP-Eureka,Munna sp. 1,Genus,Dean Pentcheff,pentcheff@nhm.org ,Inventory,118374,Munna,Animalia,Arthropoda,Malacostraca,Isopoda,Munnidae,Munna,,,
CAIDBLP-Eureka,Munna sp. 1,Genus,Dean Pentcheff,pentcheff@nhm.org ,Inventory,118374,Munna,Animalia,Arthropoda,Malacostraca,Isopoda,Munnidae,Munna,,,
CAIDBLP-Eureka,Prolecithophora sp. 3,Higher,Dean Pentcheff,pentcheff@nhm.org ,Inventory,2854,Prolecithophora,Animalia,Platyhelminthes,,Prolecithophora,,,,,
CAIDBLP-Eureka,Prolecithophora sp. 3,Higher,Dean Pentcheff,pentcheff@nhm.org ,Inventory,2854,Prolecithophora,Animalia,Platyhelminthes,,Prolecithophora,,,,,
CAIDBLP-Eureka,Prolecithophora sp. 2,Higher,Dean Pentcheff,pentcheff@nhm.org ,Inventory,2854,Prolecithophora,Animalia,Platyhelminthes,,Prolecithophora,,,,,
CAIDBLP-Eureka,Astrotorhynchus intermedius,Species,Dean Pentcheff,pentcheff@nhm.org ,Inventory,1079205,Astrotorhynchus intermedius,Animalia,Platyhelminthes,,Rhabdocoela,Promesostomidae,Astrotorhynchus,,intermedius,
CAIDBLP-Eureka,Astrotorhynchus intermedius,Species,Dean Pentcheff,pentcheff@nhm.org ,Inventory,1079205,Astrotorhynchus intermedius,Animalia,Platyhelminthes,,Rhabdocoela,Promesostomidae,Astrotorhynchus,,intermedius,
CAIDBLP-Eureka,Astrotorhynchus intermedius,Species,Dean Pentcheff,pentcheff@nhm.org ,Inventory,1079205,Astrotorhynchus intermedius,Animalia,Platyhelminthes,,Rhabdocoela,Promesostomidae,Astrotorhynchus,,intermedius,
CAIDBLP-Eureka,Byrsophlebidae sp. 1,Family,Dean Pentcheff,pentcheff@nhm.org ,Inventory,142102,Byrsophlebidae,Animalia,Platyhelminthes,,Rhabdocoela,Byrsophlebidae,,,,
CAIDBLP-Eureka,Byrsophlebidae sp. 1,Family,Dean Pentcheff,pentcheff@nhm.org ,Inventory,142102,Byrsophlebidae,Animalia,Platyhelminthes,,Rhabdocoela,Byrsophlebidae,,,,
CAIDBLP-Eureka,Pogaina sp. 1,Genus,Dean Pentcheff,pentcheff@nhm.org ,Inventory,142293,Pogaina,Animalia,Platyhelminthes,,Rhabdocoela,Provorticidae,Pogaina,,,
CAIDBLP-Eureka,Pogaina sp. 1,Genus,Dean Pentcheff,pentcheff@nhm.org ,Inventory,142293,Pogaina,Animalia,Platyhelminthes,,Rhabdocoela,Provorticidae,Pogaina,,,
CAIDBLP-Eureka,Pogaina sp. 1,Genus,Dean Pentcheff,pentcheff@nhm.org ,Inventory,142293,Pogaina,Animalia,Platyhelminthes,,Rhabdocoela,Provorticidae,Pogaina,,,
CAIDBLP-Eureka,Acoela sp. 1,Higher,Dean Pentcheff,pentcheff@nhm.org ,Inventory,2847,Acoela,Animalia,Xenacoelomorpha,,Acoela,,,,,
CAIDBLP-Eureka,Pogaina sp. 1,Genus,Dean Pentcheff,pentcheff@nhm.org ,Inventory,142293,Pogaina,Animalia,Platyhelminthes,,Rhabdocoela,Provorticidae,Pogaina,,,
CAIDBLP-Eureka,Pogaina sp. 1,Genus,Dean Pentcheff,pentcheff@nhm.org ,Inventory,142293,Pogaina,Animalia,Platyhelminthes,,Rhabdocoela,Provorticidae,Pogaina,,,
CAIDBLP-Eureka,Pogaina sp. 1,Genus,Dean Pentcheff,pentcheff@nhm.org ,Inventory,142293,Pogaina,Animalia,Platyhelminthes,,Rhabdocoela,Provorticidae,Pogaina,,,
CAIDBLP-Eureka,Brinkmanniella palmata,Species,Dean Pentcheff,pentcheff@nhm.org ,Inventory,143320,Brinkmanniella palmata,Animalia,Platyhelminthes,,Rhabdocoela,,Brinkmanniella,,palmata,
CAIDBLP-Eureka,Brinkmanniella palmata,Species,Dean Pentcheff,pentcheff@nhm.org ,Inventory,143320,Brinkmanniella palmata,Animalia,Platyhelminthes,,Rhabdocoela,,Brinkmanniella,,palmata,
CAIDBLP-Eureka,Astrotorhynchus intermedius,Species,Dean Pentcheff,pentcheff@nhm.org ,Inventory,1079205,Astrotorhynchus intermedius,Animalia,Platyhelminthes,,Rhabdocoela,Promesostomidae,Astrotorhynchus,,intermedius,
CAIDBLP-Eureka,Byrsophlebidae sp. 1,Family,Dean Pentcheff,pentcheff@nhm.org ,Inventory,142102,Byrsophlebidae,Animalia,Platyhelminthes,,Rhabdocoela,Byrsophlebidae,,,,
CAIDBLP-Eureka,Byrsophlebidae sp. 1,Family,Dean Pentcheff,pentcheff@nhm.org ,Inventory,142102,Byrsophlebidae,Animalia,Platyhelminthes,,Rhabdocoela,Byrsophlebidae,,,,
CAIDBLP-Eureka,Byrsophlebidae sp. 1,Family,Dean Pentcheff,pentcheff@nhm.org ,Inventory,142102,Byrsophlebidae,Animalia,Platyhelminthes,,Rhabdocoela,Byrsophlebidae,,,,
CAIDBLP-Eureka,Prolecithophora sp. 2,Higher,Dean Pentcheff,pentcheff@nhm.org ,Inventory,2854,Prolecithophora,Animalia,Platyhelminthes,,Prolecithophora,,,,,
CAIDBLP-Eureka,Zonorhynchus sp. 1,Genus,Dean Pentcheff,pentcheff@nhm.org ,Inventory,142321,Zonorhynchus,Animalia,Platyhelminthes,,Rhabdocoela,,Zonorhynchus,,,
CAIDBLP-Eureka,Gnathorhynchidae sp. 1,Family,Dean Pentcheff,pentcheff@nhm.org ,Inventory,142094,Gnathorhynchidae,Animalia,Platyhelminthes,,Rhabdocoela,Gnathorhynchidae,,,,
CAIDBLP-Eureka,Cystiplanidae sp. 1,Family,Dean Pentcheff,pentcheff@nhm.org ,Inventory,142091,Cystiplanidae,Animalia,Platyhelminthes,,Rhabdocoela,Cystiplanidae,,,,
CAIDBLP-Eureka,Schizorhynchia sp. 2,Higher,Dean Pentcheff,pentcheff@nhm.org ,Inventory,155663,Schizorhynchia,Animalia,Platyhelminthes,,Rhabdocoela,,,,,
CAIDBLP-Eureka,Gastrotricha sp. 1,Higher,Dean Pentcheff,pentcheff@nhm.org ,Inventory,2078,Gastrotricha,Animalia,Gastrotricha,,,,,,,
CAIDBLP-Eureka,Cystiplanidae sp. 1,Family,Dean Pentcheff,pentcheff@nhm.org ,Inventory,142091,Cystiplanidae,Animalia,Platyhelminthes,,Rhabdocoela,Cystiplanidae,,,,
CAIDBLP-Eureka,Haplopharynx sp. 1,Genus,Dean Pentcheff,pentcheff@nhm.org ,Inventory,142193,Haplopharynx,Animalia,Platyhelminthes,,,Haplopharyngidae,Haplopharynx,,,
CAIDBLP-Eureka,Cystiplana sp. 1,Genus,Dean Pentcheff,pentcheff@nhm.org ,Inventory,142322,Cystiplana,Animalia,Platyhelminthes,,Rhabdocoela,Cystiplanidae,Cystiplana,,,
CAIDBLP-Eureka,Cancer antennarius,Species,Dean Pentcheff,pentcheff@nhm.org ,Inventory,452126,Cancer antennaria,Animalia,Arthropoda,Malacostraca,Decapoda,Cancridae,Cancer,,antennaria,
CAIDBLP-Eureka,Apostichopus californicus,Species,Dean Pentcheff,pentcheff@nhm.org ,Inventory,529363,Apostichopus californicus,Animalia,Echinodermata,Holothuroidea,Synallactida,Stichopodidae,Apostichopus,,californicus,
CAIDBLP-Eureka,Perophora annectens,Species,Dean Pentcheff,pentcheff@nhm.org ,Inventory,250979,Perophora annectens,Animalia,Chordata,Ascidiacea,Phlebobranchia,Perophoridae,Perophora,,annectens,
CAIDBLP-Eureka,Anthopleura elegantissima,Species,Dean Pentcheff,pentcheff@nhm.org ,Inventory,283347,Anthopleura elegantissima,Animalia,Cnidaria,Hexacorallia,Actiniaria,Actiniidae,Anthopleura,,elegantissima,
CAIDBLP-Eureka,Calcarea,Higher,Dean Pentcheff,pentcheff@nhm.org ,Inventory,559,Calcarea,Animalia,Porifera,Calcarea,,,,,,
CAIDBLP-Eureka,Heptacarpus C,Genus,Dean Pentcheff,pentcheff@nhm.org ,Inventory,248339,Heptacarpus,Animalia,Arthropoda,Malacostraca,Decapoda,Thoridae,Heptacarpus,,,
CAIDBLP-Eureka,Heptacarpus C,Genus,Dean Pentcheff,pentcheff@nhm.org ,Inventory,248339,Heptacarpus,Animalia,Arthropoda,Malacostraca,Decapoda,Thoridae,Heptacarpus,,,
CAIDBLP-Eureka,Heptacarpus C,Genus,Dean Pentcheff,pentcheff@nhm.org ,Inventory,248339,Heptacarpus,Animalia,Arthropoda,Malacostraca,Decapoda,Thoridae,Heptacarpus,,,
CAIDBLP-Eureka,Heptacarpus C,Genus,Dean Pentcheff,pentcheff@nhm.org ,Inventory,248339,Heptacarpus,Animalia,Arthropoda,Malacostraca,Decapoda,Thoridae,Heptacarpus,,,
CAIDBLP-Eureka,Styela montereyensis,Species,Dean Pentcheff,pentcheff@nhm.org ,Inventory,240756,Styela montereyensis,Animalia,Chordata,Ascidiacea,Stolidobranchia,Styelidae,Styela,,montereyensis,
CAIDBLP-Eureka,Cnemidocarpa finmarkiensis,Species,Dean Pentcheff,pentcheff@nhm.org ,Inventory,103870,Cnemidocarpa finmarkiensis,Animalia,Chordata,Ascidiacea,Stolidobranchia,Styelidae,Cnemidocarpa,,finmarkiensis,
CAIDBLP-Eureka,Heteropora,Genus,Dean Pentcheff,pentcheff@nhm.org ,Inventory,248342,Heteropora,Animalia,Bryozoa,Stenolaemata,Cyclostomatida,Heteroporidae,Heteropora,,,
CAIDBLP-Eureka,Crisia,Genus,Dean Pentcheff,pentcheff@nhm.org ,Inventory,111032,Crisia,Animalia,Bryozoa,Stenolaemata,Cyclostomatida,Crisiidae,Crisia,,,
CAIDBLP-Eureka,Balanophyllia elegans,Species,Dean Pentcheff,pentcheff@nhm.org ,Inventory,1288908,Balanophyllia elegans,Animalia,Cnidaria,Hexacorallia,Scleractinia,Dendrophylliidae,Balanophyllia,,elegans,
CAIDBLP-Eureka,Balanophyllia elegans,Species,Dean Pentcheff,pentcheff@nhm.org ,Inventory,1288908,Balanophyllia elegans,Animalia,Cnidaria,Hexacorallia,Scleractinia,Dendrophylliidae,Balanophyllia,,elegans,
CAIDBLP-Eureka,Balanophyllia elegans,Species,Dean Pentcheff,pentcheff@nhm.org ,Inventory,1288908,Balanophyllia elegans,Animalia,Cnidaria,Hexacorallia,Scleractinia,Dendrophylliidae,Balanophyllia,,elegans,
CAIDBLP-Eureka,Octopus rubescens,Species,Dean Pentcheff,pentcheff@nhm.org ,Inventory,342023,Octopus rubescens,Animalia,Mollusca,Cephalopoda,Octopoda,Octopodidae,Octopus,,rubescens,
CAIDBLP-Eureka,Ascidiacea ? Aplidium,Genus,Dean Pentcheff,pentcheff@nhm.org ,Inventory,103471,Aplidium,Animalia,Chordata,Ascidiacea,Aplousobranchia,Polyclinidae,Aplidium,,,
CAIDBLP-Eureka,Aplidium? solidum?,Species,Dean Pentcheff,pentcheff@nhm.org ,Inventory,215889,Aplidium solidum,Animalia,Chordata,Ascidiacea,Aplousobranchia,Polyclinidae,Aplidium,,solidum,
CAIDBLP-Eureka,Aplidium californicum?,Species,Dean Pentcheff,pentcheff@nhm.org ,Inventory,249827,Aplidium californicum,Animalia,Chordata,Ascidiacea,Aplousobranchia,Polyclinidae,Aplidium,,californicum,
CAIDBLP-Eureka,Aplidium solidum?,Species,Dean Pentcheff,pentcheff@nhm.org ,Inventory,215889,Aplidium solidum,Animalia,Chordata,Ascidiacea,Aplousobranchia,Polyclinidae,Aplidium,,solidum,
CAIDBLP-Eureka,Pycnoclavella stanleyi,Species,Dean Pentcheff,pentcheff@nhm.org ,Inventory,251245,Pycnoclavella stanleyi,Animalia,Chordata,Ascidiacea,Aplousobranchia,Clavelinidae,Pycnoclavella,,stanleyi,
CAIDBLP-Eureka,Clavelina huntsmani,Species,Dean Pentcheff,pentcheff@nhm.org ,Inventory,250311,Clavelina huntsmani,Animalia,Chordata,Ascidiacea,Aplousobranchia,Clavelinidae,Clavelina,,huntsmani,
CAIDBLP-Eureka,Cnemidocarpa finmarkiensis,Species,Dean Pentcheff,pentcheff@nhm.org ,Inventory,103870,Cnemidocarpa finmarkiensis,Animalia,Chordata,Ascidiacea,Stolidobranchia,Styelidae,Cnemidocarpa,,finmarkiensis,
CAIDBLP-Eureka,Chelyosoma,Genus,Dean Pentcheff,pentcheff@nhm.org ,Inventory,103494,Chelyosoma,Animalia,Chordata,Ascidiacea,Phlebobranchia,Corellidae,Chelyosoma,,,
CAIDBLP-Eureka,Ascidiace,Higher,Dean Pentcheff,pentcheff@nhm.org ,Inventory,1839,Ascidiacea,Animalia,Chordata,Ascidiacea,,,,,,
CAIDBLP-Eureka,,,Dean Pentcheff,pentcheff@nhm.org ,Inventory,,,,,,,,,,,
CAIDBLP-Eureka,Aplidium californicum?,Species,Dean Pentcheff,pentcheff@nhm.org ,Inventory,249827,Aplidium californicum,Animalia,Chordata,Ascidiacea,Aplousobranchia,Polyclinidae,Aplidium,,californicum,
CAIDBLP-Eureka,,,Dean Pentcheff,pentcheff@nhm.org ,Inventory,,,,,,,,,,,
CAIDBLP-Eureka,Eudistoma atropurpureum,Genus,Dean Pentcheff,pentcheff@nhm.org ,Inventory,103465,Eudistoma,Animalia,Chordata,Ascidiacea,Aplousobranchia,Polycitoridae,Eudistoma,,,
CAIDBLP-Eureka,Dendrobeania lichenoides,Species,Dean Pentcheff,pentcheff@nhm.org ,Inventory,469234,Dendrobeania lichenoides,Animalia,Bryozoa,Gymnolaemata,Cheilostomatida,Bugulidae,Dendrobeania,,lichenoides,
CAIDBLP-Eureka,Eupentacta,Genus,Dean Pentcheff,pentcheff@nhm.org ,Inventory,528610,Eupentacta,Animalia,Echinodermata,Holothuroidea,Dendrochirotida,Sclerodactylidae,Eupentacta,,,
CAIDBLP-Eureka,Cancer magister?,Species,Dean Pentcheff,pentcheff@nhm.org ,Inventory,452271,Cancer magister,Animalia,Arthropoda,Malacostraca,Decapoda,Cancridae,Cancer,,magister,
CAIDBLP-Eureka,Leucosolenia,Genus,Dean Pentcheff,pentcheff@nhm.org ,Inventory,131715,Leucosolenia,Animalia,Porifera,Calcarea,Leucosolenida,Leucosoleniidae,Leucosolenia,,,
CAIDBLP-Eureka,Cucumaria miniata,Species,Dean Pentcheff,pentcheff@nhm.org ,Inventory,225807,Cucumaria miniata,Animalia,Echinodermata,Holothuroidea,Dendrochirotida,Cucumariidae,Cucumaria,,miniata,
CAIDBLP-Eureka,Cucumaria miniata,Species,Dean Pentcheff,pentcheff@nhm.org ,Inventory,225807,Cucumaria miniata,Animalia,Echinodermata,Holothuroidea,Dendrochirotida,Cucumariidae,Cucumaria,,miniata,
CAIDBLP-Eureka,Anthopleura artemisia,Species,Dean Pentcheff,pentcheff@nhm.org ,Inventory,283337,Anthopleura artemisia,Animalia,Cnidaria,Hexacorallia,Actiniaria,Actiniidae,Anthopleura,,artemisia,
CAIDBLP-Eureka,Anthopleura artemisia,Species,Dean Pentcheff,pentcheff@nhm.org ,Inventory,283337,Anthopleura artemisia,Animalia,Cnidaria,Hexacorallia,Actiniaria,Actiniidae,Anthopleura,,artemisia,
CAIDBLP-Eureka,Anthopleura artemisia,Species,Dean Pentcheff,pentcheff@nhm.org ,Inventory,283337,Anthopleura artemisia,Animalia,Cnidaria,Hexacorallia,Actiniaria,Actiniidae,Anthopleura,,artemisia,
CAIDBLP-Eureka,Cucumaria miniata? juv.,Species,Dean Pentcheff,pentcheff@nhm.org ,Inventory,225807,Cucumaria miniata,Animalia,Echinodermata,Holothuroidea,Dendrochirotida,Cucumariidae,Cucumaria,,miniata,
CAIDBLP-Eureka,Leukoma staminea? juv.,Species,Dean Pentcheff,pentcheff@nhm.org ,Inventory,507737,Leukoma staminea,Animalia,Mollusca,Bivalvia,Venerida,Veneridae,Leukoma,,staminea,
CAIDBLP-Eureka,Eurylepta californica,Species,Dean Pentcheff,pentcheff@nhm.org ,Inventory,483790,Eurylepta californica,Animalia,Platyhelminthes,,Polycladida,Euryleptidae,Eurylepta,,californica,
CAIDBLP-Eureka,Eurylepta californica,Species,Dean Pentcheff,pentcheff@nhm.org ,Inventory,483790,Eurylepta californica,Animalia,Platyhelminthes,,Polycladida,Euryleptidae,Eurylepta,,californica,
CAIDBLP-Eureka,Eurylepta californica,Species,Dean Pentcheff,pentcheff@nhm.org ,Inventory,483790,Eurylepta californica,Animalia,Platyhelminthes,,Polycladida,Euryleptidae,Eurylepta,,californica,
CAIDBLP-Eureka,Eurylepta californica,Species,Dean Pentcheff,pentcheff@nhm.org ,Inventory,483790,Eurylepta californica,Animalia,Platyhelminthes,,Polycladida,Euryleptidae,Eurylepta,,californica,
CAIDBLP-Eureka,Halacarididae,Family,Dean Pentcheff,pentcheff@nhm.org ,Inventory,1484,Halacaridae,Animalia,Arthropoda,Arachnida,Trombidiformes,Halacaridae,,,,
CAIDBLP-Eureka,Patiria miniata,Species,Dean Pentcheff,pentcheff@nhm.org ,Inventory,382131,Patiria miniata,Animalia,Echinodermata,Asteroidea,Valvatida,Asterinidae,Patiria,,miniata,
CAIDBLP-Eureka,Octopus rubescens,Species,Dean Pentcheff,pentcheff@nhm.org ,Inventory,342023,Octopus rubescens,Animalia,Mollusca,Cephalopoda,Octopoda,Octopodidae,Octopus,,rubescens,
CAIDBLP-Eureka,Octopus rubescens,Species,Dean Pentcheff,pentcheff@nhm.org ,Inventory,342023,Octopus rubescens,Animalia,Mollusca,Cephalopoda,Octopoda,Octopodidae,Octopus,,rubescens,
CAIDBLP-Eureka,Hydrozoa,Higher,Dean Pentcheff,pentcheff@nhm.org ,Inventory,1337,Hydrozoa,Animalia,Cnidaria,Hydrozoa,,,,,,
CAIDBLP-Eureka,Sertulariidae,Family,Dean Pentcheff,pentcheff@nhm.org ,Inventory,1614,Sertulariidae,Animalia,Cnidaria,Hydrozoa,Leptothecata,Sertulariidae,,,,
CAIDBLP-Eureka,Garveia annulata,Species,Dean Pentcheff,pentcheff@nhm.org ,Inventory,284249,Garveia annulata,Animalia,Cnidaria,Hydrozoa,Anthoathecata,Bougainvilliidae,Garveia,,annulata,
CAIDBLP-Eureka,Ectopleura marina,Species,Dean Pentcheff,pentcheff@nhm.org ,Inventory,285957,Ectopleura marina,Animalia,Cnidaria,Hydrozoa,Anthoathecata,Tubulariidae,Ectopleura,,marina,
CAIDBLP-Eureka,Ectopleura marina,Species,Dean Pentcheff,pentcheff@nhm.org ,Inventory,285957,Ectopleura marina,Animalia,Cnidaria,Hydrozoa,Anthoathecata,Tubulariidae,Ectopleura,,marina,
CAIDBLP-Eureka,Celleporella hyalina?,Species,Dean Pentcheff,pentcheff@nhm.org ,Inventory,111397,Celleporella hyalina,Animalia,Bryozoa,Gymnolaemata,Cheilostomatida,Hippothoidae,Celleporella,,hyalina,
CAIDBLP-Eureka,Balanus A (glandula?),Genus,Dean Pentcheff,pentcheff@nhm.org ,Inventory,106122,Balanus,Animalia,Arthropoda,Thecostraca,Balanomorpha,Balanidae,Balanus,,,
CAIDBLP-Eureka,Balanus A (glandula?),Genus,Dean Pentcheff,pentcheff@nhm.org ,Inventory,106122,Balanus,Animalia,Arthropoda,Thecostraca,Balanomorpha,Balanidae,Balanus,,,
CAIDBLP-Eureka,Hydrozoa,Higher,Dean Pentcheff,pentcheff@nhm.org ,Inventory,1337,Hydrozoa,Animalia,Cnidaria,Hydrozoa,,,,,,
CAIDBLP-Eureka,Heptacarpus C,Genus,Dean Pentcheff,pentcheff@nhm.org ,Inventory,248339,Heptacarpus,Animalia,Arthropoda,Malacostraca,Decapoda,Thoridae,Heptacarpus,,,
CAIDBLP-Eureka,Actiniaria,Higher,Dean Pentcheff,pentcheff@nhm.org ,Inventory,1360,Actiniaria,Animalia,Cnidaria,Hexacorallia,Actiniaria,,,,,
CAIDBLP-Eureka,Hydrozoa,Higher,Dean Pentcheff,pentcheff@nhm.org ,Inventory,1337,Hydrozoa,Animalia,Cnidaria,Hydrozoa,,,,,,
CAIDBLP-Eureka,Celleporella hyalina,Species,Dean Pentcheff,pentcheff@nhm.org ,Inventory,111397,Celleporella hyalina,Animalia,Bryozoa,Gymnolaemata,Cheilostomatida,Hippothoidae,Celleporella,,hyalina,
CAIDBLP-Eureka,Cheilostomatida,Higher,Dean Pentcheff,pentcheff@nhm.org ,Inventory,110722,Cheilostomatida,Animalia,Bryozoa,Gymnolaemata,Cheilostomatida,,,,,
CAIDBLP-Eureka,Nereididae?,Family,Dean Pentcheff,pentcheff@nhm.org ,Inventory,22496,Nereididae,Animalia,Annelida,Polychaeta,Phyllodocida,Nereididae,,,,
CAIDBLP-Eureka,Nereididae?,Family,Dean Pentcheff,pentcheff@nhm.org ,Inventory,22496,Nereididae,Animalia,Annelida,Polychaeta,Phyllodocida,Nereididae,,,,
CAIDBLP-Eureka,Alia sp.,Genus,Dean Pentcheff,pentcheff@nhm.org ,Inventory,405152,Alia,Animalia,Chordata,Teleostei,Siluriformes,Ailiidae,Alia,,,
CAIDBLP-Eureka,Terebellidae,Family,Dean Pentcheff,pentcheff@nhm.org ,Inventory,982,Terebellidae,Animalia,Annelida,Polychaeta,Terebellida,Terebellidae,,,,
CAIDBLP-Eureka,Terebellidae,Family,Dean Pentcheff,pentcheff@nhm.org ,Inventory,982,Terebellidae,Animalia,Annelida,Polychaeta,Terebellida,Terebellidae,,,,
CAIDBLP-Eureka,Nereididae?,Family,Dean Pentcheff,pentcheff@nhm.org ,Inventory,22496,Nereididae,Animalia,Annelida,Polychaeta,Phyllodocida,Nereididae,,,,
CAIDBLP-Eureka,Nereididae?,Family,Dean Pentcheff,pentcheff@nhm.org ,Inventory,22496,Nereididae,Animalia,Annelida,Polychaeta,Phyllodocida,Nereididae,,,,
CAIDBLP-Eureka,Nereididae?,Family,Dean Pentcheff,pentcheff@nhm.org ,Inventory,22496,Nereididae,Animalia,Annelida,Polychaeta,Phyllodocida,Nereididae,,,,
CAIDBLP-Eureka,Dodecaceria pacifica,Species,Dean Pentcheff,pentcheff@nhm.org ,Inventory,1580005,Dodecaceria pacifica,Animalia,Annelida,Polychaeta,Terebellida,Cirratulidae,Dodecaceria,,pacifica,
CAIDBLP-Eureka,Nereididae?,Family,Dean Pentcheff,pentcheff@nhm.org ,Inventory,22496,Nereididae,Animalia,Annelida,Polychaeta,Phyllodocida,Nereididae,,,,
CAIDBLP-Eureka,Platyhelminthes,Higher,Dean Pentcheff,pentcheff@nhm.org ,Inventory,793,Platyhelminthes,Animalia,Platyhelminthes,,,,,,,
CAIDBLP-Eureka,Platyhelminthes,Higher,Dean Pentcheff,pentcheff@nhm.org ,Inventory,793,Platyhelminthes,Animalia,Platyhelminthes,,,,,,,
CAIDBLP-Eureka,Platyhelminthes,Higher,Dean Pentcheff,pentcheff@nhm.org ,Inventory,793,Platyhelminthes,Animalia,Platyhelminthes,,,,,,,
CAIDBLP-Eureka,Copepoda,Higher,Dean Pentcheff,pentcheff@nhm.org ,Inventory,1080,Copepoda,Animalia,Arthropoda,Copepoda,,,,,,
CAIDBLP-Eureka,Beroe,Genus,Dean Pentcheff,pentcheff@nhm.org ,Inventory,1434803,Beroe,Animalia,Ctenophora,Nuda,Beroida,Beroidae,Beroe,,,
CAIDBLP-Eureka,Notocomplana?,Genus,Dean Pentcheff,pentcheff@nhm.org ,Inventory,479802,Notocomplana,Animalia,Platyhelminthes,,Polycladida,Notocomplanidae,Notocomplana,,,
CAIDBLP-Eureka,Watersipora subtorquata,Species,Dean Pentcheff,pentcheff@nhm.org ,Inventory,111592,Watersipora subtorquata,Animalia,Bryozoa,Gymnolaemata,Cheilostomatida,Watersiporidae,Watersipora,,subtorquata,
CAIDBLP-Eureka,Watersipora subtorquata,Species,Dean Pentcheff,pentcheff@nhm.org ,Inventory,111592,Watersipora subtorquata,Animalia,Bryozoa,Gymnolaemata,Cheilostomatida,Watersiporidae,Watersipora,,subtorquata,
CAIDBLP-Eureka,Watersipora subtorquata,Species,Dean Pentcheff,pentcheff@nhm.org ,Inventory,111592,Watersipora subtorquata,Animalia,Bryozoa,Gymnolaemata,Cheilostomatida,Watersiporidae,Watersipora,,subtorquata,
CAIDBLP-Eureka,Schizoporella japonica,Species,Dean Pentcheff,pentcheff@nhm.org ,Inventory,470388,Schizoporella japonica,Animalia,Bryozoa,Gymnolaemata,Cheilostomatida,Schizoporellidae,Schizoporella,,japonica,
CAIDBLP-Eureka,Schizoporella japonica,Species,Dean Pentcheff,pentcheff@nhm.org ,Inventory,470388,Schizoporella japonica,Animalia,Bryozoa,Gymnolaemata,Cheilostomatida,Schizoporellidae,Schizoporella,,japonica,
CAIDBLP-Eureka,Cheilostomatida,Higher,Dean Pentcheff,pentcheff@nhm.org ,Inventory,110722,Cheilostomatida,Animalia,Bryozoa,Gymnolaemata,Cheilostomatida,,,,,
CAIDBLP-Eureka,Cheilostomatida,Higher,Dean Pentcheff,pentcheff@nhm.org ,Inventory,110722,Cheilostomatida,Animalia,Bryozoa,Gymnolaemata,Cheilostomatida,,,,,
CAIDBLP-Eureka,Cheilostomatida,Higher,Dean Pentcheff,pentcheff@nhm.org ,Inventory,110722,Cheilostomatida,Animalia,Bryozoa,Gymnolaemata,Cheilostomatida,,,,,
CAIDBLP-Eureka,Cheilostomatida,Higher,Dean Pentcheff,pentcheff@nhm.org ,Inventory,110722,Cheilostomatida,Animalia,Bryozoa,Gymnolaemata,Cheilostomatida,,,,,
CAIDBLP-Eureka,Cheilostomatida,Higher,Dean Pentcheff,pentcheff@nhm.org ,Inventory,110722,Cheilostomatida,Animalia,Bryozoa,Gymnolaemata,Cheilostomatida,,,,,
CAIDBLP-Eureka,Cheilostomatida,Higher,Dean Pentcheff,pentcheff@nhm.org ,Inventory,110722,Cheilostomatida,Animalia,Bryozoa,Gymnolaemata,Cheilostomatida,,,,,
CAIDBLP-Eureka,Acanthodoris nanaimoensis,Species,Dean Pentcheff,pentcheff@nhm.org ,Inventory,535685,Acanthodoris nanaimoensis,Animalia,Mollusca,Gastropoda,Doridida,Acanthodorididae,Acanthodoris,,nanaimoensis,
CAIDBLP-Eureka,Triopha maculata,Species,Dean Pentcheff,pentcheff@nhm.org ,Inventory,531262,Triopha maculata,Animalia,Mollusca,Gastropoda,Doridida,Polyceridae,Triopha,,maculata,
CAIDBLP-Eureka,Flabellinopsis iodinea,Species,Dean Pentcheff,pentcheff@nhm.org ,Inventory,1047483,Flabellinopsis iodinea,Animalia,Mollusca,Gastropoda,Nudibranchia,Flabellinopsidae,Flabellinopsis,,iodinea,
CAIDBLP-Eureka,Cadlina luteomarginata,Species,Dean Pentcheff,pentcheff@nhm.org ,Inventory,562476,Cadlina luteomarginata,Animalia,Mollusca,Gastropoda,Doridida,Cadlinidae,Cadlina,,luteomarginata,
CAIDBLP-Eureka,Diaulula sandiegensis,Species,Dean Pentcheff,pentcheff@nhm.org ,Inventory,536817,Diaulula sandiegensis,Animalia,Mollusca,Gastropoda,Doridida,Discodorididae,Diaulula,,sandiegensis,
CAIDBLP-Eureka,Peltodoris nobilis,Species,Dean Pentcheff,pentcheff@nhm.org ,Inventory,594422,Peltodoris nobilis,Animalia,Mollusca,Gastropoda,Doridida,Discodorididae,Peltodoris,,nobilis,
CAIDBLP-Eureka,Acanthodoris nanaimoensis,Species,Dean Pentcheff,pentcheff@nhm.org ,Inventory,535685,Acanthodoris nanaimoensis,Animalia,Mollusca,Gastropoda,Doridida,Acanthodorididae,Acanthodoris,,nanaimoensis,
CAIDBLP-Eureka,Acanthodoris rhodocerus,Species,Dean Pentcheff,pentcheff@nhm.org ,Inventory,535687,Acanthodoris rhodoceras,Animalia,Mollusca,Gastropoda,Doridida,Acanthodorididae,Acanthodoris,,rhodoceras,
CAIDBLP-Eureka,Acanthodoris hudsoni,Species,Dean Pentcheff,pentcheff@nhm.org ,Inventory,581689,Acanthodoris hudsoni,Animalia,Mollusca,Gastropoda,Doridida,Acanthodorididae,Acanthodoris,,hudsoni,
CAIDBLP-Eureka,Geitodoris heathi,Species,Dean Pentcheff,pentcheff@nhm.org ,Inventory,579047,Geitodoris heathi,Animalia,Mollusca,Gastropoda,Doridida,Discodorididae,Geitodoris,,heathi,
CAIDBLP-Eureka,Diaulula odonoghuei,Species,Dean Pentcheff,pentcheff@nhm.org ,Inventory,890436,Diaulula odonoghuei,Animalia,Mollusca,Gastropoda,Doridida,Discodorididae,Diaulula,,odonoghuei,
CAIDBLP-Eureka,Aeolidia loui,Species,Dean Pentcheff,pentcheff@nhm.org ,Inventory,880372,Aeolidia loui,Animalia,Mollusca,Gastropoda,Nudibranchia,Aeolidiidae,Aeolidia,,loui,
CAIDBLP-Eureka,Crimora coneja,Species,Dean Pentcheff,pentcheff@nhm.org ,Inventory,531200,Crimora coneja,Animalia,Mollusca,Gastropoda,Doridida,Polyceridae,Crimora,,coneja,
CAIDBLP-Eureka,Limacia cockerelli,Species,Dean Pentcheff,pentcheff@nhm.org ,Inventory,531202,Limacia cockerelli,Animalia,Mollusca,Gastropoda,Doridida,Polyceridae,Limacia,,cockerelli,
CAIDBLP-Eureka,Dirona albolineata,Species,Dean Pentcheff,pentcheff@nhm.org ,Inventory,581837,Dirona albolineata,Animalia,Mollusca,Gastropoda,Nudibranchia,Dironidae,Dirona,,albolineata,
CAIDBLP-Eureka,Aldisa cooperi,Species,Dean Pentcheff,pentcheff@nhm.org ,Inventory,581809,Aldisa cooperi,Animalia,Mollusca,Gastropoda,Doridida,Cadlinidae,Aldisa,,cooperi,
CAIDBLP-Eureka,Okenia rosacea,Species,Dean Pentcheff,pentcheff@nhm.org ,Inventory,599485,Okenia rosacea,Animalia,Mollusca,Gastropoda,Doridida,Goniodorididae,Okenia,,rosacea,
CAIDBLP-Eureka,Diaphorodoris lirulatocauda,Species,Dean Pentcheff,pentcheff@nhm.org ,Inventory,581691,Diaphorodoris lirulatocauda,Animalia,Mollusca,Gastropoda,Doridida,Calycidorididae,Diaphorodoris,,lirulatocauda,
CAIDBLP-Eureka,Rostanga pulchra,Species,Dean Pentcheff,pentcheff@nhm.org ,Inventory,533391,Rostanga pulchra,Animalia,Mollusca,Gastropoda,Doridida,Discodorididae,Rostanga,,pulchra,
CAIDBLP-Eureka,Acanthodoris lutea,Species,Dean Pentcheff,pentcheff@nhm.org ,Inventory,535686,Acanthodoris lutea,Animalia,Mollusca,Gastropoda,Doridida,Acanthodorididae,Acanthodoris,,lutea,
CAIDBLP-Eureka,Rostanga pulchra,Species,Dean Pentcheff,pentcheff@nhm.org ,Inventory,533391,Rostanga pulchra,Animalia,Mollusca,Gastropoda,Doridida,Discodorididae,Rostanga,,pulchra,
CAIDBLP-Eureka,Rostanga pulchra,Species,Dean Pentcheff,pentcheff@nhm.org ,Inventory,533391,Rostanga pulchra,Animalia,Mollusca,Gastropoda,Doridida,Discodorididae,Rostanga,,pulchra,
CAIDBLP-Eureka,Rostanga pulchra,Species,Dean Pentcheff,pentcheff@nhm.org ,Inventory,533391,Rostanga pulchra,Animalia,Mollusca,Gastropoda,Doridida,Discodorididae,Rostanga,,pulchra,
CAIDBLP-Eureka,Rostanga pulchra,Species,Dean Pentcheff,pentcheff@nhm.org ,Inventory,533391,Rostanga pulchra,Animalia,Mollusca,Gastropoda,Doridida,Discodorididae,Rostanga,,pulchra,
CAIDBLP-Eureka,Ancula pacifica,Species,Dean Pentcheff,pentcheff@nhm.org ,Inventory,581643,Ancula pacifica,Animalia,Mollusca,Gastropoda,Doridida,Goniodorididae,Ancula,,pacifica,
CAIDBLP-Eureka,Hallaxa chani,Species,Dean Pentcheff,pentcheff@nhm.org ,Inventory,581807,Hallaxa chani,Animalia,Mollusca,Gastropoda,Doridida,Actinocyclidae,Hallaxa,,chani,
CAIDBLP-Eureka,Atalodoris jannae,Species,Dean Pentcheff,pentcheff@nhm.org ,Inventory,1565340,Atalodoris jannae,Animalia,Mollusca,Gastropoda,Doridida,Onchidorididae,Atalodoris,,jannae,
CAIDBLP-Eureka,Tenellia albocrusta,Species,Dean Pentcheff,pentcheff@nhm.org ,Inventory,986813,Tenellia albocrusta,Animalia,Mollusca,Gastropoda,Nudibranchia,Trinchesiidae,Tenellia,,albocrusta,
CAIDBLP-Eureka,Tenellia flavovulta,Species,Dean Pentcheff,pentcheff@nhm.org ,Inventory,890622,Tenellia flavovulta,Animalia,Mollusca,Gastropoda,Nudibranchia,Trinchesiidae,Tenellia,,flavovulta,
CAIDBLP-Eureka,Hermaea vancouverensis,Species,Dean Pentcheff,pentcheff@nhm.org ,Inventory,494539,Hermaea vancouverensis,Animalia,Mollusca,Gastropoda,,Hermaeidae,Hermaea,,vancouverensis,
CAIDBLP-Eureka,Callianax biplicata,Species,Dean Pentcheff,pentcheff@nhm.org ,Inventory,1424883,Callianax biplicata,Animalia,Mollusca,Gastropoda,Neogastropoda,Olividae,Callianax,,biplicata,
CAIDBLP-Eureka,Callianax biplicata,Species,Dean Pentcheff,pentcheff@nhm.org ,Inventory,1424883,Callianax biplicata,Animalia,Mollusca,Gastropoda,Neogastropoda,Olividae,Callianax,,biplicata,
CAIDBLP-Eureka,Callianax biplicata,Species,Dean Pentcheff,pentcheff@nhm.org ,Inventory,1424883,Callianax biplicata,Animalia,Mollusca,Gastropoda,Neogastropoda,Olividae,Callianax,,biplicata,
CAIDBLP-Eureka,Callianax biplicata,Species,Dean Pentcheff,pentcheff@nhm.org ,Inventory,1424883,Callianax biplicata,Animalia,Mollusca,Gastropoda,Neogastropoda,Olividae,Callianax,,biplicata,
CAIDBLP-Eureka,Chlamys,Genus,Dean Pentcheff,pentcheff@nhm.org ,Inventory,138315,Chlamys,Animalia,Mollusca,Bivalvia,Pectinida,Pectinidae,Chlamys,,,
CAIDBLP-Eureka,Leukoma staminea,Species,Dean Pentcheff,pentcheff@nhm.org ,Inventory,507737,Leukoma staminea,Animalia,Mollusca,Bivalvia,Venerida,Veneridae,Leukoma,,staminea,
CAIDBLP-Eureka,Stenothoidae,Family,Dean Pentcheff,pentcheff@nhm.org ,Inventory,101409,Stenothoidae,Animalia,Arthropoda,Malacostraca,Amphipoda,Stenothoidae,,,,
CAIDBLP-Eureka,Ceratosoma foliatum,Species,Dean Pentcheff,pentcheff@nhm.org ,Inventory,240767,Ceratostoma foliatum,Animalia,Mollusca,Gastropoda,Neogastropoda,Muricidae,Ceratostoma,,foliatum,
CAIDBLP-Eureka,Allorchestes richtersi,Species,Dean Pentcheff,pentcheff@nhm.org ,Inventory,489551,Allorchestes rickeri,Animalia,Arthropoda,Malacostraca,Amphipoda,Dogielinotidae,Allorchestes,,rickeri,
CAIDBLP-Eureka,Calliostoma ligatum,Species,Dean Pentcheff,pentcheff@nhm.org ,Inventory,580412,Calliostoma ligatum,Animalia,Mollusca,Gastropoda,Trochida,Calliostomatidae,Calliostoma,,ligatum,
CAIDBLP-Eureka,Calliostoma ligatum,Species,Dean Pentcheff,pentcheff@nhm.org ,Inventory,580412,Calliostoma ligatum,Animalia,Mollusca,Gastropoda,Trochida,Calliostomatidae,Calliostoma,,ligatum,
CAIDBLP-Eureka,Calliostoma ligatum,Species,Dean Pentcheff,pentcheff@nhm.org ,Inventory,580412,Calliostoma ligatum,Animalia,Mollusca,Gastropoda,Trochida,Calliostomatidae,Calliostoma,,ligatum,
CAIDBLP-Eureka,Amphissa columbiana,Species,Dean Pentcheff,pentcheff@nhm.org ,Inventory,511361,Amphissa columbiana,Animalia,Mollusca,Gastropoda,Neogastropoda,Columbellidae,Amphissa,,columbiana,
CAIDBLP-Eureka,Amphissa columbiana,Species,Dean Pentcheff,pentcheff@nhm.org ,Inventory,511361,Amphissa columbiana,Animalia,Mollusca,Gastropoda,Neogastropoda,Columbellidae,Amphissa,,columbiana,
CAIDBLP-Eureka,Amphissa columbiana,Species,Dean Pentcheff,pentcheff@nhm.org ,Inventory,511361,Amphissa columbiana,Animalia,Mollusca,Gastropoda,Neogastropoda,Columbellidae,Amphissa,,columbiana,
CAIDBLP-Eureka,Amphissa columbiana,Species,Dean Pentcheff,pentcheff@nhm.org ,Inventory,511361,Amphissa columbiana,Animalia,Mollusca,Gastropoda,Neogastropoda,Columbellidae,Amphissa,,columbiana,
CAIDBLP-Eureka,Margarites pupillus,Species,Dean Pentcheff,pentcheff@nhm.org ,Inventory,528731,Margarites pupillus,Animalia,Mollusca,Gastropoda,Trochida,Margaritesidae,Margarites,,pupillus,
CAIDBLP-Eureka,Margarites pupillus,Species,Dean Pentcheff,pentcheff@nhm.org ,Inventory,528731,Margarites pupillus,Animalia,Mollusca,Gastropoda,Trochida,Margaritesidae,Margarites,,pupillus,
CAIDBLP-Eureka,Margarites pupillus,Species,Dean Pentcheff,pentcheff@nhm.org ,Inventory,528731,Margarites pupillus,Animalia,Mollusca,Gastropoda,Trochida,Margaritesidae,Margarites,,pupillus,
CAIDBLP-Eureka,Margarites pupillus,Species,Dean Pentcheff,pentcheff@nhm.org ,Inventory,528731,Margarites pupillus,Animalia,Mollusca,Gastropoda,Trochida,Margaritesidae,Margarites,,pupillus,
CAIDBLP-Eureka,Neostylidium eschrichtii,Species,Dean Pentcheff,pentcheff@nhm.org ,Inventory,744620,Neostylidium eschrichtii,Animalia,Mollusca,Gastropoda,Caenogastropoda incertae sedis,Cerithiidae,Neostylidium,,eschrichtii,
CAIDBLP-Eureka,Neostylidium eschrichtii,Species,Dean Pentcheff,pentcheff@nhm.org ,Inventory,744620,Neostylidium eschrichtii,Animalia,Mollusca,Gastropoda,Caenogastropoda incertae sedis,Cerithiidae,Neostylidium,,eschrichtii,
CAIDBLP-Eureka,Nucella ostrina,Species,Dean Pentcheff,pentcheff@nhm.org ,Inventory,404225,Nucella ostrina,Animalia,Mollusca,Gastropoda,Neogastropoda,Muricidae,Nucella,,ostrina,
CAIDBLP-Eureka,Nucella ostrina,Species,Dean Pentcheff,pentcheff@nhm.org ,Inventory,404225,Nucella ostrina,Animalia,Mollusca,Gastropoda,Neogastropoda,Muricidae,Nucella,,ostrina,
CAIDBLP-Eureka,Nucella ostrina,Species,Dean Pentcheff,pentcheff@nhm.org ,Inventory,404225,Nucella ostrina,Animalia,Mollusca,Gastropoda,Neogastropoda,Muricidae,Nucella,,ostrina,
CAIDBLP-Eureka,Nucella ostrina,Species,Dean Pentcheff,pentcheff@nhm.org ,Inventory,404225,Nucella ostrina,Animalia,Mollusca,Gastropoda,Neogastropoda,Muricidae,Nucella,,ostrina,
CAIDBLP-Eureka,Lottia digitalis?,Species,Dean Pentcheff,pentcheff@nhm.org ,Inventory,456588,Lottia digitalis,Animalia,Mollusca,Gastropoda,Nacellida,Lottiidae,Lottia,,digitalis,
CAIDBLP-Eureka,Lottia digitalis?,Species,Dean Pentcheff,pentcheff@nhm.org ,Inventory,456588,Lottia digitalis,Animalia,Mollusca,Gastropoda,Nacellida,Lottiidae,Lottia,,digitalis,
CAIDBLP-Eureka,Lottia digitalis?,Species,Dean Pentcheff,pentcheff@nhm.org ,Inventory,456588,Lottia digitalis,Animalia,Mollusca,Gastropoda,Nacellida,Lottiidae,Lottia,,digitalis,
CAIDBLP-Eureka,Lottia digitalis?,Species,Dean Pentcheff,pentcheff@nhm.org ,Inventory,456588,Lottia digitalis,Animalia,Mollusca,Gastropoda,Nacellida,Lottiidae,Lottia,,digitalis,
CAIDBLP-Eureka,Vejdovskya? sp. 1,Genus,Dean Pentcheff,pentcheff@nhm.org ,Inventory,142296,Vejdovskya,Animalia,Platyhelminthes,,Rhabdocoela,Provorticidae,Vejdovskya,,,
CAIDBLP-Eureka,Proseriata sp. 2,Higher,Dean Pentcheff,pentcheff@nhm.org ,Inventory,142027,Proseriata,Animalia,Platyhelminthes,,Proseriata,,,,,
CAIDBLP-Eureka,Vejdovskya? sp. 1,Genus,Dean Pentcheff,pentcheff@nhm.org ,Inventory,142296,Vejdovskya,Animalia,Platyhelminthes,,Rhabdocoela,Provorticidae,Vejdovskya,,,
CAIDBLP-Eureka,Schizorhynchia sp. 2,Higher,Dean Pentcheff,pentcheff@nhm.org ,Inventory,155663,Schizorhynchia,Animalia,Platyhelminthes,,Rhabdocoela,,,,,
CAIDBLP-Eureka,Vejdovskya sp. 1,Genus,Dean Pentcheff,pentcheff@nhm.org ,Inventory,142296,Vejdovskya,Animalia,Platyhelminthes,,Rhabdocoela,Provorticidae,Vejdovskya,,,
CAIDBLP-Eureka,Cicerina sp. 1,Genus,Dean Pentcheff,pentcheff@nhm.org ,Inventory,142311,Cicerina,Animalia,Platyhelminthes,,Rhabdocoela,Cicerinidae,Cicerina,,,
CAIDBLP-Eureka,Annelida sp. 1,Higher,Dean Pentcheff,pentcheff@nhm.org ,Inventory,882,Annelida,Animalia,Annelida,,,,,,,
CAIDBLP-Eureka,Cicerina sp. 2,Genus,Dean Pentcheff,pentcheff@nhm.org ,Inventory,142311,Cicerina,Animalia,Platyhelminthes,,Rhabdocoela,Cicerinidae,Cicerina,,,
CAIDBLP-Eureka,Vejdovskya sp. 2,Genus,Dean Pentcheff,pentcheff@nhm.org ,Inventory,142296,Vejdovskya,Animalia,Platyhelminthes,,Rhabdocoela,Provorticidae,Vejdovskya,,,
CAIDBLP-Eureka,Cicerina sp. 1,Genus,Dean Pentcheff,pentcheff@nhm.org ,Inventory,142311,Cicerina,Animalia,Platyhelminthes,,Rhabdocoela,Cicerinidae,Cicerina,,,
CAIDBLP-Eureka,Schizorhynchia sp. 2,Higher,Dean Pentcheff,pentcheff@nhm.org ,Inventory,155663,Schizorhynchia,Animalia,Platyhelminthes,,Rhabdocoela,,,,,
CAIDBLP-Eureka,Cheliplana sp. 1,Genus,Dean Pentcheff,pentcheff@nhm.org ,Inventory,142341,Cheliplana,Animalia,Platyhelminthes,,Rhabdocoela,Cheliplanidae,Cheliplana,,,
CAIDBLP-Eureka,Schizorhynchia sp. 2,Higher,Dean Pentcheff,pentcheff@nhm.org ,Inventory,155663,Schizorhynchia,Animalia,Platyhelminthes,,Rhabdocoela,,,,,
CAIDBLP-Eureka,Cicerina sp. 3,Genus,Dean Pentcheff,pentcheff@nhm.org ,Inventory,142311,Cicerina,Animalia,Platyhelminthes,,Rhabdocoela,Cicerinidae,Cicerina,,,
CAIDBLP-Eureka,Cicerina sp. 2,Genus,Dean Pentcheff,pentcheff@nhm.org ,Inventory,142311,Cicerina,Animalia,Platyhelminthes,,Rhabdocoela,Cicerinidae,Cicerina,,,
CAIDBLP-Eureka,Cheliplana sp. 1,Genus,Dean Pentcheff,pentcheff@nhm.org ,Inventory,142341,Cheliplana,Animalia,Platyhelminthes,,Rhabdocoela,Cheliplanidae,Cheliplana,,,
CAIDBLP-Eureka,Schizorhynchidae sp. 2,Family,Dean Pentcheff,pentcheff@nhm.org ,Inventory,142101,Schizorhynchidae,Animalia,Platyhelminthes,,Rhabdocoela,Schizorhynchidae,,,,
CAIDBLP-Eureka,Cheliplana sp. 1,Genus,Dean Pentcheff,pentcheff@nhm.org ,Inventory,142341,Cheliplana,Animalia,Platyhelminthes,,Rhabdocoela,Cheliplanidae,Cheliplana,,,
CAIDBLP-Eureka,Cicerina sp. 1,Genus,Dean Pentcheff,pentcheff@nhm.org ,Inventory,142311,Cicerina,Animalia,Platyhelminthes,,Rhabdocoela,Cicerinidae,Cicerina,,,
CAIDBLP-Eureka,Vejdovskya sp. 1,Genus,Dean Pentcheff,pentcheff@nhm.org ,Inventory,142296,Vejdovskya,Animalia,Platyhelminthes,,Rhabdocoela,Provorticidae,Vejdovskya,,,
CAIDBLP-Eureka,Vejdovskya sp. 1,Genus,Dean Pentcheff,pentcheff@nhm.org ,Inventory,142296,Vejdovskya,Animalia,Platyhelminthes,,Rhabdocoela,Provorticidae,Vejdovskya,,,
CAIDBLP-Eureka,Cheliplana sp. 1,Genus,Dean Pentcheff,pentcheff@nhm.org ,Inventory,142341,Cheliplana,Animalia,Platyhelminthes,,Rhabdocoela,Cheliplanidae,Cheliplana,,,
CAIDBLP-Eureka,Vejdovskya sp. 2,Genus,Dean Pentcheff,pentcheff@nhm.org ,Inventory,142296,Vejdovskya,Animalia,Platyhelminthes,,Rhabdocoela,Provorticidae,Vejdovskya,,,
CAIDBLP-Eureka,Vejdovskya sp. 2,Genus,Dean Pentcheff,pentcheff@nhm.org ,Inventory,142296,Vejdovskya,Animalia,Platyhelminthes,,Rhabdocoela,Provorticidae,Vejdovskya,,,
CAIDBLP-Eureka,Proseriata sp. 1,Higher,Dean Pentcheff,pentcheff@nhm.org ,Inventory,142027,Proseriata,Animalia,Platyhelminthes,,Proseriata,,,,,
CAIDBLP-Eureka,Cicerina sp. 2,Genus,Dean Pentcheff,pentcheff@nhm.org ,Inventory,142311,Cicerina,Animalia,Platyhelminthes,,Rhabdocoela,Cicerinidae,Cicerina,,,
CAIDBLP-Eureka,Cicerina sp. 1,Genus,Dean Pentcheff,pentcheff@nhm.org ,Inventory,142311,Cicerina,Animalia,Platyhelminthes,,Rhabdocoela,Cicerinidae,Cicerina,,,
CAIDBLP-Eureka,Cicerina bicirrata,Species,Dean Pentcheff,pentcheff@nhm.org ,Inventory,155882,Cicerina bicirrata,Animalia,Platyhelminthes,,Rhabdocoela,Cicerinidae,Cicerina,,bicirrata,
CAIDBLP-Eureka,Cicerina bicirrata,Species,Dean Pentcheff,pentcheff@nhm.org ,Inventory,155882,Cicerina bicirrata,Animalia,Platyhelminthes,,Rhabdocoela,Cicerinidae,Cicerina,,bicirrata,
CAIDBLP-Eureka,Cicerina bicirrata,Species,Dean Pentcheff,pentcheff@nhm.org ,Inventory,155882,Cicerina bicirrata,Animalia,Platyhelminthes,,Rhabdocoela,Cicerinidae,Cicerina,,bicirrata,
CAIDBLP-Eureka,Munna sp. 1,Genus,Dean Pentcheff,pentcheff@nhm.org ,Inventory,118374,Munna,Animalia,Arthropoda,Malacostraca,Isopoda,Munnidae,Munna,,,
CAIDBLP-Eureka,Photis sp. 3,Genus,Dean Pentcheff,pentcheff@nhm.org ,Inventory,101563,Photis,Animalia,Arthropoda,Malacostraca,Amphipoda,Photidae,Photis,,,
CAIDBLP-Eureka,Aoroides columbiae,Species,Dean Pentcheff,pentcheff@nhm.org ,Inventory,488680,Aoroides columbiae,Animalia,Arthropoda,Malacostraca,Amphipoda,Aoridae,Aoroides,,columbiae,
CAIDBLP-Eureka,Aoroides columbiae,Species,Dean Pentcheff,pentcheff@nhm.org ,Inventory,488680,Aoroides columbiae,Animalia,Arthropoda,Malacostraca,Amphipoda,Aoridae,Aoroides,,columbiae,
CAIDBLP-Eureka,Aoroides columbiae,Species,Dean Pentcheff,pentcheff@nhm.org ,Inventory,488680,Aoroides columbiae,Animalia,Arthropoda,Malacostraca,Amphipoda,Aoridae,Aoroides,,columbiae,
CAIDBLP-Eureka,Allorchestes richtersi,Species,Dean Pentcheff,pentcheff@nhm.org ,Inventory,489551,Allorchestes rickeri,Animalia,Arthropoda,Malacostraca,Amphipoda,Dogielinotidae,Allorchestes,,rickeri,
CAIDBLP-Eureka,Allorchestes richtersi,Species,Dean Pentcheff,pentcheff@nhm.org ,Inventory,489551,Allorchestes rickeri,Animalia,Arthropoda,Malacostraca,Amphipoda,Dogielinotidae,Allorchestes,,rickeri,
CAIDBLP-Eureka,Thorlaksonius brevirostris,Species,Dean Pentcheff,pentcheff@nhm.org ,Inventory,549701,Thorlaksonius brevirostris,Animalia,Arthropoda,Malacostraca,Amphipoda,Pleustidae,Thorlaksonius,,brevirostris,
CAIDBLP-Eureka,Thorlaksonius brevirostris,Species,Dean Pentcheff,pentcheff@nhm.org ,Inventory,549701,Thorlaksonius brevirostris,Animalia,Arthropoda,Malacostraca,Amphipoda,Pleustidae,Thorlaksonius,,brevirostris,
CAIDBLP-Eureka,Thorlaksonius brevirostris,Species,Dean Pentcheff,pentcheff@nhm.org ,Inventory,549701,Thorlaksonius brevirostris,Animalia,Arthropoda,Malacostraca,Amphipoda,Pleustidae,Thorlaksonius,,brevirostris,
CAIDBLP-Eureka,Thorlaksonius brevirostris,Species,Dean Pentcheff,pentcheff@nhm.org ,Inventory,549701,Thorlaksonius brevirostris,Animalia,Arthropoda,Malacostraca,Amphipoda,Pleustidae,Thorlaksonius,,brevirostris,
CAIDBLP-Eureka,Thorlaksonius brevirostris,Species,Dean Pentcheff,pentcheff@nhm.org ,Inventory,549701,Thorlaksonius brevirostris,Animalia,Arthropoda,Malacostraca,Amphipoda,Pleustidae,Thorlaksonius,,brevirostris,
CAIDBLP-Eureka,Thorlaksonius subcarinatus,Species,Dean Pentcheff,pentcheff@nhm.org ,Inventory,549710,Thorlaksonius subcarinatus,Animalia,Arthropoda,Malacostraca,Amphipoda,Pleustidae,Thorlaksonius,,subcarinatus,
CAIDBLP-Eureka,Thorlaksonius subcarinatus,Species,Dean Pentcheff,pentcheff@nhm.org ,Inventory,549710,Thorlaksonius subcarinatus,Animalia,Arthropoda,Malacostraca,Amphipoda,Pleustidae,Thorlaksonius,,subcarinatus,
CAIDBLP-Eureka,Paracalliopiella pratti,Species,Dean Pentcheff,pentcheff@nhm.org ,Inventory,430753,Paracalliopiella pratti,Animalia,Arthropoda,Malacostraca,Amphipoda,Calliopiidae,Paracalliopiella,,pratti,
CAIDBLP-Eureka,Paracalliopiella pratti,Species,Dean Pentcheff,pentcheff@nhm.org ,Inventory,430753,Paracalliopiella pratti,Animalia,Arthropoda,Malacostraca,Amphipoda,Calliopiidae,Paracalliopiella,,pratti,
CAIDBLP-Eureka,Paracalliopiella pratti,Species,Dean Pentcheff,pentcheff@nhm.org ,Inventory,430753,Paracalliopiella pratti,Animalia,Arthropoda,Malacostraca,Amphipoda,Calliopiidae,Paracalliopiella,,pratti,
CAIDBLP-Eureka,Allorchestes richtersi,Species,Dean Pentcheff,pentcheff@nhm.org ,Inventory,489551,Allorchestes rickeri,Animalia,Arthropoda,Malacostraca,Amphipoda,Dogielinotidae,Allorchestes,,rickeri,
CAIDBLP-Eureka,Accedomoera vagor,Species,Dean Pentcheff,pentcheff@nhm.org ,Inventory,550289,Accedomoera vagor,Animalia,Arthropoda,Malacostraca,Amphipoda,Pontogeneiidae,Accedomoera,,vagor,
CAIDBLP-Eureka,Accedomoera vagor,Species,Dean Pentcheff,pentcheff@nhm.org ,Inventory,550289,Accedomoera vagor,Animalia,Arthropoda,Malacostraca,Amphipoda,Pontogeneiidae,Accedomoera,,vagor,
CAIDBLP-Eureka,Protohyale longipalpa,Species,Dean Pentcheff,pentcheff@nhm.org ,Inventory,387497,Protohyale (Leptohyale) longipalpa,Animalia,Arthropoda,Malacostraca,Amphipoda,Hyalidae,Protohyale,Leptohyale,longipalpa,
CAIDBLP-Eureka,Apolochus barnardi,Species,Dean Pentcheff,pentcheff@nhm.org ,Inventory,488405,Apolochus barnardi,Animalia,Arthropoda,Malacostraca,Amphipoda,Amphilochidae,Apolochus,,barnardi,
CAIDBLP-Eureka,Parallorchestes cowani,Species,Dean Pentcheff,pentcheff@nhm.org ,Inventory,395440,Parallorchestes cowani,Animalia,Arthropoda,Malacostraca,Amphipoda,Hyalidae,Parallorchestes,,cowani,
CAIDBLP-Eureka,Parallorchestes cowani,Species,Dean Pentcheff,pentcheff@nhm.org ,Inventory,395440,Parallorchestes cowani,Animalia,Arthropoda,Malacostraca,Amphipoda,Hyalidae,Parallorchestes,,cowani,
CAIDBLP-Eureka,Photis bifurcata,Species,Dean Pentcheff,pentcheff@nhm.org ,Inventory,548640,Photis bifurcata,Animalia,Arthropoda,Malacostraca,Amphipoda,Photidae,Photis,,bifurcata,
CAIDBLP-Eureka,Photis bifurcata,Species,Dean Pentcheff,pentcheff@nhm.org ,Inventory,548640,Photis bifurcata,Animalia,Arthropoda,Malacostraca,Amphipoda,Photidae,Photis,,bifurcata,
CAIDBLP-Eureka,Jassa shawi,Species,Dean Pentcheff,pentcheff@nhm.org ,Inventory,491724,Jassa shawi,Animalia,Arthropoda,Malacostraca,Amphipoda,Ischyroceridae,Jassa,,shawi,
CAIDBLP-Eureka,Parallorchestes cowani,Species,Dean Pentcheff,pentcheff@nhm.org ,Inventory,395440,Parallorchestes cowani,Animalia,Arthropoda,Malacostraca,Amphipoda,Hyalidae,Parallorchestes,,cowani,
CAIDBLP-Eureka,Parallorchestes cowani,Species,Dean Pentcheff,pentcheff@nhm.org ,Inventory,395440,Parallorchestes cowani,Animalia,Arthropoda,Malacostraca,Amphipoda,Hyalidae,Parallorchestes,,cowani,
CAIDBLP-Eureka,Parallorchestes cowani,Species,Dean Pentcheff,pentcheff@nhm.org ,Inventory,395440,Parallorchestes cowani,Animalia,Arthropoda,Malacostraca,Amphipoda,Hyalidae,Parallorchestes,,cowani,
CAIDBLP-Eureka,Lottia pelta?,Species,Dean Pentcheff,pentcheff@nhm.org ,Inventory,456602,Lottia pelta,Animalia,Mollusca,Gastropoda,Nacellida,Lottiidae,Lottia,,pelta,
CAIDBLP-Eureka,Lottia pelta?,Species,Dean Pentcheff,pentcheff@nhm.org ,Inventory,456602,Lottia pelta,Animalia,Mollusca,Gastropoda,Nacellida,Lottiidae,Lottia,,pelta,
CAIDBLP-Eureka,Littorina scutulata?,Species,Dean Pentcheff,pentcheff@nhm.org ,Inventory,445657,Littorina scutulata,Animalia,Mollusca,Gastropoda,Littorinimorpha,Littorinidae,Littorina,,scutulata,
CAIDBLP-Eureka,Littorina scutulata?,Species,Dean Pentcheff,pentcheff@nhm.org ,Inventory,445657,Littorina scutulata,Animalia,Mollusca,Gastropoda,Littorinimorpha,Littorinidae,Littorina,,scutulata,
CAIDBLP-Eureka,Littorina scutulata?,Species,Dean Pentcheff,pentcheff@nhm.org ,Inventory,445657,Littorina scutulata,Animalia,Mollusca,Gastropoda,Littorinimorpha,Littorinidae,Littorina,,scutulata,
CAIDBLP-Eureka,Littorina scutulata?,Species,Dean Pentcheff,pentcheff@nhm.org ,Inventory,445657,Littorina scutulata,Animalia,Mollusca,Gastropoda,Littorinimorpha,Littorinidae,Littorina,,scutulata,
CAIDBLP-Eureka,Leucosolenia,Genus,Dean Pentcheff,pentcheff@nhm.org ,Inventory,131715,Leucosolenia,Animalia,Porifera,Calcarea,Leucosolenida,Leucosoleniidae,Leucosolenia,,,
CAIDBLP-Eureka,Granulina margaritula,Species,Dean Pentcheff,pentcheff@nhm.org ,Inventory,550134,Granulina margaritula,Animalia,Mollusca,Gastropoda,Neogastropoda,Marginellidae,Granulina,,margaritula,
CAIDBLP-Eureka,Granulina margaritula,Species,Dean Pentcheff,pentcheff@nhm.org ,Inventory,550134,Granulina margaritula,Animalia,Mollusca,Gastropoda,Neogastropoda,Marginellidae,Granulina,,margaritula,
CAIDBLP-Eureka,Granulina margaritula,Species,Dean Pentcheff,pentcheff@nhm.org ,Inventory,550134,Granulina margaritula,Animalia,Mollusca,Gastropoda,Neogastropoda,Marginellidae,Granulina,,margaritula,
CAIDBLP-Eureka,Granulina margaritula,Species,Dean Pentcheff,pentcheff@nhm.org ,Inventory,550134,Granulina margaritula,Animalia,Mollusca,Gastropoda,Neogastropoda,Marginellidae,Granulina,,margaritula,
CAIDBLP-Eureka,Searlesia dira,Species,Dean Pentcheff,pentcheff@nhm.org ,Inventory,719180,Searlesia dira,Animalia,Mollusca,Gastropoda,Neogastropoda,Buccinoidea incertae sedis,Searlesia,,dira,
CAIDBLP-Eureka,Searlesia dira,Species,Dean Pentcheff,pentcheff@nhm.org ,Inventory,719180,Searlesia dira,Animalia,Mollusca,Gastropoda,Neogastropoda,Buccinoidea incertae sedis,Searlesia,,dira,
CAIDBLP-Eureka,Leukoma staminea,Species,Dean Pentcheff,pentcheff@nhm.org ,Inventory,507737,Leukoma staminea,Animalia,Mollusca,Bivalvia,Venerida,Veneridae,Leukoma,,staminea,
CAIDBLP-Eureka,Gnorimosphaeroma,Genus,Dean Pentcheff,pentcheff@nhm.org ,Inventory,248784,Gnorimosphaeroma,Animalia,Arthropoda,Malacostraca,Isopoda,Sphaeromatidae,Gnorimosphaeroma,,,
CAIDBLP-Eureka,Gnorimosphaeroma,Genus,Dean Pentcheff,pentcheff@nhm.org ,Inventory,248784,Gnorimosphaeroma,Animalia,Arthropoda,Malacostraca,Isopoda,Sphaeromatidae,Gnorimosphaeroma,,,
CAIDBLP-Eureka,Hyas lyratus? juv.,Species,Dean Pentcheff,pentcheff@nhm.org ,Inventory,442167,Hyas lyratus,Animalia,Arthropoda,Malacostraca,Decapoda,Oregoniidae,Hyas,,lyratus,
CAIDBLP-Eureka,Callianax biplicata,Species,Dean Pentcheff,pentcheff@nhm.org ,Inventory,1424883,Callianax biplicata,Animalia,Mollusca,Gastropoda,Neogastropoda,Olividae,Callianax,,biplicata,
CAIDBLP-Eureka,Callianax biplicata,Species,Dean Pentcheff,pentcheff@nhm.org ,Inventory,1424883,Callianax biplicata,Animalia,Mollusca,Gastropoda,Neogastropoda,Olividae,Callianax,,biplicata,
CAIDBLP-Eureka,Haliclystus sanjuanensis,Species,Dean Pentcheff,pentcheff@nhm.org ,Inventory,1718121,Haliclystus sanjuanensis,Animalia,Cnidaria,Staurozoa,Stauromedusae,Haliclystidae,Haliclystus,,sanjuanensis,
CAIDBLP-Eureka,Neostylidium eschrichtii,Species,Dean Pentcheff,pentcheff@nhm.org ,Inventory,744620,Neostylidium eschrichtii,Animalia,Mollusca,Gastropoda,Caenogastropoda incertae sedis,Cerithiidae,Neostylidium,,eschrichtii,
CAIDBLP-Eureka,Epitonium,Genus,Dean Pentcheff,pentcheff@nhm.org ,Inventory,137943,Epitonium,Animalia,Mollusca,Gastropoda,Caenogastropoda incertae sedis,Epitoniidae,Epitonium,,,
CAIDBLP-Eureka,Epitonium,Genus,Dean Pentcheff,pentcheff@nhm.org ,Inventory,137943,Epitonium,Animalia,Mollusca,Gastropoda,Caenogastropoda incertae sedis,Epitoniidae,Epitonium,,,
CAIDBLP-Eureka,Crangon,Genus,Dean Pentcheff,pentcheff@nhm.org ,Inventory,107007,Crangon,Animalia,Arthropoda,Malacostraca,Decapoda,Crangonidae,Crangon,,,
CAIDBLP-Eureka,"Urticina ""lofotensis""",Genus,Dean Pentcheff,pentcheff@nhm.org ,Inventory,100706,Urticina,Animalia,Cnidaria,Hexacorallia,Actiniaria,Tealidae,Urticina,,,
CAIDBLP-Eureka,Amphiuridae,Family,Dean Pentcheff,pentcheff@nhm.org ,Inventory,123206,Amphiuridae,Animalia,Echinodermata,Ophiuroidea,Amphilepidida,Amphiuridae,,,,
CAIDBLP-Eureka,Hemigrapsus nudus,Species,Dean Pentcheff,pentcheff@nhm.org ,Inventory,444776,Hemigrapsus nudus,Animalia,Arthropoda,Malacostraca,Decapoda,Varunidae,Hemigrapsus,,nudus,
CAIDBLP-Eureka,Pododesmus macrochisma,Species,Dean Pentcheff,pentcheff@nhm.org ,Inventory,758426,Pododesmus macrochisma,Animalia,Mollusca,Bivalvia,Pectinida,Anomiidae,Pododesmus,,macrochisma,
CAIDBLP-Eureka,Leptasterias,Genus,Dean Pentcheff,pentcheff@nhm.org ,Inventory,123222,Leptasterias,Animalia,Echinodermata,Asteroidea,Forcipulatida,Asteriidae,Leptasterias,,,
CAIDBLP-Eureka,Leptasterias,Genus,Dean Pentcheff,pentcheff@nhm.org ,Inventory,123222,Leptasterias,Animalia,Echinodermata,Asteroidea,Forcipulatida,Asteriidae,Leptasterias,,,
CAIDBLP-Eureka,Heptacarpus brevirostris,Species,Dean Pentcheff,pentcheff@nhm.org ,Inventory,515244,Heptacarpus brevirostris,Animalia,Arthropoda,Malacostraca,Decapoda,Thoridae,Heptacarpus,,brevirostris,
CAIDBLP-Eureka,Heptacarpus brevirostris,Species,Dean Pentcheff,pentcheff@nhm.org ,Inventory,515244,Heptacarpus brevirostris,Animalia,Arthropoda,Malacostraca,Decapoda,Thoridae,Heptacarpus,,brevirostris,
CAIDBLP-Eureka,Heptacarpus brevirostris,Species,Dean Pentcheff,pentcheff@nhm.org ,Inventory,515244,Heptacarpus brevirostris,Animalia,Arthropoda,Malacostraca,Decapoda,Thoridae,Heptacarpus,,brevirostris,
CAIDBLP-Eureka,Heptacarpus brevirostris,Species,Dean Pentcheff,pentcheff@nhm.org ,Inventory,515244,Heptacarpus brevirostris,Animalia,Arthropoda,Malacostraca,Decapoda,Thoridae,Heptacarpus,,brevirostris,
CAIDBLP-Eureka,Heptacarpus brevirostris,Species,Dean Pentcheff,pentcheff@nhm.org ,Inventory,515244,Heptacarpus brevirostris,Animalia,Arthropoda,Malacostraca,Decapoda,Thoridae,Heptacarpus,,brevirostris,
CAIDBLP-Eureka,Heptacarpus brevirostris,Species,Dean Pentcheff,pentcheff@nhm.org ,Inventory,515244,Heptacarpus brevirostris,Animalia,Arthropoda,Malacostraca,Decapoda,Thoridae,Heptacarpus,,brevirostris,
CAIDBLP-Eureka,Tegula brunnea,Species,Dean Pentcheff,pentcheff@nhm.org ,Inventory,534187,Tegula brunnea,Animalia,Mollusca,Gastropoda,Trochida,Tegulidae,Tegula,,brunnea,
CAIDBLP-Eureka,Tegula brunnea,Species,Dean Pentcheff,pentcheff@nhm.org ,Inventory,534187,Tegula brunnea,Animalia,Mollusca,Gastropoda,Trochida,Tegulidae,Tegula,,brunnea,
CAIDBLP-Eureka,Tegula brunnea,Species,Dean Pentcheff,pentcheff@nhm.org ,Inventory,534187,Tegula brunnea,Animalia,Mollusca,Gastropoda,Trochida,Tegulidae,Tegula,,brunnea,
CAIDBLP-Eureka,Tegula funebralis,Species,Dean Pentcheff,pentcheff@nhm.org ,Inventory,534190,Tegula funebralis,Animalia,Mollusca,Gastropoda,Trochida,Tegulidae,Tegula,,funebralis,
CAIDBLP-Eureka,Tegula funebralis,Species,Dean Pentcheff,pentcheff@nhm.org ,Inventory,534190,Tegula funebralis,Animalia,Mollusca,Gastropoda,Trochida,Tegulidae,Tegula,,funebralis,
CAIDBLP-Eureka,Tegula funebralis,Species,Dean Pentcheff,pentcheff@nhm.org ,Inventory,534190,Tegula funebralis,Animalia,Mollusca,Gastropoda,Trochida,Tegulidae,Tegula,,funebralis,
CAIDBLP-Eureka,Calliostoma ligatum,Species,Dean Pentcheff,pentcheff@nhm.org ,Inventory,580412,Calliostoma ligatum,Animalia,Mollusca,Gastropoda,Trochida,Calliostomatidae,Calliostoma,,ligatum,
CAIDBLP-Eureka,Acmaea mitra,Species,Dean Pentcheff,pentcheff@nhm.org ,Inventory,456582,Acmaea mitra,Animalia,Mollusca,Gastropoda,Nacellida,Acmaeidae,Acmaea,,mitra,
CAIDBLP-Eureka,Margarites pupillus,Species,Dean Pentcheff,pentcheff@nhm.org ,Inventory,528731,Margarites pupillus,Animalia,Mollusca,Gastropoda,Trochida,Margaritesidae,Margarites,,pupillus,
CAIDBLP-Eureka,Katharina tunicata,Species,Dean Pentcheff,pentcheff@nhm.org ,Inventory,386338,Katharina tunicata,Animalia,Mollusca,Polyplacophora,Chitonida,Mopaliidae,Katharina,,tunicata,
CAIDBLP-Eureka,Katharina tunicata,Species,Dean Pentcheff,pentcheff@nhm.org ,Inventory,386338,Katharina tunicata,Animalia,Mollusca,Polyplacophora,Chitonida,Mopaliidae,Katharina,,tunicata,
CAIDBLP-Eureka,Katharina tunicata,Species,Dean Pentcheff,pentcheff@nhm.org ,Inventory,386338,Katharina tunicata,Animalia,Mollusca,Polyplacophora,Chitonida,Mopaliidae,Katharina,,tunicata,
CAIDBLP-Eureka,Cryptochiton stelleri,Species,Dean Pentcheff,pentcheff@nhm.org ,Inventory,240776,Cryptochiton stelleri,Animalia,Mollusca,Polyplacophora,Chitonida,Mopaliidae,Cryptochiton,,stelleri,
CAIDBLP-Eureka,Cryptochiton stelleri,Species,Dean Pentcheff,pentcheff@nhm.org ,Inventory,240776,Cryptochiton stelleri,Animalia,Mollusca,Polyplacophora,Chitonida,Mopaliidae,Cryptochiton,,stelleri,
CAIDBLP-Eureka,Diodora aspera,Species,Dean Pentcheff,pentcheff@nhm.org ,Inventory,367955,Diodora aspera,Animalia,Mollusca,Gastropoda,Lepetellida,Fissurellidae,Diodora,,aspera,
CAIDBLP-Eureka,Mytilus californianus,Species,Dean Pentcheff,pentcheff@nhm.org ,Inventory,367837,Mytilus californianus,Animalia,Mollusca,Bivalvia,Mytilida,Mytilidae,Mytilus,,californianus,
CAIDBLP-Eureka,Mytilus californianus,Species,Dean Pentcheff,pentcheff@nhm.org ,Inventory,367837,Mytilus californianus,Animalia,Mollusca,Bivalvia,Mytilida,Mytilidae,Mytilus,,californianus,
CAIDBLP-Eureka,Lottia scutum,Species,Dean Pentcheff,pentcheff@nhm.org ,Inventory,456605,Lottia scutum,Animalia,Mollusca,Gastropoda,Nacellida,Lottiidae,Lottia,,scutum,
CAIDBLP-Eureka,Lottia scutum,Species,Dean Pentcheff,pentcheff@nhm.org ,Inventory,456605,Lottia scutum,Animalia,Mollusca,Gastropoda,Nacellida,Lottiidae,Lottia,,scutum,
CAIDBLP-Eureka,Lottia scutum,Species,Dean Pentcheff,pentcheff@nhm.org ,Inventory,456605,Lottia scutum,Animalia,Mollusca,Gastropoda,Nacellida,Lottiidae,Lottia,,scutum,
CAIDBLP-Eureka,Lottia pelta,Species,Dean Pentcheff,pentcheff@nhm.org ,Inventory,456602,Lottia pelta,Animalia,Mollusca,Gastropoda,Nacellida,Lottiidae,Lottia,,pelta,
CAIDBLP-Eureka,Lottia pelta,Species,Dean Pentcheff,pentcheff@nhm.org ,Inventory,456602,Lottia pelta,Animalia,Mollusca,Gastropoda,Nacellida,Lottiidae,Lottia,,pelta,
CAIDBLP-Eureka,Mopalia lignosa,Species,Dean Pentcheff,pentcheff@nhm.org ,Inventory,386349,Mopalia lignosa,Animalia,Mollusca,Polyplacophora,Chitonida,Mopaliidae,Mopalia,,lignosa,
CAIDBLP-Eureka,Mopalia lignosa,Species,Dean Pentcheff,pentcheff@nhm.org ,Inventory,386349,Mopalia lignosa,Animalia,Mollusca,Polyplacophora,Chitonida,Mopaliidae,Mopalia,,lignosa,
CAIDBLP-Eureka,Hermissenda crassicornis,Species,Dean Pentcheff,pentcheff@nhm.org ,Inventory,367883,Hermissenda crassicornis,Animalia,Mollusca,Gastropoda,Nudibranchia,Myrrhinidae,Hermissenda,,crassicornis,
CAIDBLP-Eureka,Diaphorodoris lirulatocauda,Species,Dean Pentcheff,pentcheff@nhm.org ,Inventory,581691,Diaphorodoris lirulatocauda,Animalia,Mollusca,Gastropoda,Doridida,Calycidorididae,Diaphorodoris,,lirulatocauda,
CAIDBLP-Eureka,Tenellia albocrusta,Species,Dean Pentcheff,pentcheff@nhm.org ,Inventory,986813,Tenellia albocrusta,Animalia,Mollusca,Gastropoda,Nudibranchia,Trinchesiidae,Tenellia,,albocrusta,
CAIDBLP-Eureka,Rictaxis punctocaelatus,Species,Dean Pentcheff,pentcheff@nhm.org ,Inventory,581391,Rictaxis punctocaelatus,Animalia,Mollusca,Gastropoda,,Acteonidae,Rictaxis,,punctocaelatus,
CAIDBLP-Eureka,Onchidella carpenteri,Species,Dean Pentcheff,pentcheff@nhm.org ,Inventory,509922,Onchidella carpenteri,Animalia,Mollusca,Gastropoda,Systellommatophora,Onchidiidae,Onchidella,,carpenteri,
CAIDBLP-Eureka,Crimora coneja,Species,Dean Pentcheff,pentcheff@nhm.org ,Inventory,531200,Crimora coneja,Animalia,Mollusca,Gastropoda,Doridida,Polyceridae,Crimora,,coneja,
CAIDBLP-Eureka,Doris montereyensis,Species,Dean Pentcheff,pentcheff@nhm.org ,Inventory,581816,Doris montereyensis,Animalia,Mollusca,Gastropoda,Doridida,Dorididae,Doris,,montereyensis,
CAIDBLP-Eureka,Rostanga pulchra,Species,Dean Pentcheff,pentcheff@nhm.org ,Inventory,533391,Rostanga pulchra,Animalia,Mollusca,Gastropoda,Doridida,Discodorididae,Rostanga,,pulchra,
CAIDBLP-Eureka,Acanthodoris rhodocerous,Species,Dean Pentcheff,pentcheff@nhm.org ,Inventory,535687,Acanthodoris rhodoceras,Animalia,Mollusca,Gastropoda,Doridida,Acanthodorididae,Acanthodoris,,rhodoceras,
CAIDBLP-Eureka,Aeolidia loui,Species,Dean Pentcheff,pentcheff@nhm.org ,Inventory,880372,Aeolidia loui,Animalia,Mollusca,Gastropoda,Nudibranchia,Aeolidiidae,Aeolidia,,loui,
CAIDBLP-Eureka,Cirratulidae,Family,Dean Pentcheff,pentcheff@nhm.org ,Inventory,919,Cirratulidae,Animalia,Annelida,Polychaeta,Terebellida,Cirratulidae,,,,
CAIDBLP-Eureka,Onchidoris muricata,Species,Dean Pentcheff,pentcheff@nhm.org ,Inventory,140640,Onchidoris muricata,Animalia,Mollusca,Gastropoda,Doridida,Onchidorididae,Onchidoris,,muricata,
CAIDBLP-Eureka,Pycnopodia helianthoides,Species,Dean Pentcheff,pentcheff@nhm.org ,Inventory,240764,Pycnopodia helianthoides,Animalia,Echinodermata,Asteroidea,Forcipulatida,Asteriidae,Pycnopodia,,helianthoides,
CAIDBLP-Eureka,Cuthona rolleri,Species,Dean Pentcheff,pentcheff@nhm.org ,Inventory,581886,Cuthona rolleri,Animalia,Mollusca,Gastropoda,Nudibranchia,Cuthonidae,Cuthona,,rolleri,
CAIDBLP-Eureka,Rictaxis punctocaelatus,Species,Dean Pentcheff,pentcheff@nhm.org ,Inventory,581391,Rictaxis punctocaelatus,Animalia,Mollusca,Gastropoda,,Acteonidae,Rictaxis,,punctocaelatus,
CAIDBLP-Eureka,Doris montereyensis,Species,Dean Pentcheff,pentcheff@nhm.org ,Inventory,581816,Doris montereyensis,Animalia,Mollusca,Gastropoda,Doridida,Dorididae,Doris,,montereyensis,
CAIDBLP-Eureka,Hermissenda opalescens,Species,Dean Pentcheff,pentcheff@nhm.org ,Inventory,877759,Hermissenda opalescens,Animalia,Mollusca,Gastropoda,Nudibranchia,Myrrhinidae,Hermissenda,,opalescens,
CAIDBLP-Eureka,Hermissenda crassicornis,Species,Dean Pentcheff,pentcheff@nhm.org ,Inventory,367883,Hermissenda crassicornis,Animalia,Mollusca,Gastropoda,Nudibranchia,Myrrhinidae,Hermissenda,,crassicornis,
CAIDBLP-Eureka,Phyllaplysia taylori,Species,Dean Pentcheff,pentcheff@nhm.org ,Inventory,568034,Phyllaplysia taylori,Animalia,Mollusca,Gastropoda,Aplysiida,Aplysiidae,Phyllaplysia,,taylori,
CAIDBLP-Eureka,Rostanga pulchra,Species,Dean Pentcheff,pentcheff@nhm.org ,Inventory,533391,Rostanga pulchra,Animalia,Mollusca,Gastropoda,Doridida,Discodorididae,Rostanga,,pulchra,
CAIDBLP-Eureka,Dendronotus venustus,Species,Dean Pentcheff,pentcheff@nhm.org ,Inventory,548249,Dendronotus venustus,Animalia,Mollusca,Gastropoda,Nudibranchia,Dendronotidae,Dendronotus,,venustus,
CAIDBLP-Eureka,Triopha maculata,Species,Dean Pentcheff,pentcheff@nhm.org ,Inventory,531262,Triopha maculata,Animalia,Mollusca,Gastropoda,Doridida,Polyceridae,Triopha,,maculata,
CAIDBLP-Eureka,Hermissenda crassicornis,Species,Dean Pentcheff,pentcheff@nhm.org ,Inventory,367883,Hermissenda crassicornis,Animalia,Mollusca,Gastropoda,Nudibranchia,Myrrhinidae,Hermissenda,,crassicornis,
CAIDBLP-Eureka,Acanthodoris rhodocerus,Species,Dean Pentcheff,pentcheff@nhm.org ,Inventory,535687,Acanthodoris rhodoceras,Animalia,Mollusca,Gastropoda,Doridida,Acanthodorididae,Acanthodoris,,rhodoceras,
CAIDBLP-Eureka,Acanthodoris hudsoni,Species,Dean Pentcheff,pentcheff@nhm.org ,Inventory,581689,Acanthodoris hudsoni,Animalia,Mollusca,Gastropoda,Doridida,Acanthodorididae,Acanthodoris,,hudsoni,
CAIDBLP-Eureka,Corambe steinbergae,Species,Dean Pentcheff,pentcheff@nhm.org ,Inventory,535679,Corambe steinbergae,Animalia,Mollusca,Gastropoda,Doridida,Corambidae,Corambe,,steinbergae,
CAIDBLP-Eureka,,,Dean Pentcheff,pentcheff@nhm.org ,Inventory,,,,,,,,,,,
CAIDBLP-Eureka,Coryphella fisheri,Species,Dean Pentcheff,pentcheff@nhm.org ,Inventory,1044782,Coryphella fisheri,Animalia,Mollusca,Gastropoda,Nudibranchia,Flabellinidae,Coryphella,,fisheri,
CAIDBLP-Eureka,Coryphella fisheri,Species,Dean Pentcheff,pentcheff@nhm.org ,Inventory,1044782,Coryphella fisheri,Animalia,Mollusca,Gastropoda,Nudibranchia,Flabellinidae,Coryphella,,fisheri,
CAIDBLP-Eureka,Placida pacifica,Genus,Dean Pentcheff,pentcheff@nhm.org ,Inventory,138524,Placida,Animalia,Mollusca,Gastropoda,,Limapontiidae,Placida,,,
CAIDBLP-Eureka,Leptasterias,Genus,Dean Pentcheff,pentcheff@nhm.org ,Inventory,123222,Leptasterias,Animalia,Echinodermata,Asteroidea,Forcipulatida,Asteriidae,Leptasterias,,,
CAIDBLP-Eureka,Epiactis prolifera,Species,Dean Pentcheff,pentcheff@nhm.org ,Inventory,283435,Epiactis prolifera,Animalia,Cnidaria,Hexacorallia,Actiniaria,Actiniidae,Epiactis,,prolifera,
CAIDBLP-Eureka,Balanus nubilis,Species,Dean Pentcheff,pentcheff@nhm.org ,Inventory,594745,Balanus nubilus,Animalia,Arthropoda,Thecostraca,Balanomorpha,Balanidae,Balanus,,nubilus,
CAIDBLP-Eureka,Idotea wosnesenskii,Species,Dean Pentcheff,pentcheff@nhm.org ,Inventory,711956,Idotea wosnesenskii,Animalia,Arthropoda,Malacostraca,Isopoda,Idoteidae,Idotea,,wosnesenskii,
CAIDBLP-Eureka,Rocinela,Genus,Dean Pentcheff,pentcheff@nhm.org ,Inventory,118396,Rocinela,Animalia,Arthropoda,Malacostraca,Isopoda,Aegidae,Rocinela,,,
CAIDBLP-Eureka,Idotea wosnesenskii,Species,Dean Pentcheff,pentcheff@nhm.org ,Inventory,711956,Idotea wosnesenskii,Animalia,Arthropoda,Malacostraca,Isopoda,Idoteidae,Idotea,,wosnesenskii,
CAIDBLP-Eureka,Bryozoa,Higher,Dean Pentcheff,pentcheff@nhm.org ,Inventory,146142,Bryozoa,Animalia,Bryozoa,,,,,,,
CAIDBLP-Eureka,Leptasterias,Genus,Dean Pentcheff,pentcheff@nhm.org ,Inventory,123222,Leptasterias,Animalia,Echinodermata,Asteroidea,Forcipulatida,Asteriidae,Leptasterias,,,
CAIDBLP-Eureka,Henricia A,Genus,Dean Pentcheff,pentcheff@nhm.org ,Inventory,123276,Henricia,Animalia,Echinodermata,Asteroidea,Spinulosida,Echinasteridae,Henricia,,,
CAIDBLP-Eureka,Henricia A,Genus,Dean Pentcheff,pentcheff@nhm.org ,Inventory,123276,Henricia,Animalia,Echinodermata,Asteroidea,Spinulosida,Echinasteridae,Henricia,,,
CAIDBLP-Eureka,Henricia A,Genus,Dean Pentcheff,pentcheff@nhm.org ,Inventory,123276,Henricia,Animalia,Echinodermata,Asteroidea,Spinulosida,Echinasteridae,Henricia,,,
CAIDBLP-Eureka,Henricia A,Genus,Dean Pentcheff,pentcheff@nhm.org ,Inventory,123276,Henricia,Animalia,Echinodermata,Asteroidea,Spinulosida,Echinasteridae,Henricia,,,
CAIDBLP-Eureka,Petrolisthes cinctipes,Species,Dean Pentcheff,pentcheff@nhm.org ,Inventory,431841,Petrolisthes cinctipes,Animalia,Arthropoda,Malacostraca,Decapoda,Porcellanidae,Petrolisthes,,cinctipes,
CAIDBLP-Eureka,Petrolisthes cinctipes,Species,Dean Pentcheff,pentcheff@nhm.org ,Inventory,431841,Petrolisthes cinctipes,Animalia,Arthropoda,Malacostraca,Decapoda,Porcellanidae,Petrolisthes,,cinctipes,
CAIDBLP-Eureka,Leptosynapta,Genus,Dean Pentcheff,pentcheff@nhm.org ,Inventory,123449,Leptosynapta,Animalia,Echinodermata,Holothuroidea,Apodida,Synaptidae,Leptosynapta,,,
CAIDBLP-Eureka,Leptosynapta,Genus,Dean Pentcheff,pentcheff@nhm.org ,Inventory,123449,Leptosynapta,Animalia,Echinodermata,Holothuroidea,Apodida,Synaptidae,Leptosynapta,,,
CAIDBLP-Eureka,Ascidiacea,Higher,Dean Pentcheff,pentcheff@nhm.org ,Inventory,1839,Ascidiacea,Animalia,Chordata,Ascidiacea,,,,,,
CAIDBLP-Eureka,Crassadoma gigantea?,Species,Dean Pentcheff,pentcheff@nhm.org ,Inventory,240774,Crassadoma gigantea,Animalia,Mollusca,Bivalvia,Pectinida,Pectinidae,Crassadoma,,gigantea,
CAIDBLP-Eureka,Idotea A,Genus,Dean Pentcheff,pentcheff@nhm.org ,Inventory,118454,Idotea,Animalia,Arthropoda,Malacostraca,Isopoda,Idoteidae,Idotea,,,
CAIDBLP-Eureka,Cucumaria miniata,Species,Dean Pentcheff,pentcheff@nhm.org ,Inventory,225807,Cucumaria miniata,Animalia,Echinodermata,Holothuroidea,Dendrochirotida,Cucumariidae,Cucumaria,,miniata,
CAIDBLP-Eureka,Cucumaria miniata,Species,Dean Pentcheff,pentcheff@nhm.org ,Inventory,225807,Cucumaria miniata,Animalia,Echinodermata,Holothuroidea,Dendrochirotida,Cucumariidae,Cucumaria,,miniata,
CAIDBLP-Eureka,Cucumaria miniata,Species,Dean Pentcheff,pentcheff@nhm.org ,Inventory,225807,Cucumaria miniata,Animalia,Echinodermata,Holothuroidea,Dendrochirotida,Cucumariidae,Cucumaria,,miniata,
CAIDBLP-Eureka,Cucumaria salma?,Species,Dean Pentcheff,pentcheff@nhm.org ,Inventory,529193,Cucumaria salma,Animalia,Echinodermata,Holothuroidea,Dendrochirotida,Cucumariidae,Cucumaria,,salma,
CAIDBLP-Eureka,Heptacarpus,Genus,Dean Pentcheff,pentcheff@nhm.org ,Inventory,248339,Heptacarpus,Animalia,Arthropoda,Malacostraca,Decapoda,Thoridae,Heptacarpus,,,
CAIDBLP-Eureka,Edwardsiidae?,Family,Dean Pentcheff,pentcheff@nhm.org ,Inventory,100665,Edwardsiidae,Animalia,Cnidaria,Hexacorallia,Actiniaria,Edwardsiidae,,,,
CAIDBLP-Eureka,Lottiidae?,Family,Dean Pentcheff,pentcheff@nhm.org ,Inventory,7173,Lottiidae,Animalia,Mollusca,Gastropoda,Nacellida,Lottiidae,,,,
CAIDBLP-Eureka,Glebocarcinus oregonensis,Species,Dean Pentcheff,pentcheff@nhm.org ,Inventory,440384,Glebocarcinus oregonensis,Animalia,Arthropoda,Malacostraca,Decapoda,Cancridae,Glebocarcinus,,oregonensis,
CAIDBLP-Eureka,Petrolisthes manimaculis,Species,Dean Pentcheff,pentcheff@nhm.org ,Inventory,431859,Petrolisthes manimaculis,Animalia,Arthropoda,Malacostraca,Decapoda,Porcellanidae,Petrolisthes,,manimaculis,
CAIDBLP-Eureka,Petrolisthes manimaculis,Species,Dean Pentcheff,pentcheff@nhm.org ,Inventory,431859,Petrolisthes manimaculis,Animalia,Arthropoda,Malacostraca,Decapoda,Porcellanidae,Petrolisthes,,manimaculis,
CAIDBLP-Eureka,Porifera,Higher,Dean Pentcheff,pentcheff@nhm.org ,Inventory,558,Porifera,Animalia,Porifera,,,,,,,
CAIDBLP-Eureka,Cicerina bicirrata,Species,Dean Pentcheff,pentcheff@nhm.org ,Inventory,155882,Cicerina bicirrata,Animalia,Platyhelminthes,,Rhabdocoela,Cicerinidae,Cicerina,,bicirrata,
CAIDBLP-Eureka,Cicerina bicirrata,Species,Dean Pentcheff,pentcheff@nhm.org ,Inventory,155882,Cicerina bicirrata,Animalia,Platyhelminthes,,Rhabdocoela,Cicerinidae,Cicerina,,bicirrata,
CAIDBLP-Eureka,Cicerina bicirrata,Species,Dean Pentcheff,pentcheff@nhm.org ,Inventory,155882,Cicerina bicirrata,Animalia,Platyhelminthes,,Rhabdocoela,Cicerinidae,Cicerina,,bicirrata,
CAIDBLP-Eureka,Carcharodorhynchus cf. flavidus,Genus,Dean Pentcheff,pentcheff@nhm.org ,Inventory,142387,Carcharodorhynchus,Animalia,Platyhelminthes,,Rhabdocoela,Schizorhynchidae,Carcharodorhynchus,,,
CAIDBLP-Eureka,Carcharodorhynchus cf. flavidus,Genus,Dean Pentcheff,pentcheff@nhm.org ,Inventory,142387,Carcharodorhynchus,Animalia,Platyhelminthes,,Rhabdocoela,Schizorhynchidae,Carcharodorhynchus,,,
CAIDBLP-Eureka,Cheliplana hawaiiensis,Species,Dean Pentcheff,pentcheff@nhm.org ,Inventory,1511111,Cheliplana hawaiiensis,Animalia,Platyhelminthes,,Rhabdocoela,Cheliplanidae,Cheliplana,,hawaiiensis,
CAIDBLP-Eureka,Carcharodorhynchus cf. flavidus,Genus,Dean Pentcheff,pentcheff@nhm.org ,Inventory,142387,Carcharodorhynchus,Animalia,Platyhelminthes,,Rhabdocoela,Schizorhynchidae,Carcharodorhynchus,,,
CAIDBLP-Eureka,Utelga sp. 1,Genus,Dean Pentcheff,pentcheff@nhm.org ,Inventory,142357,Utelga,Animalia,Platyhelminthes,,Rhabdocoela,Koinocystididae,Utelga,,,
CAIDBLP-Eureka,Cheliplana hawaiiensis,Species,Dean Pentcheff,pentcheff@nhm.org ,Inventory,1511111,Cheliplana hawaiiensis,Animalia,Platyhelminthes,,Rhabdocoela,Cheliplanidae,Cheliplana,,hawaiiensis,
CAIDBLP-Eureka,Cheliplana sp. 2,Genus,Dean Pentcheff,pentcheff@nhm.org ,Inventory,142341,Cheliplana,Animalia,Platyhelminthes,,Rhabdocoela,Cheliplanidae,Cheliplana,,,
CAIDBLP-Eureka,Cheliplana hawaiiensis,Species,Dean Pentcheff,pentcheff@nhm.org ,Inventory,1511111,Cheliplana hawaiiensis,Animalia,Platyhelminthes,,Rhabdocoela,Cheliplanidae,Cheliplana,,hawaiiensis,
CAIDBLP-Eureka,Prolecithophora sp. 4,Higher,Dean Pentcheff,pentcheff@nhm.org ,Inventory,2854,Prolecithophora,Animalia,Platyhelminthes,,Prolecithophora,,,,,
CAIDBLP-Eureka,Cheliplana hawaiiensis,Species,Dean Pentcheff,pentcheff@nhm.org ,Inventory,1511111,Cheliplana hawaiiensis,Animalia,Platyhelminthes,,Rhabdocoela,Cheliplanidae,Cheliplana,,hawaiiensis,
CAIDBLP-Eureka,Carcharodorhynchus cf. flavidus,Genus,Dean Pentcheff,pentcheff@nhm.org ,Inventory,142387,Carcharodorhynchus,Animalia,Platyhelminthes,,Rhabdocoela,Schizorhynchidae,Carcharodorhynchus,,,
CAIDBLP-Eureka,Carcharodorhynchus cf. flavidus,Genus,Dean Pentcheff,pentcheff@nhm.org ,Inventory,142387,Carcharodorhynchus,Animalia,Platyhelminthes,,Rhabdocoela,Schizorhynchidae,Carcharodorhynchus,,,
CAIDBLP-Eureka,Cheliplana sp. 2,Genus,Dean Pentcheff,pentcheff@nhm.org ,Inventory,142341,Cheliplana,Animalia,Platyhelminthes,,Rhabdocoela,Cheliplanidae,Cheliplana,,,
CAIDBLP-Eureka,Carcharodorhynchus cf. flavidus,Genus,Dean Pentcheff,pentcheff@nhm.org ,Inventory,142387,Carcharodorhynchus,Animalia,Platyhelminthes,,Rhabdocoela,Schizorhynchidae,Carcharodorhynchus,,,
CAIDBLP-Eureka,Ceratopera sp. 1,Genus,Dean Pentcheff,pentcheff@nhm.org ,Inventory,142433,Ceratopera,Animalia,Platyhelminthes,,Rhabdocoela,Trigonostomidae,Ceratopera,,,
CAIDBLP-Eureka,Plagiostomum sp. 4,Genus,Dean Pentcheff,pentcheff@nhm.org ,Inventory,142260,Plagiostomum,Animalia,Platyhelminthes,,Prolecithophora,Plagiostomidae,Plagiostomum,,,
CAIDBLP-Eureka,Plagiostomum sp. 4,Genus,Dean Pentcheff,pentcheff@nhm.org ,Inventory,142260,Plagiostomum,Animalia,Platyhelminthes,,Prolecithophora,Plagiostomidae,Plagiostomum,,,
CAIDBLP-Eureka,Plagiostomum sp. 4,Genus,Dean Pentcheff,pentcheff@nhm.org ,Inventory,142260,Plagiostomum,Animalia,Platyhelminthes,,Prolecithophora,Plagiostomidae,Plagiostomum,,,
CAIDBLP-Eureka,Cicerina sp. 2,Genus,Dean Pentcheff,pentcheff@nhm.org ,Inventory,142311,Cicerina,Animalia,Platyhelminthes,,Rhabdocoela,Cicerinidae,Cicerina,,,
CAIDBLP-Eureka,Coelogynoporidae sp. 1,Family,Dean Pentcheff,pentcheff@nhm.org ,Inventory,142108,Coelogynoporidae,Animalia,Platyhelminthes,,Proseriata,Coelogynoporidae,,,,
CAIDBLP-Eureka,Parainvenusta paracnida,Species,Dean Pentcheff,pentcheff@nhm.org ,Inventory,152586,Invenusta paracnida,Animalia,Platyhelminthes,,Proseriata,Coelogynoporidae,Invenusta,,paracnida,
CAIDBLP-Eureka,Parainvenusta paracnida,Species,Dean Pentcheff,pentcheff@nhm.org ,Inventory,152586,Invenusta paracnida,Animalia,Platyhelminthes,,Proseriata,Coelogynoporidae,Invenusta,,paracnida,
CAIDBLP-Eureka,Proseriata sp. 3,Higher,Dean Pentcheff,pentcheff@nhm.org ,Inventory,142027,Proseriata,Animalia,Platyhelminthes,,Proseriata,,,,,
CAIDBLP-Eureka,Proseriata sp. 1,Higher,Dean Pentcheff,pentcheff@nhm.org ,Inventory,142027,Proseriata,Animalia,Platyhelminthes,,Proseriata,,,,,
CAIDBLP-Eureka,Pogaina sp. 2,Genus,Dean Pentcheff,pentcheff@nhm.org ,Inventory,142293,Pogaina,Animalia,Platyhelminthes,,Rhabdocoela,Provorticidae,Pogaina,,,
CAIDBLP-Eureka,Proseriata sp. 3,Higher,Dean Pentcheff,pentcheff@nhm.org ,Inventory,142027,Proseriata,Animalia,Platyhelminthes,,Proseriata,,,,,
CAIDBLP-Eureka,Ptychopera sp. 1,Genus,Dean Pentcheff,pentcheff@nhm.org ,Inventory,142442,Ptychopera,Animalia,Platyhelminthes,,Rhabdocoela,Trigonostomidae,Ptychopera,,,
CAIDBLP-Eureka,Petrolisthes cinctipes,Species,Dean Pentcheff,pentcheff@nhm.org ,Inventory,431841,Petrolisthes cinctipes,Animalia,Arthropoda,Malacostraca,Decapoda,Porcellanidae,Petrolisthes,,cinctipes,
CAIDBLP-Eureka,Petrolisthes cinctipes,Species,Dean Pentcheff,pentcheff@nhm.org ,Inventory,431841,Petrolisthes cinctipes,Animalia,Arthropoda,Malacostraca,Decapoda,Porcellanidae,Petrolisthes,,cinctipes,
CAIDBLP-Eureka,Petrolisthes cinctipes,Species,Dean Pentcheff,pentcheff@nhm.org ,Inventory,431841,Petrolisthes cinctipes,Animalia,Arthropoda,Malacostraca,Decapoda,Porcellanidae,Petrolisthes,,cinctipes,
CAIDBLP-Eureka,Petrolisthes cinctipes,Species,Dean Pentcheff,pentcheff@nhm.org ,Inventory,431841,Petrolisthes cinctipes,Animalia,Arthropoda,Malacostraca,Decapoda,Porcellanidae,Petrolisthes,,cinctipes,
CAIDBLP-Eureka,Heptacarpus x,Genus,Dean Pentcheff,pentcheff@nhm.org ,Inventory,248339,Heptacarpus,Animalia,Arthropoda,Malacostraca,Decapoda,Thoridae,Heptacarpus,,,
CAIDBLP-Eureka,Heptacarpus x,Genus,Dean Pentcheff,pentcheff@nhm.org ,Inventory,248339,Heptacarpus,Animalia,Arthropoda,Malacostraca,Decapoda,Thoridae,Heptacarpus,,,
CAIDBLP-Eureka,Idotea,Genus,Dean Pentcheff,pentcheff@nhm.org ,Inventory,118454,Idotea,Animalia,Arthropoda,Malacostraca,Isopoda,Idoteidae,Idotea,,,
CAIDBLP-Eureka,Idotea,Genus,Dean Pentcheff,pentcheff@nhm.org ,Inventory,118454,Idotea,Animalia,Arthropoda,Malacostraca,Isopoda,Idoteidae,Idotea,,,
CAIDBLP-Eureka,Staphylinidae,Family,Dean Pentcheff,pentcheff@nhm.org ,Inventory,118093,Staphylinidae,Animalia,Arthropoda,Insecta,Coleoptera,Staphylinidae,,,,
CAIDBLP-Eureka,Lophopanopeus bellus,Species,Dean Pentcheff,pentcheff@nhm.org ,Inventory,443976,Lophopanopeus bellus,Animalia,Arthropoda,Malacostraca,Decapoda,Panopeidae,Lophopanopeus,,bellus,
CAIDBLP-Eureka,Pugettia producta,Species,Dean Pentcheff,pentcheff@nhm.org ,Inventory,240780,Pugettia producta,Animalia,Arthropoda,Malacostraca,Decapoda,Epialtidae,Pugettia,,producta,
CAIDBLP-Eureka,Cucumaria pseudocurata,Species,Dean Pentcheff,pentcheff@nhm.org ,Inventory,528844,Cucumaria pseudocurata,Animalia,Echinodermata,Holothuroidea,Dendrochirotida,Cucumariidae,Cucumaria,,pseudocurata,
CAIDBLP-Eureka,Cucumaria pseudocurata,Species,Dean Pentcheff,pentcheff@nhm.org ,Inventory,528844,Cucumaria pseudocurata,Animalia,Echinodermata,Holothuroidea,Dendrochirotida,Cucumariidae,Cucumaria,,pseudocurata,
CAIDBLP-Eureka,Cucumaria pseudocurata,Species,Dean Pentcheff,pentcheff@nhm.org ,Inventory,528844,Cucumaria pseudocurata,Animalia,Echinodermata,Holothuroidea,Dendrochirotida,Cucumariidae,Cucumaria,,pseudocurata,
CAIDBLP-Eureka,Cucumaria pseudocurata,Species,Dean Pentcheff,pentcheff@nhm.org ,Inventory,528844,Cucumaria pseudocurata,Animalia,Echinodermata,Holothuroidea,Dendrochirotida,Cucumariidae,Cucumaria,,pseudocurata,
CAIDBLP-Eureka,Cucumaria pseudocurata,Species,Dean Pentcheff,pentcheff@nhm.org ,Inventory,528844,Cucumaria pseudocurata,Animalia,Echinodermata,Holothuroidea,Dendrochirotida,Cucumariidae,Cucumaria,,pseudocurata,
CAIDBLP-Eureka,Eupentacta,Genus,Dean Pentcheff,pentcheff@nhm.org ,Inventory,528610,Eupentacta,Animalia,Echinodermata,Holothuroidea,Dendrochirotida,Sclerodactylidae,Eupentacta,,,
CAIDBLP-Eureka,Eupentacta,Genus,Dean Pentcheff,pentcheff@nhm.org ,Inventory,528610,Eupentacta,Animalia,Echinodermata,Holothuroidea,Dendrochirotida,Sclerodactylidae,Eupentacta,,,
CAIDBLP-Eureka,Eupentacta,Genus,Dean Pentcheff,pentcheff@nhm.org ,Inventory,528610,Eupentacta,Animalia,Echinodermata,Holothuroidea,Dendrochirotida,Sclerodactylidae,Eupentacta,,,
CAIDBLP-Eureka,Eupentacta,Genus,Dean Pentcheff,pentcheff@nhm.org ,Inventory,528610,Eupentacta,Animalia,Echinodermata,Holothuroidea,Dendrochirotida,Sclerodactylidae,Eupentacta,,,
CAIDBLP-Eureka,Odostomia,Genus,Dean Pentcheff,pentcheff@nhm.org ,Inventory,138413,Odostomia,Animalia,Mollusca,Gastropoda,,Pyramidellidae,Odostomia,,,
CAIDBLP-Eureka,,,Dean Pentcheff,pentcheff@nhm.org ,Inventory,,,,,,,,,,,
CAIDBLP-Eureka,Macoma,Genus,Dean Pentcheff,pentcheff@nhm.org ,Inventory,138531,Macoma,Animalia,Mollusca,Bivalvia,Cardiida,Tellinidae,Macoma,,,
CAIDBLP-Eureka,Munidae,Family,Dean Pentcheff,pentcheff@nhm.org ,Inventory,118263,Munnidae,Animalia,Arthropoda,Malacostraca,Isopoda,Munnidae,,,,
CAIDBLP-Eureka,Pachygrapsus crassipes,Species,Dean Pentcheff,pentcheff@nhm.org ,Inventory,395016,Pachygrapsus crassipes,Animalia,Arthropoda,Malacostraca,Decapoda,Grapsidae,Pachygrapsus,,crassipes,
CAIDBLP-Eureka,Pachygrapsus crassipes,Species,Dean Pentcheff,pentcheff@nhm.org ,Inventory,395016,Pachygrapsus crassipes,Animalia,Arthropoda,Malacostraca,Decapoda,Grapsidae,Pachygrapsus,,crassipes,
CAIDBLP-Eureka,Pachygrapsus crassipes,Species,Dean Pentcheff,pentcheff@nhm.org ,Inventory,395016,Pachygrapsus crassipes,Animalia,Arthropoda,Malacostraca,Decapoda,Grapsidae,Pachygrapsus,,crassipes,
CAIDBLP-Eureka,Pachygrapsus crassipes,Species,Dean Pentcheff,pentcheff@nhm.org ,Inventory,395016,Pachygrapsus crassipes,Animalia,Arthropoda,Malacostraca,Decapoda,Grapsidae,Pachygrapsus,,crassipes,
CAIDBLP-Eureka,Henricia cf pumila,Genus,Dean Pentcheff,pentcheff@nhm.org ,Inventory,123276,Henricia,Animalia,Echinodermata,Asteroidea,Spinulosida,Echinasteridae,Henricia,,,
CAIDBLP-Eureka,Henricia cf pumila,Genus,Dean Pentcheff,pentcheff@nhm.org ,Inventory,123276,Henricia,Animalia,Echinodermata,Asteroidea,Spinulosida,Echinasteridae,Henricia,,,
CAIDBLP-Eureka,Lottia digitalis,Species,Dean Pentcheff,pentcheff@nhm.org ,Inventory,456588,Lottia digitalis,Animalia,Mollusca,Gastropoda,Nacellida,Lottiidae,Lottia,,digitalis,
CAIDBLP-Eureka,Mopalia lignosa,Species,Dean Pentcheff,pentcheff@nhm.org ,Inventory,386349,Mopalia lignosa,Animalia,Mollusca,Polyplacophora,Chitonida,Mopaliidae,Mopalia,,lignosa,
CAIDBLP-Eureka,Lepidozona mertensii?,Species,Dean Pentcheff,pentcheff@nhm.org ,Inventory,386048,Lepidozona mertensii,Animalia,Mollusca,Polyplacophora,Chitonida,Ischnochitonidae,Lepidozona,,mertensii,
CAIDBLP-Eureka,Lepidozona mertensii,Species,Dean Pentcheff,pentcheff@nhm.org ,Inventory,386048,Lepidozona mertensii,Animalia,Mollusca,Polyplacophora,Chitonida,Ischnochitonidae,Lepidozona,,mertensii,
CAIDBLP-Eureka,Lepidozona mertensii,Species,Dean Pentcheff,pentcheff@nhm.org ,Inventory,386048,Lepidozona mertensii,Animalia,Mollusca,Polyplacophora,Chitonida,Ischnochitonidae,Lepidozona,,mertensii,
CAIDBLP-Eureka,Amphissa,Genus,Dean Pentcheff,pentcheff@nhm.org ,Inventory,137801,Amphissa,Animalia,Mollusca,Gastropoda,Neogastropoda,Columbellidae,Amphissa,,,
CAIDBLP-Eureka,Amphissa,Genus,Dean Pentcheff,pentcheff@nhm.org ,Inventory,137801,Amphissa,Animalia,Mollusca,Gastropoda,Neogastropoda,Columbellidae,Amphissa,,,
CAIDBLP-Eureka,Lottia,Genus,Dean Pentcheff,pentcheff@nhm.org ,Inventory,160336,Lottia,Animalia,Mollusca,Gastropoda,Nacellida,Lottiidae,Lottia,,,
CAIDBLP-Eureka,Lottia,Genus,Dean Pentcheff,pentcheff@nhm.org ,Inventory,160336,Lottia,Animalia,Mollusca,Gastropoda,Nacellida,Lottiidae,Lottia,,,
CAIDBLP-Eureka,Polyplacophora,Higher,Dean Pentcheff,pentcheff@nhm.org ,Inventory,55,Polyplacophora,Animalia,Mollusca,Polyplacophora,,,,,,
CAIDBLP-Eureka,Polyplacophora,Higher,Dean Pentcheff,pentcheff@nhm.org ,Inventory,55,Polyplacophora,Animalia,Mollusca,Polyplacophora,,,,,,
CAIDBLP-Eureka,Pyramidellidae 1,Family,Dean Pentcheff,pentcheff@nhm.org ,Inventory,162,Pyramidellidae,Animalia,Mollusca,Gastropoda,,Pyramidellidae,,,,
CAIDBLP-Eureka,Eulithidium,Genus,Dean Pentcheff,pentcheff@nhm.org ,Inventory,415368,Eulithidium,Animalia,Mollusca,Gastropoda,Trochida,Phasianellidae,Eulithidium,,,
CAIDBLP-Eureka,Pyramidellidae 2,Family,Dean Pentcheff,pentcheff@nhm.org ,Inventory,162,Pyramidellidae,Animalia,Mollusca,Gastropoda,,Pyramidellidae,,,,
CAIDBLP-Eureka,Marginellidae,Family,Dean Pentcheff,pentcheff@nhm.org ,Inventory,23025,Marginellidae,Animalia,Mollusca,Gastropoda,Neogastropoda,Marginellidae,,,,
CAIDBLP-Eureka,Marginellidae,Family,Dean Pentcheff,pentcheff@nhm.org ,Inventory,23025,Marginellidae,Animalia,Mollusca,Gastropoda,Neogastropoda,Marginellidae,,,,
CAIDBLP-Eureka,Lottia,Genus,Dean Pentcheff,pentcheff@nhm.org ,Inventory,160336,Lottia,Animalia,Mollusca,Gastropoda,Nacellida,Lottiidae,Lottia,,,
CAIDBLP-Eureka,Barleeia,Genus,Dean Pentcheff,pentcheff@nhm.org ,Inventory,137690,Barleeia,Animalia,Mollusca,Gastropoda,Littorinimorpha,Barleeiidae,Barleeia,,,
CAIDBLP-Eureka,Barleeia,Genus,Dean Pentcheff,pentcheff@nhm.org ,Inventory,137690,Barleeia,Animalia,Mollusca,Gastropoda,Littorinimorpha,Barleeiidae,Barleeia,,,
CAIDBLP-Eureka,Barleeia,Genus,Dean Pentcheff,pentcheff@nhm.org ,Inventory,137690,Barleeia,Animalia,Mollusca,Gastropoda,Littorinimorpha,Barleeiidae,Barleeia,,,
CAIDBLP-Eureka,Eulithidium,Genus,Dean Pentcheff,pentcheff@nhm.org ,Inventory,415368,Eulithidium,Animalia,Mollusca,Gastropoda,Trochida,Phasianellidae,Eulithidium,,,
CAIDBLP-Eureka,Lyonsia?,Genus,Dean Pentcheff,pentcheff@nhm.org ,Inventory,138154,Lyonsia,Animalia,Mollusca,Bivalvia,,Lyonsiidae,Lyonsia,,,
CAIDBLP-Eureka,Marginellidae,Family,Dean Pentcheff,pentcheff@nhm.org ,Inventory,23025,Marginellidae,Animalia,Mollusca,Gastropoda,Neogastropoda,Marginellidae,,,,
CAIDBLP-Eureka,Macoma nasuta,Species,Dean Pentcheff,pentcheff@nhm.org ,Inventory,582761,Macoma nasuta,Animalia,Mollusca,Bivalvia,Cardiida,Tellinidae,Macoma,,nasuta,
CAIDBLP-Eureka,Macoma nasuta,Species,Dean Pentcheff,pentcheff@nhm.org ,Inventory,582761,Macoma nasuta,Animalia,Mollusca,Bivalvia,Cardiida,Tellinidae,Macoma,,nasuta,
CAIDBLP-Eureka,Macoma nasuta,Species,Dean Pentcheff,pentcheff@nhm.org ,Inventory,582761,Macoma nasuta,Animalia,Mollusca,Bivalvia,Cardiida,Tellinidae,Macoma,,nasuta,
CAIDBLP-Eureka,Macoma nasuta,Species,Dean Pentcheff,pentcheff@nhm.org ,Inventory,582761,Macoma nasuta,Animalia,Mollusca,Bivalvia,Cardiida,Tellinidae,Macoma,,nasuta,
CAIDBLP-Eureka,Clinocardium nuttallii,Species,Dean Pentcheff,pentcheff@nhm.org ,Inventory,381980,Clinocardium nuttallii,Animalia,Mollusca,Bivalvia,Cardiida,Cardiidae,Clinocardium,,nuttallii,
CAIDBLP-Eureka,Clinocardium nuttallii,Species,Dean Pentcheff,pentcheff@nhm.org ,Inventory,381980,Clinocardium nuttallii,Animalia,Mollusca,Bivalvia,Cardiida,Cardiidae,Clinocardium,,nuttallii,
CAIDBLP-Eureka,Clinocardium nuttallii,Species,Dean Pentcheff,pentcheff@nhm.org ,Inventory,381980,Clinocardium nuttallii,Animalia,Mollusca,Bivalvia,Cardiida,Cardiidae,Clinocardium,,nuttallii,
CAIDBLP-Eureka,Paranemertes peregrina?,Species,Dean Pentcheff,pentcheff@nhm.org ,Inventory,162261,Paranemertes peregrina,Animalia,Nemertea,Hoplonemertea,Monostilifera,Neesiidae,Paranemertes,,peregrina,
CAIDBLP-Eureka,Paranemertes peregrina?,Species,Dean Pentcheff,pentcheff@nhm.org ,Inventory,162261,Paranemertes peregrina,Animalia,Nemertea,Hoplonemertea,Monostilifera,Neesiidae,Paranemertes,,peregrina,
CAIDBLP-Eureka,Paranemertes peregrina?,Species,Dean Pentcheff,pentcheff@nhm.org ,Inventory,162261,Paranemertes peregrina,Animalia,Nemertea,Hoplonemertea,Monostilifera,Neesiidae,Paranemertes,,peregrina,
CAIDBLP-Eureka,Amphiporus formidabilis,Species,Dean Pentcheff,pentcheff@nhm.org ,Inventory,147983,Amphiporus formidabilis,Animalia,Nemertea,Hoplonemertea,Monostilifera,Amphiporidae,Amphiporus,,formidabilis,
CAIDBLP-Eureka,Amphiporus formidabilis,Species,Dean Pentcheff,pentcheff@nhm.org ,Inventory,147983,Amphiporus formidabilis,Animalia,Nemertea,Hoplonemertea,Monostilifera,Amphiporidae,Amphiporus,,formidabilis,
CAIDBLP-Eureka,Amphiporus formidabilis,Species,Dean Pentcheff,pentcheff@nhm.org ,Inventory,147983,Amphiporus formidabilis,Animalia,Nemertea,Hoplonemertea,Monostilifera,Amphiporidae,Amphiporus,,formidabilis,
CAIDBLP-Eureka,Amphiporus aff. imparispinosus,Genus,Dean Pentcheff,pentcheff@nhm.org ,Inventory,122391,Amphiporus,Animalia,Nemertea,Hoplonemertea,Monostilifera,Amphiporidae,Amphiporus,,,
CAIDBLP-Eureka,Lineidae?,Family,Dean Pentcheff,pentcheff@nhm.org ,Inventory,122314,Lineidae,Animalia,Nemertea,Pilidiophora,Heteronemertea,Lineidae,,,,
CAIDBLP-Eureka,Amphiporus aff. imparispinosus,Genus,Dean Pentcheff,pentcheff@nhm.org ,Inventory,122391,Amphiporus,Animalia,Nemertea,Hoplonemertea,Monostilifera,Amphiporidae,Amphiporus,,,
CAIDBLP-Eureka,Emplectonema viride,Species,Dean Pentcheff,pentcheff@nhm.org ,Inventory,176676,Emplectonema viride,Animalia,Nemertea,Hoplonemertea,Monostilifera,Emplectonematidae,Emplectonema,,viride,
CAIDBLP-Eureka,Emplectonema viride,Species,Dean Pentcheff,pentcheff@nhm.org ,Inventory,176676,Emplectonema viride,Animalia,Nemertea,Hoplonemertea,Monostilifera,Emplectonematidae,Emplectonema,,viride,
CAIDBLP-Eureka,Diptera,Higher,Dean Pentcheff,pentcheff@nhm.org ,Inventory,118088,Diptera,Animalia,Arthropoda,Insecta,Diptera,,,,,
CAIDBLP-Eureka,Notoplana sp.,Genus,Dean Pentcheff,pentcheff@nhm.org ,Inventory,142231,Notoplana,Animalia,Platyhelminthes,,Polycladida,Notoplanidae,Notoplana,,,
CAIDBLP-Eureka,Tubulanus sexlineatus,Species,Dean Pentcheff,pentcheff@nhm.org ,Inventory,147256,Tubulanus sexlineatus,Animalia,Nemertea,Palaeonemertea,Tubulaniformes,Tubulanidae,Tubulanus,,sexlineatus,
CAIDBLP-Eureka,Cerebratulus sp. 2,Genus,Dean Pentcheff,pentcheff@nhm.org ,Inventory,122348,Cerebratulus,Animalia,Nemertea,Pilidiophora,Heteronemertea,Lineidae,Cerebratulus,,,
CAIDBLP-Eureka,Maculaura?,Genus,Dean Pentcheff,pentcheff@nhm.org ,Inventory,894171,Maculaura,Animalia,Nemertea,Pilidiophora,Heteronemertea,Lineidae,Maculaura,,,
CAIDBLP-Eureka,,,Dean Pentcheff,pentcheff@nhm.org ,Inventory,,,,,,,,,,,
CAIDBLP-Eureka,Maculaura?,Genus,Dean Pentcheff,pentcheff@nhm.org ,Inventory,894171,Maculaura,Animalia,Nemertea,Pilidiophora,Heteronemertea,Lineidae,Maculaura,,,
CAIDBLP-Eureka,Maculaura?,Genus,Dean Pentcheff,pentcheff@nhm.org ,Inventory,894171,Maculaura,Animalia,Nemertea,Pilidiophora,Heteronemertea,Lineidae,Maculaura,,,
CAIDBLP-Eureka,Paranemertes aff. peregrina?,Genus,Dean Pentcheff,pentcheff@nhm.org ,Inventory,122406,Paranemertes,Animalia,Nemertea,Hoplonemertea,Monostilifera,Neesiidae,Paranemertes,,,
CAIDBLP-Eureka,Nemertea sp. (Kulikobia?),Higher,Dean Pentcheff,pentcheff@nhm.org ,Inventory,152391,Nemertea,Animalia,Nemertea,,,,,,,
CAIDBLP-Eureka,Tetrastemma nigrifrons,Species,Dean Pentcheff,pentcheff@nhm.org ,Inventory,162358,Tetrastemma nigrifrons,Animalia,Nemertea,Hoplonemertea,Monostilifera,Tetrastemmatidae,Tetrastemma,,nigrifrons,
CAIDBLP-Eureka,Nemertea sp.,Higher,Dean Pentcheff,pentcheff@nhm.org ,Inventory,152391,Nemertea,Animalia,Nemertea,,,,,,,
CAIDBLP-Eureka,Zygonemertes sp.,Genus,Dean Pentcheff,pentcheff@nhm.org ,Inventory,122400,Zygonemertes,Animalia,Nemertea,Hoplonemertea,Monostilifera,Zygonemertidae,Zygonemertes,,,
CAIDBLP-Eureka,Paranemertes aff. peregrina,Genus,Dean Pentcheff,pentcheff@nhm.org ,Inventory,122406,Paranemertes,Animalia,Nemertea,Hoplonemertea,Monostilifera,Neesiidae,Paranemertes,,,
CAIDBLP-Eureka,Carinoma sp.,Genus,Dean Pentcheff,pentcheff@nhm.org ,Inventory,122378,Carinoma,Animalia,Nemertea,Palaeonemertea,Carinomiformes,Carinomidae,Carinoma,,,
CAIDBLP-Eureka,Maculaura alaskensis?,Species,Dean Pentcheff,pentcheff@nhm.org ,Inventory,894172,Maculaura alaskensis,Animalia,Nemertea,Pilidiophora,Heteronemertea,Lineidae,Maculaura,,alaskensis,
CAIDBLP-Eureka,Nanomia bijuga,Species,Dean Pentcheff,pentcheff@nhm.org ,Inventory,135495,Nanomia bijuga,Animalia,Cnidaria,Hydrozoa,Siphonophorae,Agalmatidae,Nanomia,,bijuga,
CAIDBLP-Eureka,Cerebratulus californiensis,Species,Dean Pentcheff,pentcheff@nhm.org ,Inventory,147295,Cerebratulus californiensis,Animalia,Nemertea,Pilidiophora,Heteronemertea,Lineidae,Cerebratulus,,californiensis,
CAIDBLP-Eureka,Cerebratulus californiensis,Species,Dean Pentcheff,pentcheff@nhm.org ,Inventory,147295,Cerebratulus californiensis,Animalia,Nemertea,Pilidiophora,Heteronemertea,Lineidae,Cerebratulus,,californiensis,
CAIDBLP-Eureka,Grandidierella japonica,Species,Dean Pentcheff,pentcheff@nhm.org ,Inventory,238740,Grandidierella japonica,Animalia,Arthropoda,Malacostraca,Amphipoda,Aoridae,Grandidierella,,japonica,
CAIDBLP-Eureka,Foxiphalus golfensis,Species,Dean Pentcheff,pentcheff@nhm.org ,Inventory,548809,Foxiphalus golfensis,Animalia,Arthropoda,Malacostraca,Amphipoda,Phoxocephalidae,Foxiphalus,,golfensis,
CAIDBLP-Eureka,Diastylopsis sp.,Genus,Dean Pentcheff,pentcheff@nhm.org ,Inventory,110400,Diastylopsis,Animalia,Arthropoda,Malacostraca,Cumacea,Diastylidae,Diastylopsis,,,
CAIDBLP-Eureka,Cumella sp.,Genus,Dean Pentcheff,pentcheff@nhm.org ,Inventory,110416,Cumella,Animalia,Arthropoda,Malacostraca,Cumacea,Nannastacidae,Cumella,,,
CAIDBLP-Eureka,Cumella sp.,Genus,Dean Pentcheff,pentcheff@nhm.org ,Inventory,110416,Cumella,Animalia,Arthropoda,Malacostraca,Cumacea,Nannastacidae,Cumella,,,
CAIDBLP-Eureka,Cumella sp.,Genus,Dean Pentcheff,pentcheff@nhm.org ,Inventory,110416,Cumella,Animalia,Arthropoda,Malacostraca,Cumacea,Nannastacidae,Cumella,,,
CAIDBLP-Eureka,Ceradocus spinicaudata,Species,Dean Pentcheff,pentcheff@nhm.org ,Inventory,531438,Ceradocus spinicauda,Animalia,Arthropoda,Malacostraca,Amphipoda,Maeridae,Ceradocus,,spinicauda,
CAIDBLP-Eureka,Ceradocus spinicaudata,Species,Dean Pentcheff,pentcheff@nhm.org ,Inventory,531438,Ceradocus spinicauda,Animalia,Arthropoda,Malacostraca,Amphipoda,Maeridae,Ceradocus,,spinicauda,
CAIDBLP-Eureka,Photis brevipes,Species,Dean Pentcheff,pentcheff@nhm.org ,Inventory,548642,Photis brevipes,Animalia,Arthropoda,Malacostraca,Amphipoda,Photidae,Photis,,brevipes,
CAIDBLP-Eureka,Photis brevipes,Species,Dean Pentcheff,pentcheff@nhm.org ,Inventory,548642,Photis brevipes,Animalia,Arthropoda,Malacostraca,Amphipoda,Photidae,Photis,,brevipes,
CAIDBLP-Eureka,Photis brevipes,Species,Dean Pentcheff,pentcheff@nhm.org ,Inventory,548642,Photis brevipes,Animalia,Arthropoda,Malacostraca,Amphipoda,Photidae,Photis,,brevipes,
CAIDBLP-Eureka,Ampithoe plumulosa,Species,Dean Pentcheff,pentcheff@nhm.org ,Inventory,423115,Ampithoe plumulosa,Animalia,Arthropoda,Malacostraca,Amphipoda,Ampithoidae,Ampithoe,,plumulosa,
CAIDBLP-Eureka,Ampithoe sp.,Genus,Dean Pentcheff,pentcheff@nhm.org ,Inventory,101459,Ampithoe,Animalia,Arthropoda,Malacostraca,Amphipoda,Ampithoidae,Ampithoe,,,
CAIDBLP-Eureka,Ampithoe lacertosa,Species,Dean Pentcheff,pentcheff@nhm.org ,Inventory,423106,Ampithoe lacertosa,Animalia,Arthropoda,Malacostraca,Amphipoda,Ampithoidae,Ampithoe,,lacertosa,
CAIDBLP-Eureka,Ampithoe lacertosa,Species,Dean Pentcheff,pentcheff@nhm.org ,Inventory,423106,Ampithoe lacertosa,Animalia,Arthropoda,Malacostraca,Amphipoda,Ampithoidae,Ampithoe,,lacertosa,
CAIDBLP-Eureka,Grandidierella japonica,Species,Dean Pentcheff,pentcheff@nhm.org ,Inventory,238740,Grandidierella japonica,Animalia,Arthropoda,Malacostraca,Amphipoda,Aoridae,Grandidierella,,japonica,
CAIDBLP-Eureka,Ampithoe lacertosa,Species,Dean Pentcheff,pentcheff@nhm.org ,Inventory,423106,Ampithoe lacertosa,Animalia,Arthropoda,Malacostraca,Amphipoda,Ampithoidae,Ampithoe,,lacertosa,
CAIDBLP-Eureka,Grandidierella japonica,Species,Dean Pentcheff,pentcheff@nhm.org ,Inventory,238740,Grandidierella japonica,Animalia,Arthropoda,Malacostraca,Amphipoda,Aoridae,Grandidierella,,japonica,
CAIDBLP-Eureka,Quadrimaera sp.,Genus,Dean Pentcheff,pentcheff@nhm.org ,Inventory,236533,Quadrimaera,Animalia,Arthropoda,Malacostraca,Amphipoda,Maeridae,Quadrimaera,,,
CAIDBLP-Eureka,Quadrimaera sp.,Genus,Dean Pentcheff,pentcheff@nhm.org ,Inventory,236533,Quadrimaera,Animalia,Arthropoda,Malacostraca,Amphipoda,Maeridae,Quadrimaera,,,
CAIDBLP-Eureka,Quadrimaera sp.,Genus,Dean Pentcheff,pentcheff@nhm.org ,Inventory,236533,Quadrimaera,Animalia,Arthropoda,Malacostraca,Amphipoda,Maeridae,Quadrimaera,,,
CAIDBLP-Eureka,Quadrimaera sp.,Genus,Dean Pentcheff,pentcheff@nhm.org ,Inventory,236533,Quadrimaera,Animalia,Arthropoda,Malacostraca,Amphipoda,Maeridae,Quadrimaera,,,
CAIDBLP-Eureka,Pagurus granosimanus,Species,Dean Pentcheff,pentcheff@nhm.org ,Inventory,366694,Pagurus granosimanus,Animalia,Arthropoda,Malacostraca,Decapoda,Paguridae,Pagurus,,granosimanus,
CAIDBLP-Eureka,Balanus A,Genus,Dean Pentcheff,pentcheff@nhm.org ,Inventory,106122,Balanus,Animalia,Arthropoda,Thecostraca,Balanomorpha,Balanidae,Balanus,,,
CAIDBLP-Eureka,Balanus A,Genus,Dean Pentcheff,pentcheff@nhm.org ,Inventory,106122,Balanus,Animalia,Arthropoda,Thecostraca,Balanomorpha,Balanidae,Balanus,,,
CAIDBLP-Eureka,Mytilus californianus,Species,Dean Pentcheff,pentcheff@nhm.org ,Inventory,367837,Mytilus californianus,Animalia,Mollusca,Bivalvia,Mytilida,Mytilidae,Mytilus,,californianus,
CAIDBLP-Eureka,Idotea fewkesi,Species,Dean Pentcheff,pentcheff@nhm.org ,Inventory,257347,Idotea fewkesi,Animalia,Arthropoda,Malacostraca,Isopoda,Idoteidae,Idotea,,fewkesi,
CAIDBLP-Eureka,Idotea fewkesi,Species,Dean Pentcheff,pentcheff@nhm.org ,Inventory,257347,Idotea fewkesi,Animalia,Arthropoda,Malacostraca,Isopoda,Idoteidae,Idotea,,fewkesi,
CAIDBLP-Eureka,Idotea wosnesenskii,Species,Dean Pentcheff,pentcheff@nhm.org ,Inventory,711956,Idotea wosnesenskii,Animalia,Arthropoda,Malacostraca,Isopoda,Idoteidae,Idotea,,wosnesenskii,
CAIDBLP-Eureka,Alia carinata,Species,Dean Pentcheff,pentcheff@nhm.org ,Inventory,511703,Alia carinata,Animalia,Mollusca,Gastropoda,Neogastropoda,Columbellidae,Alia,,carinata,
CAIDBLP-Eureka,Ceratopera cf. axi,Genus,Dean Pentcheff,pentcheff@nhm.org ,Inventory,142433,Ceratopera,Animalia,Platyhelminthes,,Rhabdocoela,Trigonostomidae,Ceratopera,,,
CAIDBLP-Eureka,Trigonostomidae sp. 1,Family,Dean Pentcheff,pentcheff@nhm.org ,Inventory,142106,Trigonostomidae,Animalia,Platyhelminthes,,Rhabdocoela,Trigonostomidae,,,,
CAIDBLP-Eureka,Austrorhynchus sp. 1,Genus,Dean Pentcheff,pentcheff@nhm.org ,Inventory,142365,Austrorhynchus,Animalia,Platyhelminthes,,Rhabdocoela,Polycystididae,Austrorhynchus,,,
CAIDBLP-Eureka,Byrsophlebidae sp. 1,Family,Dean Pentcheff,pentcheff@nhm.org ,Inventory,142102,Byrsophlebidae,Animalia,Platyhelminthes,,Rhabdocoela,Byrsophlebidae,,,,
CAIDBLP-Eureka,Ceratopera cf. axi,Genus,Dean Pentcheff,pentcheff@nhm.org ,Inventory,142433,Ceratopera,Animalia,Platyhelminthes,,Rhabdocoela,Trigonostomidae,Ceratopera,,,
CAIDBLP-Eureka,Austrorhynchus sp. 1,Genus,Dean Pentcheff,pentcheff@nhm.org ,Inventory,142365,Austrorhynchus,Animalia,Platyhelminthes,,Rhabdocoela,Polycystididae,Austrorhynchus,,,
CAIDBLP-Eureka,Austrorhynchus sp. 1,Genus,Dean Pentcheff,pentcheff@nhm.org ,Inventory,142365,Austrorhynchus,Animalia,Platyhelminthes,,Rhabdocoela,Polycystididae,Austrorhynchus,,,
CAIDBLP-Eureka,Cicerina sp. 4,Genus,Dean Pentcheff,pentcheff@nhm.org ,Inventory,142311,Cicerina,Animalia,Platyhelminthes,,Rhabdocoela,Cicerinidae,Cicerina,,,
CAIDBLP-Eureka,Macrostomum sp. 1,Genus,Dean Pentcheff,pentcheff@nhm.org ,Inventory,142205,Macrostomum,Animalia,Platyhelminthes,,,Macrostomidae,Macrostomum,,,
CAIDBLP-Eureka,Macrostomum sp. 1,Genus,Dean Pentcheff,pentcheff@nhm.org ,Inventory,142205,Macrostomum,Animalia,Platyhelminthes,,,Macrostomidae,Macrostomum,,,
CAIDBLP-Eureka,Ceratopera cf. axi,Genus,Dean Pentcheff,pentcheff@nhm.org ,Inventory,142433,Ceratopera,Animalia,Platyhelminthes,,Rhabdocoela,Trigonostomidae,Ceratopera,,,
CAIDBLP-Eureka,Ceratopera cf. axi,Genus,Dean Pentcheff,pentcheff@nhm.org ,Inventory,142433,Ceratopera,Animalia,Platyhelminthes,,Rhabdocoela,Trigonostomidae,Ceratopera,,,
CAIDBLP-Eureka,Austrorhynchus sp. 1,Genus,Dean Pentcheff,pentcheff@nhm.org ,Inventory,142365,Austrorhynchus,Animalia,Platyhelminthes,,Rhabdocoela,Polycystididae,Austrorhynchus,,,
CAIDBLP-Eureka,Coelogynoporidae sp. 1,Family,Dean Pentcheff,pentcheff@nhm.org ,Inventory,142108,Coelogynoporidae,Animalia,Platyhelminthes,,Proseriata,Coelogynoporidae,,,,
CAIDBLP-Eureka,Coelogynoporidae sp. 1,Family,Dean Pentcheff,pentcheff@nhm.org ,Inventory,142108,Coelogynoporidae,Animalia,Platyhelminthes,,Proseriata,Coelogynoporidae,,,,
CAIDBLP-Eureka,Proseriata sp. 1,Higher,Dean Pentcheff,pentcheff@nhm.org ,Inventory,142027,Proseriata,Animalia,Platyhelminthes,,Proseriata,,,,,
CAIDBLP-Eureka,Phonorhynchus sp. 1,Genus,Dean Pentcheff,pentcheff@nhm.org ,Inventory,142378,Phonorhynchus,Animalia,Platyhelminthes,,Rhabdocoela,Polycystididae,Phonorhynchus,,,
CAIDBLP-Eureka,Carcharodorhynchus cf. flavidus,Genus,Dean Pentcheff,pentcheff@nhm.org ,Inventory,142387,Carcharodorhynchus,Animalia,Platyhelminthes,,Rhabdocoela,Schizorhynchidae,Carcharodorhynchus,,,
CAIDBLP-Eureka,Cheliplana hawaiiensis,Species,Dean Pentcheff,pentcheff@nhm.org ,Inventory,1511111,Cheliplana hawaiiensis,Animalia,Platyhelminthes,,Rhabdocoela,Cheliplanidae,Cheliplana,,hawaiiensis,
CAIDBLP-Eureka,Carcharodorhynchus cf. flavidus,Genus,Dean Pentcheff,pentcheff@nhm.org ,Inventory,142387,Carcharodorhynchus,Animalia,Platyhelminthes,,Rhabdocoela,Schizorhynchidae,Carcharodorhynchus,,,
CAIDBLP-Eureka,Plagiostomum sp. 6,Genus,Dean Pentcheff,pentcheff@nhm.org ,Inventory,142260,Plagiostomum,Animalia,Platyhelminthes,,Prolecithophora,Plagiostomidae,Plagiostomum,,,
CAIDBLP-Eureka,Plagiostomum sp. 6,Genus,Dean Pentcheff,pentcheff@nhm.org ,Inventory,142260,Plagiostomum,Animalia,Platyhelminthes,,Prolecithophora,Plagiostomidae,Plagiostomum,,,
CAIDBLP-Eureka,Duplominona sp. 1,Genus,Dean Pentcheff,pentcheff@nhm.org ,Inventory,142469,Duplominona,Animalia,Platyhelminthes,,Proseriata,Monocelididae,Duplominona,,,
CAIDBLP-Eureka,Proseriata sp. 4,Higher,Dean Pentcheff,pentcheff@nhm.org ,Inventory,142027,Proseriata,Animalia,Platyhelminthes,,Proseriata,,,,,
CAIDBLP-Eureka,Coelogynoporidae sp. 2,Family,Dean Pentcheff,pentcheff@nhm.org ,Inventory,142108,Coelogynoporidae,Animalia,Platyhelminthes,,Proseriata,Coelogynoporidae,,,,
CAIDBLP-Eureka,Cheliplana sp. 3,Genus,Dean Pentcheff,pentcheff@nhm.org ,Inventory,142341,Cheliplana,Animalia,Platyhelminthes,,Rhabdocoela,Cheliplanidae,Cheliplana,,,
CAIDBLP-Eureka,Proseriata sp. 5,Higher,Dean Pentcheff,pentcheff@nhm.org ,Inventory,142027,Proseriata,Animalia,Platyhelminthes,,Proseriata,,,,,
CAIDBLP-Eureka,Annelida cf. sp. 1,Higher,Dean Pentcheff,pentcheff@nhm.org ,Inventory,882,Annelida,Animalia,Annelida,,,,,,,
CAIDBLP-Eureka,Duplominona sp. 2,Genus,Dean Pentcheff,pentcheff@nhm.org ,Inventory,142469,Duplominona,Animalia,Platyhelminthes,,Proseriata,Monocelididae,Duplominona,,,
CAIDBLP-Eureka,Proseriata sp. 4,Higher,Dean Pentcheff,pentcheff@nhm.org ,Inventory,142027,Proseriata,Animalia,Platyhelminthes,,Proseriata,,,,,
CAIDBLP-Eureka,Henricia A,Genus,Dean Pentcheff,pentcheff@nhm.org ,Inventory,123276,Henricia,Animalia,Echinodermata,Asteroidea,Spinulosida,Echinasteridae,Henricia,,,
CAIDBLP-Eureka,Henricia B,Genus,Dean Pentcheff,pentcheff@nhm.org ,Inventory,123276,Henricia,Animalia,Echinodermata,Asteroidea,Spinulosida,Echinasteridae,Henricia,,,
CAIDBLP-Eureka,Cancer productus,Species,Dean Pentcheff,pentcheff@nhm.org ,Inventory,440382,Cancer productus,Animalia,Arthropoda,Malacostraca,Decapoda,Cancridae,Cancer,,productus,
CAIDBLP-Eureka,Anthopleura elegantissima,Species,Dean Pentcheff,pentcheff@nhm.org ,Inventory,283347,Anthopleura elegantissima,Animalia,Cnidaria,Hexacorallia,Actiniaria,Actiniidae,Anthopleura,,elegantissima,
CAIDBLP-Eureka,Hemigrapsus nudus,Species,Dean Pentcheff,pentcheff@nhm.org ,Inventory,444776,Hemigrapsus nudus,Animalia,Arthropoda,Malacostraca,Decapoda,Varunidae,Hemigrapsus,,nudus,
CAIDBLP-Eureka,Hemigrapsus nudus,Species,Dean Pentcheff,pentcheff@nhm.org ,Inventory,444776,Hemigrapsus nudus,Animalia,Arthropoda,Malacostraca,Decapoda,Varunidae,Hemigrapsus,,nudus,
CAIDBLP-Eureka,Hemigrapsus nudus,Species,Dean Pentcheff,pentcheff@nhm.org ,Inventory,444776,Hemigrapsus nudus,Animalia,Arthropoda,Malacostraca,Decapoda,Varunidae,Hemigrapsus,,nudus,
CAIDBLP-Eureka,Haliotis rufescens,Species,Dean Pentcheff,pentcheff@nhm.org ,Inventory,445357,Haliotis rufescens,Animalia,Mollusca,Gastropoda,Lepetellida,Haliotidae,Haliotis,,rufescens,
CAIDBLP-Eureka,Kellia suborbicularis,Species,Dean Pentcheff,pentcheff@nhm.org ,Inventory,140161,Kellia suborbicularis,Animalia,Mollusca,Bivalvia,Galeommatida,Lasaeidae,Kellia,,suborbicularis,
CAIDBLP-Eureka,Aequorea victoria,Species,Dean Pentcheff,pentcheff@nhm.org ,Inventory,283998,Aequorea victoria,Animalia,Cnidaria,Hydrozoa,Leptothecata,Aequoreidae,Aequorea,,victoria,
CAIDBLP-Eureka,Aequorea victoria,Species,Dean Pentcheff,pentcheff@nhm.org ,Inventory,283998,Aequorea victoria,Animalia,Cnidaria,Hydrozoa,Leptothecata,Aequoreidae,Aequorea,,victoria,
CAIDBLP-Eureka,Aequorea victoria,Species,Dean Pentcheff,pentcheff@nhm.org ,Inventory,283998,Aequorea victoria,Animalia,Cnidaria,Hydrozoa,Leptothecata,Aequoreidae,Aequorea,,victoria,
CAIDBLP-Eureka,Anthopleura xanthogrammica,Species,Dean Pentcheff,pentcheff@nhm.org ,Inventory,283377,Anthopleura xanthogrammica,Animalia,Cnidaria,Hexacorallia,Actiniaria,Actiniidae,Anthopleura,,xanthogrammica,
CAIDBLP-Eureka,Pollicipes polymerus,Species,Dean Pentcheff,pentcheff@nhm.org ,Inventory,535329,Pollicipes polymerus,Animalia,Arthropoda,Thecostraca,Pollicipedomorpha,Pollicipedidae,Pollicipes,,polymerus,
CAIDBLP-Eureka,Semibalanus cariosus,Species,Dean Pentcheff,pentcheff@nhm.org ,Inventory,594746,Semibalanus cariosus,Animalia,Arthropoda,Thecostraca,Balanomorpha,Balanidae,Semibalanus,,cariosus,
CAIDBLP-Eureka,Semibalanus cariosus,Species,Dean Pentcheff,pentcheff@nhm.org ,Inventory,594746,Semibalanus cariosus,Animalia,Arthropoda,Thecostraca,Balanomorpha,Balanidae,Semibalanus,,cariosus,
CAIDBLP-Eureka,Semibalanus cariosus,Species,Dean Pentcheff,pentcheff@nhm.org ,Inventory,594746,Semibalanus cariosus,Animalia,Arthropoda,Thecostraca,Balanomorpha,Balanidae,Semibalanus,,cariosus,
CAIDBLP-Eureka,Aequorea victoria,Species,Dean Pentcheff,pentcheff@nhm.org ,Inventory,283998,Aequorea victoria,Animalia,Cnidaria,Hydrozoa,Leptothecata,Aequoreidae,Aequorea,,victoria,
CAIDBLP-Eureka,Cancer antennarius,Species,Dean Pentcheff,pentcheff@nhm.org ,Inventory,452126,Cancer antennaria,Animalia,Arthropoda,Malacostraca,Decapoda,Cancridae,Cancer,,antennaria,
CAIDBLP-Eureka,Didemnidae,Family,Dean Pentcheff,pentcheff@nhm.org ,Inventory,103439,Didemnidae,Animalia,Chordata,Ascidiacea,Aplousobranchia,Didemnidae,,,,
CAIDBLP-Eureka,Neotrypaea californiensis,Species,Dean Pentcheff,pentcheff@nhm.org ,Inventory,465347,Neotrypaea californiensis,Animalia,Arthropoda,Malacostraca,Decapoda,Callianassidae,Neotrypaea,,californiensis,
CAIDBLP-Eureka,Neotrypaea californiensis,Species,Dean Pentcheff,pentcheff@nhm.org ,Inventory,465347,Neotrypaea californiensis,Animalia,Arthropoda,Malacostraca,Decapoda,Callianassidae,Neotrypaea,,californiensis,
CAIDBLP-Eureka,Neotrypaea californiensis,Species,Dean Pentcheff,pentcheff@nhm.org ,Inventory,465347,Neotrypaea californiensis,Animalia,Arthropoda,Malacostraca,Decapoda,Callianassidae,Neotrypaea,,californiensis,
CAIDBLP-Eureka,Neotrypaea californiensis,Species,Dean Pentcheff,pentcheff@nhm.org ,Inventory,465347,Neotrypaea californiensis,Animalia,Arthropoda,Malacostraca,Decapoda,Callianassidae,Neotrypaea,,californiensis,
CAIDBLP-Eureka,Neotrypaea californiensis,Species,Dean Pentcheff,pentcheff@nhm.org ,Inventory,465347,Neotrypaea californiensis,Animalia,Arthropoda,Malacostraca,Decapoda,Callianassidae,Neotrypaea,,californiensis,
CAIDBLP-Eureka,Cancer productus,Species,Dean Pentcheff,pentcheff@nhm.org ,Inventory,440382,Cancer productus,Animalia,Arthropoda,Malacostraca,Decapoda,Cancridae,Cancer,,productus,
CAIDBLP-Eureka,Hemigrapsus oregonensis,Species,Dean Pentcheff,pentcheff@nhm.org ,Inventory,444778,Hemigrapsus oregonensis,Animalia,Arthropoda,Malacostraca,Decapoda,Varunidae,Hemigrapsus,,oregonensis,
CAIDBLP-Eureka,Heptacarpus paludicola?,Species,Dean Pentcheff,pentcheff@nhm.org ,Inventory,515262,Heptacarpus paludicola,Animalia,Arthropoda,Malacostraca,Decapoda,Thoridae,Heptacarpus,,paludicola,
CAIDBLP-Eureka,Heptacarpus paludicola?,Species,Dean Pentcheff,pentcheff@nhm.org ,Inventory,515262,Heptacarpus paludicola,Animalia,Arthropoda,Malacostraca,Decapoda,Thoridae,Heptacarpus,,paludicola,
CAIDBLP-Eureka,,,Dean Pentcheff,pentcheff@nhm.org ,Inventory,,,,,,,,,,,
CAIDBLP-Eureka,Carcinus maenas? juv.,Species,Dean Pentcheff,pentcheff@nhm.org ,Inventory,107381,Carcinus maenas,Animalia,Arthropoda,Malacostraca,Decapoda,Carcinidae,Carcinus,,maenas,
CAIDBLP-Eureka,Heptacarpus paludicola,Species,Dean Pentcheff,pentcheff@nhm.org ,Inventory,515262,Heptacarpus paludicola,Animalia,Arthropoda,Malacostraca,Decapoda,Thoridae,Heptacarpus,,paludicola,
CAIDBLP-Eureka,Heptacarpus paludicola,Species,Dean Pentcheff,pentcheff@nhm.org ,Inventory,515262,Heptacarpus paludicola,Animalia,Arthropoda,Malacostraca,Decapoda,Thoridae,Heptacarpus,,paludicola,
CAIDBLP-Eureka,Hippolyte californiensis,Species,Dean Pentcheff,pentcheff@nhm.org ,Inventory,515276,Hippolyte californiensis,Animalia,Arthropoda,Malacostraca,Decapoda,Hippolytidae,Hippolyte,,californiensis,
CAIDBLP-Eureka,Idotea resecata,Species,Dean Pentcheff,pentcheff@nhm.org ,Inventory,325482,Idotea resecata,Animalia,Arthropoda,Malacostraca,Isopoda,Idoteidae,Idotea,,resecata,
CAIDBLP-Eureka,Idotea resecata,Species,Dean Pentcheff,pentcheff@nhm.org ,Inventory,325482,Idotea resecata,Animalia,Arthropoda,Malacostraca,Isopoda,Idoteidae,Idotea,,resecata,
CAIDBLP-Eureka,Idotea resecata,Species,Dean Pentcheff,pentcheff@nhm.org ,Inventory,325482,Idotea resecata,Animalia,Arthropoda,Malacostraca,Isopoda,Idoteidae,Idotea,,resecata,
CAIDBLP-Eureka,Idotea resecata,Species,Dean Pentcheff,pentcheff@nhm.org ,Inventory,325482,Idotea resecata,Animalia,Arthropoda,Malacostraca,Isopoda,Idoteidae,Idotea,,resecata,
CAIDBLP-Eureka,Scleroplax granulata,Species,Dean Pentcheff,pentcheff@nhm.org ,Inventory,445239,Scleroplax granulata,Animalia,Arthropoda,Malacostraca,Decapoda,Pinnotheridae,Scleroplax,,granulata,
CAIDBLP-Eureka,Scleroplax granulata,Species,Dean Pentcheff,pentcheff@nhm.org ,Inventory,445239,Scleroplax granulata,Animalia,Arthropoda,Malacostraca,Decapoda,Pinnotheridae,Scleroplax,,granulata,
CAIDBLP-Eureka,Scleroplax granulata,Species,Dean Pentcheff,pentcheff@nhm.org ,Inventory,445239,Scleroplax granulata,Animalia,Arthropoda,Malacostraca,Decapoda,Pinnotheridae,Scleroplax,,granulata,
CAIDBLP-Eureka,,,Dean Pentcheff,pentcheff@nhm.org ,Inventory,,,,,,,,,,,
CAIDBLP-Eureka,Scleroplax granulata,Species,Dean Pentcheff,pentcheff@nhm.org ,Inventory,445239,Scleroplax granulata,Animalia,Arthropoda,Malacostraca,Decapoda,Pinnotheridae,Scleroplax,,granulata,
CAIDBLP-Eureka,Crangon nigricauda,Species,Dean Pentcheff,pentcheff@nhm.org ,Inventory,515551,Crangon nigricauda,Animalia,Arthropoda,Malacostraca,Decapoda,Crangonidae,Crangon,,nigricauda,
CAIDBLP-Eureka,Crangon nigricauda,Species,Dean Pentcheff,pentcheff@nhm.org ,Inventory,515551,Crangon nigricauda,Animalia,Arthropoda,Malacostraca,Decapoda,Crangonidae,Crangon,,nigricauda,
CAIDBLP-Eureka,Argeia pugettensis,Species,Dean Pentcheff,pentcheff@nhm.org ,Inventory,259044,Argeia pugettensis,Animalia,Arthropoda,Malacostraca,Isopoda,Bopyridae,Argeia,,pugettensis,
CAIDBLP-Eureka,Cryptomya californica,Species,Dean Pentcheff,pentcheff@nhm.org ,Inventory,397065,Cryptomya californica,Animalia,Mollusca,Bivalvia,Myida,Myidae,Cryptomya,,californica,
CAIDBLP-Eureka,Cryptomya californica,Species,Dean Pentcheff,pentcheff@nhm.org ,Inventory,397065,Cryptomya californica,Animalia,Mollusca,Bivalvia,Myida,Myidae,Cryptomya,,californica,
CAIDBLP-Eureka,Cryptomya californica,Species,Dean Pentcheff,pentcheff@nhm.org ,Inventory,397065,Cryptomya californica,Animalia,Mollusca,Bivalvia,Myida,Myidae,Cryptomya,,californica,
CAIDBLP-Eureka,Ramphidonta retifera?,Species,Dean Pentcheff,pentcheff@nhm.org ,Inventory,582734,Rhamphidonta retifera,Animalia,Mollusca,Bivalvia,Galeommatida,Lasaeidae,Rhamphidonta,,retifera,
CAIDBLP-Eureka,Ramphidonta retifera?,Species,Dean Pentcheff,pentcheff@nhm.org ,Inventory,582734,Rhamphidonta retifera,Animalia,Mollusca,Bivalvia,Galeommatida,Lasaeidae,Rhamphidonta,,retifera,
CAIDBLP-Eureka,Ramphidonta retifera?,Species,Dean Pentcheff,pentcheff@nhm.org ,Inventory,582734,Rhamphidonta retifera,Animalia,Mollusca,Bivalvia,Galeommatida,Lasaeidae,Rhamphidonta,,retifera,
CAIDBLP-Eureka,Macoma juv.,Genus,Dean Pentcheff,pentcheff@nhm.org ,Inventory,138531,Macoma,Animalia,Mollusca,Bivalvia,Cardiida,Tellinidae,Macoma,,,
CAIDBLP-Eureka,Macoma juv.,Genus,Dean Pentcheff,pentcheff@nhm.org ,Inventory,138531,Macoma,Animalia,Mollusca,Bivalvia,Cardiida,Tellinidae,Macoma,,,
CAIDBLP-Eureka,Pista elongata,Species,Dean Pentcheff,pentcheff@nhm.org ,Inventory,330759,Pista elongata,Animalia,Annelida,Polychaeta,Terebellida,Terebellidae,Pista,,elongata,
CAIDBLP-Eureka,Balanus glandula,Species,Dean Pentcheff,pentcheff@nhm.org ,Inventory,394848,Balanus glandula,Animalia,Arthropoda,Thecostraca,Balanomorpha,Balanidae,Balanus,,glandula,
CAIDBLP-Eureka,Balanus glandula,Species,Dean Pentcheff,pentcheff@nhm.org ,Inventory,394848,Balanus glandula,Animalia,Arthropoda,Thecostraca,Balanomorpha,Balanidae,Balanus,,glandula,
CAIDBLP-Eureka,Balanus glandula,Species,Dean Pentcheff,pentcheff@nhm.org ,Inventory,394848,Balanus glandula,Animalia,Arthropoda,Thecostraca,Balanomorpha,Balanidae,Balanus,,glandula,
CAIDBLP-Eureka,Neverita lewisii,Species,Dean Pentcheff,pentcheff@nhm.org ,Inventory,718659,Neverita lewisii,Animalia,Mollusca,Gastropoda,Littorinimorpha,Naticidae,Neverita,,lewisii,
CAIDBLP-Eureka,Neverita lewisii,Species,Dean Pentcheff,pentcheff@nhm.org ,Inventory,718659,Neverita lewisii,Animalia,Mollusca,Gastropoda,Littorinimorpha,Naticidae,Neverita,,lewisii,
CAIDBLP-Eureka,Tresus capax,Species,Dean Pentcheff,pentcheff@nhm.org ,Inventory,367776,Tresus capax,Animalia,Mollusca,Bivalvia,Venerida,Mactridae,Tresus,,capax,
CAIDBLP-Eureka,Saxidomus nuttalli,Species,Dean Pentcheff,pentcheff@nhm.org ,Inventory,367778,Saxidomus nuttalli,Animalia,Mollusca,Bivalvia,Venerida,Veneridae,Saxidomus,,nuttalli,
CAIDBLP-Eureka,Saxidomus nuttalli,Species,Dean Pentcheff,pentcheff@nhm.org ,Inventory,367778,Saxidomus nuttalli,Animalia,Mollusca,Bivalvia,Venerida,Veneridae,Saxidomus,,nuttalli,
CAIDBLP-Eureka,Saxidomus nuttalli,Species,Dean Pentcheff,pentcheff@nhm.org ,Inventory,367778,Saxidomus nuttalli,Animalia,Mollusca,Bivalvia,Venerida,Veneridae,Saxidomus,,nuttalli,
CAIDBLP-Eureka,Macoma 2,Genus,Dean Pentcheff,pentcheff@nhm.org ,Inventory,138531,Macoma,Animalia,Mollusca,Bivalvia,Cardiida,Tellinidae,Macoma,,,
CAIDBLP-Eureka,Macoma 2,Genus,Dean Pentcheff,pentcheff@nhm.org ,Inventory,138531,Macoma,Animalia,Mollusca,Bivalvia,Cardiida,Tellinidae,Macoma,,,
CAIDBLP-Eureka,Macoma 2,Genus,Dean Pentcheff,pentcheff@nhm.org ,Inventory,138531,Macoma,Animalia,Mollusca,Bivalvia,Cardiida,Tellinidae,Macoma,,,
CAIDBLP-Eureka,Macoma 2,Genus,Dean Pentcheff,pentcheff@nhm.org ,Inventory,138531,Macoma,Animalia,Mollusca,Bivalvia,Cardiida,Tellinidae,Macoma,,,
CAIDBLP-Eureka,Cryptomya,Genus,Dean Pentcheff,pentcheff@nhm.org ,Inventory,206927,Cryptomya,Animalia,Mollusca,Bivalvia,Myida,Myidae,Cryptomya,,,
CAIDBLP-Eureka,Discurria,Genus,Dean Pentcheff,pentcheff@nhm.org ,Inventory,456555,Discurria,Animalia,Mollusca,Gastropoda,Nacellida,Lottiidae,Discurria,,,
CAIDBLP-Eureka,Amphissa,Genus,Dean Pentcheff,pentcheff@nhm.org ,Inventory,137801,Amphissa,Animalia,Mollusca,Gastropoda,Neogastropoda,Columbellidae,Amphissa,,,
CAIDBLP-Eureka,Amphissa,Genus,Dean Pentcheff,pentcheff@nhm.org ,Inventory,137801,Amphissa,Animalia,Mollusca,Gastropoda,Neogastropoda,Columbellidae,Amphissa,,,
CAIDBLP-Eureka,Lottia asmi,Species,Dean Pentcheff,pentcheff@nhm.org ,Inventory,510016,Lottia asmi,Animalia,Mollusca,Gastropoda,Nacellida,Lottiidae,Lottia,,asmi,
CAIDBLP-Eureka,Lottia asmi,Species,Dean Pentcheff,pentcheff@nhm.org ,Inventory,510016,Lottia asmi,Animalia,Mollusca,Gastropoda,Nacellida,Lottiidae,Lottia,,asmi,
CAIDBLP-Eureka,Lottia asmi,Species,Dean Pentcheff,pentcheff@nhm.org ,Inventory,510016,Lottia asmi,Animalia,Mollusca,Gastropoda,Nacellida,Lottiidae,Lottia,,asmi,
CAIDBLP-Eureka,Ceratostoma foliata,Species,Dean Pentcheff,pentcheff@nhm.org ,Inventory,240767,Ceratostoma foliatum,Animalia,Mollusca,Gastropoda,Neogastropoda,Muricidae,Ceratostoma,,foliatum,
CAIDBLP-Eureka,Ceratostoma foliata,Species,Dean Pentcheff,pentcheff@nhm.org ,Inventory,240767,Ceratostoma foliatum,Animalia,Mollusca,Gastropoda,Neogastropoda,Muricidae,Ceratostoma,,foliatum,
CAIDBLP-Eureka,Caprellidae,Family,Dean Pentcheff,pentcheff@nhm.org ,Inventory,101361,Caprellidae,Animalia,Arthropoda,Malacostraca,Amphipoda,Caprellidae,,,,
CAIDBLP-Eureka,Caprellidae,Family,Dean Pentcheff,pentcheff@nhm.org ,Inventory,101361,Caprellidae,Animalia,Arthropoda,Malacostraca,Amphipoda,Caprellidae,,,,
CAIDBLP-Eureka,Caprellidae,Family,Dean Pentcheff,pentcheff@nhm.org ,Inventory,101361,Caprellidae,Animalia,Arthropoda,Malacostraca,Amphipoda,Caprellidae,,,,
CAIDBLP-Eureka,Bryozoa,Higher,Dean Pentcheff,pentcheff@nhm.org ,Inventory,146142,Bryozoa,Animalia,Bryozoa,,,,,,,
CAIDBLP-Eureka,Lirabuccinum dirum,Species,Dean Pentcheff,pentcheff@nhm.org ,Inventory,491076,Lirabuccinum dirum,Animalia,Mollusca,Gastropoda,Neogastropoda,Tudiclidae,Lirabuccinum,,dirum,
CAIDBLP-Eureka,Lirabuccinum dirum,Species,Dean Pentcheff,pentcheff@nhm.org ,Inventory,491076,Lirabuccinum dirum,Animalia,Mollusca,Gastropoda,Neogastropoda,Tudiclidae,Lirabuccinum,,dirum,
CAIDBLP-Eureka,Lirabuccinum dirum,Species,Dean Pentcheff,pentcheff@nhm.org ,Inventory,491076,Lirabuccinum dirum,Animalia,Mollusca,Gastropoda,Neogastropoda,Tudiclidae,Lirabuccinum,,dirum,
CAIDBLP-Eureka,Nucella ostrina,Species,Dean Pentcheff,pentcheff@nhm.org ,Inventory,404225,Nucella ostrina,Animalia,Mollusca,Gastropoda,Neogastropoda,Muricidae,Nucella,,ostrina,
CAIDBLP-Eureka,Lottia digitalis,Species,Dean Pentcheff,pentcheff@nhm.org ,Inventory,456588,Lottia digitalis,Animalia,Mollusca,Gastropoda,Nacellida,Lottiidae,Lottia,,digitalis,
CAIDBLP-Eureka,Tegula funebralis,Species,Dean Pentcheff,pentcheff@nhm.org ,Inventory,534190,Tegula funebralis,Animalia,Mollusca,Gastropoda,Trochida,Tegulidae,Tegula,,funebralis,
CAIDBLP-Eureka,Callianax biplicata,Species,Dean Pentcheff,pentcheff@nhm.org ,Inventory,1424883,Callianax biplicata,Animalia,Mollusca,Gastropoda,Neogastropoda,Olividae,Callianax,,biplicata,
CAIDBLP-Eureka,Callianax pycnon,Species,Dean Pentcheff,pentcheff@nhm.org ,Inventory,1674302,Callianax pycna,Animalia,Mollusca,Gastropoda,Neogastropoda,Olividae,Callianax,,pycna,
CAIDBLP-Eureka,Callianax pycnon,Species,Dean Pentcheff,pentcheff@nhm.org ,Inventory,1674302,Callianax pycna,Animalia,Mollusca,Gastropoda,Neogastropoda,Olividae,Callianax,,pycna,
CAIDBLP-Eureka,Leptosynapta albicans,Species,Dean Pentcheff,pentcheff@nhm.org ,Inventory,529522,Leptosynapta albicans,Animalia,Echinodermata,Holothuroidea,Apodida,Synaptidae,Leptosynapta,,albicans,
CAIDBLP-Eureka,Bankia setosa,Species,Dean Pentcheff,pentcheff@nhm.org ,Inventory,527858,Bankia setacea,Animalia,Mollusca,Bivalvia,Myida,Teredinidae,Bankia,,setacea,
CAIDBLP-Eureka,Bankia setosa,Species,Dean Pentcheff,pentcheff@nhm.org ,Inventory,527858,Bankia setacea,Animalia,Mollusca,Bivalvia,Myida,Teredinidae,Bankia,,setacea,
CAIDBLP-Eureka,Bankia setosa,Species,Dean Pentcheff,pentcheff@nhm.org ,Inventory,527858,Bankia setacea,Animalia,Mollusca,Bivalvia,Myida,Teredinidae,Bankia,,setacea,
CAIDBLP-Eureka,Hiatella,Genus,Dean Pentcheff,pentcheff@nhm.org ,Inventory,138068,Hiatella,Animalia,Mollusca,Bivalvia,Adapedonta,Hiatellidae,Hiatella,,,
CAIDBLP-Eureka,Diadora,Genus,Dean Pentcheff,pentcheff@nhm.org ,Inventory,1817683,Diadora,Animalia,Mollusca,Gastropoda,Lepetellida,Fissurellidae,Diadora,,,
CAIDBLP-Eureka,Mopalia muscosa,Species,Dean Pentcheff,pentcheff@nhm.org ,Inventory,386353,Mopalia muscosa,Animalia,Mollusca,Polyplacophora,Chitonida,Mopaliidae,Mopalia,,muscosa,
CAIDBLP-Eureka,Mopalia muscosa,Species,Dean Pentcheff,pentcheff@nhm.org ,Inventory,386353,Mopalia muscosa,Animalia,Mollusca,Polyplacophora,Chitonida,Mopaliidae,Mopalia,,muscosa,
CAIDBLP-Eureka,Mopalia muscosa,Species,Dean Pentcheff,pentcheff@nhm.org ,Inventory,386353,Mopalia muscosa,Animalia,Mollusca,Polyplacophora,Chitonida,Mopaliidae,Mopalia,,muscosa,
CAIDBLP-Eureka,Tonicella lokii?,Species,Dean Pentcheff,pentcheff@nhm.org ,Inventory,386442,Tonicella lokii,Animalia,Mollusca,Polyplacophora,Chitonida,Tonicellidae,Tonicella,,lokii,
CAIDBLP-Eureka,Tonicella lokii?,Species,Dean Pentcheff,pentcheff@nhm.org ,Inventory,386442,Tonicella lokii,Animalia,Mollusca,Polyplacophora,Chitonida,Tonicellidae,Tonicella,,lokii,
CAIDBLP-Eureka,Nuttallina californica,Species,Dean Pentcheff,pentcheff@nhm.org ,Inventory,386437,Nuttallina californica,Animalia,Mollusca,Polyplacophora,Chitonida,Tonicellidae,Nuttallina,,californica,
CAIDBLP-Eureka,Mopalia lignosa,Species,Dean Pentcheff,pentcheff@nhm.org ,Inventory,386349,Mopalia lignosa,Animalia,Mollusca,Polyplacophora,Chitonida,Mopaliidae,Mopalia,,lignosa,
CAIDBLP-Eureka,Mopalia lignosa,Species,Dean Pentcheff,pentcheff@nhm.org ,Inventory,386349,Mopalia lignosa,Animalia,Mollusca,Polyplacophora,Chitonida,Mopaliidae,Mopalia,,lignosa,
CAIDBLP-Eureka,Mopalia A,Genus,Dean Pentcheff,pentcheff@nhm.org ,Inventory,385567,Mopalia,Animalia,Mollusca,Polyplacophora,Chitonida,Mopaliidae,Mopalia,,,
CAIDBLP-Eureka,Callistochiton decoratus?,Species,Dean Pentcheff,pentcheff@nhm.org ,Inventory,386122,Callistochiton decoratus,Animalia,Mollusca,Polyplacophora,Chitonida,Callistoplacidae,Callistochiton,,decoratus,
CAIDBLP-Eureka,Lepidozona cooperi,Species,Dean Pentcheff,pentcheff@nhm.org ,Inventory,386035,Lepidozona cooperi,Animalia,Mollusca,Polyplacophora,Chitonida,Ischnochitonidae,Lepidozona,,cooperi,
CAIDBLP-Eureka,Lepidozona cooperi,Species,Dean Pentcheff,pentcheff@nhm.org ,Inventory,386035,Lepidozona cooperi,Animalia,Mollusca,Polyplacophora,Chitonida,Ischnochitonidae,Lepidozona,,cooperi,
CAIDBLP-Eureka,Lepidozona cooperi,Species,Dean Pentcheff,pentcheff@nhm.org ,Inventory,386035,Lepidozona cooperi,Animalia,Mollusca,Polyplacophora,Chitonida,Ischnochitonidae,Lepidozona,,cooperi,
CAIDBLP-Eureka,Cyanoplax dentiens,Species,Dean Pentcheff,pentcheff@nhm.org ,Inventory,386414,Cyanoplax dentiens,Animalia,Mollusca,Polyplacophora,Chitonida,Tonicellidae,Cyanoplax,,dentiens,
CAIDBLP-Eureka,Cyanoplax dentiens,Species,Dean Pentcheff,pentcheff@nhm.org ,Inventory,386414,Cyanoplax dentiens,Animalia,Mollusca,Polyplacophora,Chitonida,Tonicellidae,Cyanoplax,,dentiens,
CAIDBLP-Eureka,Sphaeromatidae,Family,Dean Pentcheff,pentcheff@nhm.org ,Inventory,118277,Sphaeromatidae,Animalia,Arthropoda,Malacostraca,Isopoda,Sphaeromatidae,,,,
CAIDBLP-Eureka,Sphaeromatidae,Family,Dean Pentcheff,pentcheff@nhm.org ,Inventory,118277,Sphaeromatidae,Animalia,Arthropoda,Malacostraca,Isopoda,Sphaeromatidae,,,,
CAIDBLP-Eureka,Urticina red,Genus,Dean Pentcheff,pentcheff@nhm.org ,Inventory,100706,Urticina,Animalia,Cnidaria,Hexacorallia,Actiniaria,Tealidae,Urticina,,,
CAIDBLP-Eureka,Orchestidae,Genus,Dean Pentcheff,pentcheff@nhm.org ,Inventory,101783,Orchestia,Animalia,Arthropoda,Malacostraca,Amphipoda,Talitridae,Orchestia,,,
CAIDBLP-Eureka,Orchestidae,Genus,Dean Pentcheff,pentcheff@nhm.org ,Inventory,101783,Orchestia,Animalia,Arthropoda,Malacostraca,Amphipoda,Talitridae,Orchestia,,,
CAIDBLP-Eureka,Orchestidae,Genus,Dean Pentcheff,pentcheff@nhm.org ,Inventory,101783,Orchestia,Animalia,Arthropoda,Malacostraca,Amphipoda,Talitridae,Orchestia,,,
CAIDBLP-Eureka,Orchestidae,Genus,Dean Pentcheff,pentcheff@nhm.org ,Inventory,101783,Orchestia,Animalia,Arthropoda,Malacostraca,Amphipoda,Talitridae,Orchestia,,,
CAIDBLP-Eureka,Orchestidae,Genus,Dean Pentcheff,pentcheff@nhm.org ,Inventory,101783,Orchestia,Animalia,Arthropoda,Malacostraca,Amphipoda,Talitridae,Orchestia,,,
CAIDBLP-Eureka,Phascolosoma agassizii,Species,Dean Pentcheff,pentcheff@nhm.org ,Inventory,266496,Phascolosoma (Phascolosoma) agassizii,Animalia,Annelida,,Sipuncula,Phascolosomatidae,Phascolosoma,Phascolosoma,agassizii,
CAIDBLP-Eureka,Cheliplana sp. 3,Genus,Dean Pentcheff,pentcheff@nhm.org ,Inventory,142341,Cheliplana,Animalia,Platyhelminthes,,Rhabdocoela,Cheliplanidae,Cheliplana,,,
CAIDBLP-Eureka,Cheliplana sp. 3,Genus,Dean Pentcheff,pentcheff@nhm.org ,Inventory,142341,Cheliplana,Animalia,Platyhelminthes,,Rhabdocoela,Cheliplanidae,Cheliplana,,,
CAIDBLP-Eureka,Cheliplana sp. 3,Genus,Dean Pentcheff,pentcheff@nhm.org ,Inventory,142341,Cheliplana,Animalia,Platyhelminthes,,Rhabdocoela,Cheliplanidae,Cheliplana,,,
CAIDBLP-Eureka,Cheliplana sp. 3,Genus,Dean Pentcheff,pentcheff@nhm.org ,Inventory,142341,Cheliplana,Animalia,Platyhelminthes,,Rhabdocoela,Cheliplanidae,Cheliplana,,,
CAIDBLP-Eureka,Proseriata sp. 3,Higher,Dean Pentcheff,pentcheff@nhm.org ,Inventory,142027,Proseriata,Animalia,Platyhelminthes,,Proseriata,,,,,
CAIDBLP-Eureka,Utelga sp. 1,Genus,Dean Pentcheff,pentcheff@nhm.org ,Inventory,142357,Utelga,Animalia,Platyhelminthes,,Rhabdocoela,Koinocystididae,Utelga,,,
CAIDBLP-Eureka,Carcharodorhynchus cf. flavidus,Genus,Dean Pentcheff,pentcheff@nhm.org ,Inventory,142387,Carcharodorhynchus,Animalia,Platyhelminthes,,Rhabdocoela,Schizorhynchidae,Carcharodorhynchus,,,
CAIDBLP-Eureka,Kaitalugia sp. 1,Genus,Dean Pentcheff,pentcheff@nhm.org ,Inventory,479883,Kaitalugia,Animalia,Platyhelminthes,,Rhabdocoela,Byrsophlebidae,Kaitalugia,,,
CAIDBLP-Eureka,Kaitalugia sp. 1,Genus,Dean Pentcheff,pentcheff@nhm.org ,Inventory,479883,Kaitalugia,Animalia,Platyhelminthes,,Rhabdocoela,Byrsophlebidae,Kaitalugia,,,
CAIDBLP-Eureka,Microstomum sp. 1,Genus,Dean Pentcheff,pentcheff@nhm.org ,Inventory,142210,Microstomum,Animalia,Platyhelminthes,,Dolichomicrostomida,Microstomidae,Microstomum,,,
CAIDBLP-Eureka,Ptychopera sp. 2,Genus,Dean Pentcheff,pentcheff@nhm.org ,Inventory,142442,Ptychopera,Animalia,Platyhelminthes,,Rhabdocoela,Trigonostomidae,Ptychopera,,,
CAIDBLP-Eureka,Pogaina sp. 2,Genus,Dean Pentcheff,pentcheff@nhm.org ,Inventory,142293,Pogaina,Animalia,Platyhelminthes,,Rhabdocoela,Provorticidae,Pogaina,,,
CAIDBLP-Eureka,Kaitalugia sp. 1,Genus,Dean Pentcheff,pentcheff@nhm.org ,Inventory,479883,Kaitalugia,Animalia,Platyhelminthes,,Rhabdocoela,Byrsophlebidae,Kaitalugia,,,
CAIDBLP-Eureka,Kaitalugia sp. 1,Genus,Dean Pentcheff,pentcheff@nhm.org ,Inventory,479883,Kaitalugia,Animalia,Platyhelminthes,,Rhabdocoela,Byrsophlebidae,Kaitalugia,,,
CAIDBLP-Eureka,Phonorhynchus sp. 1,Genus,Dean Pentcheff,pentcheff@nhm.org ,Inventory,142378,Phonorhynchus,Animalia,Platyhelminthes,,Rhabdocoela,Polycystididae,Phonorhynchus,,,
CAIDBLP-Eureka,Vorticeros sp. 1,Genus,Dean Pentcheff,pentcheff@nhm.org ,Inventory,142262,Vorticeros,Animalia,Platyhelminthes,,Prolecithophora,Plagiostomidae,Vorticeros,,,
CAIDBLP-Eureka,Pogaina sp. 2,Genus,Dean Pentcheff,pentcheff@nhm.org ,Inventory,142293,Pogaina,Animalia,Platyhelminthes,,Rhabdocoela,Provorticidae,Pogaina,,,
CAIDBLP-Eureka,Cicerina sp. 4,Genus,Dean Pentcheff,pentcheff@nhm.org ,Inventory,142311,Cicerina,Animalia,Platyhelminthes,,Rhabdocoela,Cicerinidae,Cicerina,,,
CAIDBLP-Eureka,Prolecithophora sp. 5,Higher,Dean Pentcheff,pentcheff@nhm.org ,Inventory,2854,Prolecithophora,Animalia,Platyhelminthes,,Prolecithophora,,,,,
CAIDBLP-Eureka,Pogaina sp. 2,Genus,Dean Pentcheff,pentcheff@nhm.org ,Inventory,142293,Pogaina,Animalia,Platyhelminthes,,Rhabdocoela,Provorticidae,Pogaina,,,
CAIDBLP-Eureka,Carcharodorhynchus sp. 1,Genus,Dean Pentcheff,pentcheff@nhm.org ,Inventory,142387,Carcharodorhynchus,Animalia,Platyhelminthes,,Rhabdocoela,Schizorhynchidae,Carcharodorhynchus,,,
CAIDBLP-Eureka,Carcharodorhynchus sp. 1,Genus,Dean Pentcheff,pentcheff@nhm.org ,Inventory,142387,Carcharodorhynchus,Animalia,Platyhelminthes,,Rhabdocoela,Schizorhynchidae,Carcharodorhynchus,,,
CAIDBLP-Eureka,Solenopharyngidae sp. 3,Family,Dean Pentcheff,pentcheff@nhm.org ,Inventory,142105,Solenopharyngidae,Animalia,Platyhelminthes,,Rhabdocoela,Solenopharyngidae,,,,
CAIDBLP-Eureka,Carcharodorhynchus sp. 3,Genus,Dean Pentcheff,pentcheff@nhm.org ,Inventory,142387,Carcharodorhynchus,Animalia,Platyhelminthes,,Rhabdocoela,Schizorhynchidae,Carcharodorhynchus,,,
CAIDBLP-Eureka,Solenopharyngidae sp. 3,Family,Dean Pentcheff,pentcheff@nhm.org ,Inventory,142105,Solenopharyngidae,Animalia,Platyhelminthes,,Rhabdocoela,Solenopharyngidae,,,,
CAIDBLP-Eureka,Myozonaria sp. 1,Genus,Dean Pentcheff,pentcheff@nhm.org ,Inventory,142201,Myozonaria,Animalia,Platyhelminthes,,Dolichomicrostomida,Dolichomacrostomidae,Myozonaria,,,
CAIDBLP-Eureka,Freddius sp. 1,Genus,Dean Pentcheff,pentcheff@nhm.org ,Inventory,1290118,Freddius,Animalia,Platyhelminthes,,Rhabdocoela,Cheliplanidae,Freddius,,,
CAIDBLP-Eureka,Schizorhynchia sp. 2,Higher,Dean Pentcheff,pentcheff@nhm.org ,Inventory,155663,Schizorhynchia,Animalia,Platyhelminthes,,Rhabdocoela,,,,,
CAIDBLP-Eureka,Microstomum sp. 2,Genus,Dean Pentcheff,pentcheff@nhm.org ,Inventory,142210,Microstomum,Animalia,Platyhelminthes,,Dolichomicrostomida,Microstomidae,Microstomum,,,
CAIDBLP-Eureka,Solenopharyngidae sp. 3,Family,Dean Pentcheff,pentcheff@nhm.org ,Inventory,142105,Solenopharyngidae,Animalia,Platyhelminthes,,Rhabdocoela,Solenopharyngidae,,,,
CAIDBLP-Eureka,Ampithoe lacertosa,Species,Dean Pentcheff,pentcheff@nhm.org ,Inventory,423106,Ampithoe lacertosa,Animalia,Arthropoda,Malacostraca,Amphipoda,Ampithoidae,Ampithoe,,lacertosa,
CAIDBLP-Eureka,Cymothoidae,Family,Dean Pentcheff,pentcheff@nhm.org ,Inventory,118274,Cymothoidae,Animalia,Arthropoda,Malacostraca,Isopoda,Cymothoidae,,,,
CAIDBLP-Eureka,Ampithoidae,Family,Dean Pentcheff,pentcheff@nhm.org ,Inventory,101366,Ampithoidae,Animalia,Arthropoda,Malacostraca,Amphipoda,Ampithoidae,,,,
CAIDBLP-Eureka,Heptacarpus franciscanus,Species,Dean Pentcheff,pentcheff@nhm.org ,Inventory,515248,Heptacarpus franciscanus,Animalia,Arthropoda,Malacostraca,Decapoda,Thoridae,Heptacarpus,,franciscanus,
CAIDBLP-Eureka,Glebocarcinus oregonensis,Species,Dean Pentcheff,pentcheff@nhm.org ,Inventory,440384,Glebocarcinus oregonensis,Animalia,Arthropoda,Malacostraca,Decapoda,Cancridae,Glebocarcinus,,oregonensis,
CAIDBLP-Eureka,Glebocarcinus oregonensis,Species,Dean Pentcheff,pentcheff@nhm.org ,Inventory,440384,Glebocarcinus oregonensis,Animalia,Arthropoda,Malacostraca,Decapoda,Cancridae,Glebocarcinus,,oregonensis,
CAIDBLP-Eureka,Ampithoidae,Family,Dean Pentcheff,pentcheff@nhm.org ,Inventory,101366,Ampithoidae,Animalia,Arthropoda,Malacostraca,Amphipoda,Ampithoidae,,,,
CAIDBLP-Eureka,Heptacarpus,Genus,Dean Pentcheff,pentcheff@nhm.org ,Inventory,248339,Heptacarpus,Animalia,Arthropoda,Malacostraca,Decapoda,Thoridae,Heptacarpus,,,
CAIDBLP-Eureka,Heptacarpus,Genus,Dean Pentcheff,pentcheff@nhm.org ,Inventory,248339,Heptacarpus,Animalia,Arthropoda,Malacostraca,Decapoda,Thoridae,Heptacarpus,,,
CAIDBLP-Eureka,Heptacarpus,Genus,Dean Pentcheff,pentcheff@nhm.org ,Inventory,248339,Heptacarpus,Animalia,Arthropoda,Malacostraca,Decapoda,Thoridae,Heptacarpus,,,
CAIDBLP-Eureka,Amphipoda,Higher,Dean Pentcheff,pentcheff@nhm.org ,Inventory,1135,Amphipoda,Animalia,Arthropoda,Malacostraca,Amphipoda,,,,,
CAIDBLP-Eureka,Amphipod,Higher,Dean Pentcheff,pentcheff@nhm.org ,Inventory,1135,Amphipoda,Animalia,Arthropoda,Malacostraca,Amphipoda,,,,,
CAIDBLP-Eureka,Amphipoda,Higher,Dean Pentcheff,pentcheff@nhm.org ,Inventory,1135,Amphipoda,Animalia,Arthropoda,Malacostraca,Amphipoda,,,,,
CAIDBLP-Eureka,Amphipoda,Higher,Dean Pentcheff,pentcheff@nhm.org ,Inventory,1135,Amphipoda,Animalia,Arthropoda,Malacostraca,Amphipoda,,,,,
CAIDBLP-Eureka,Heptacarpus,Genus,Dean Pentcheff,pentcheff@nhm.org ,Inventory,248339,Heptacarpus,Animalia,Arthropoda,Malacostraca,Decapoda,Thoridae,Heptacarpus,,,
CAIDBLP-Eureka,Heptacarpus,Genus,Dean Pentcheff,pentcheff@nhm.org ,Inventory,248339,Heptacarpus,Animalia,Arthropoda,Malacostraca,Decapoda,Thoridae,Heptacarpus,,,
CAIDBLP-Eureka,Hirudinea,Higher,Dean Pentcheff,pentcheff@nhm.org ,Inventory,2041,Hirudinea,Animalia,Annelida,Clitellata,,,,,,
CAIDBLP-Eureka,Cancridae,Family,Dean Pentcheff,pentcheff@nhm.org ,Inventory,106749,Cancridae,Animalia,Arthropoda,Malacostraca,Decapoda,Cancridae,,,,
CAIDBLP-Eureka,Cancer productus,Species,Dean Pentcheff,pentcheff@nhm.org ,Inventory,440382,Cancer productus,Animalia,Arthropoda,Malacostraca,Decapoda,Cancridae,Cancer,,productus,
CAIDBLP-Eureka,Bivalvia,Higher,Dean Pentcheff,pentcheff@nhm.org ,Inventory,105,Bivalvia,Animalia,Mollusca,Bivalvia,,,,,,
CAIDBLP-Eureka,Cryptomya californica,Species,Dean Pentcheff,pentcheff@nhm.org ,Inventory,397065,Cryptomya californica,Animalia,Mollusca,Bivalvia,Myida,Myidae,Cryptomya,,californica,
CAIDBLP-Eureka,Nereidae,Family,Dean Pentcheff,pentcheff@nhm.org ,Inventory,950,Nereidae,Animalia,Annelida,Polychaeta,Phyllodocida,Nereidae,,,,
CAIDBLP-Eureka,Pareurythoe californiensis,Species,Dean Pentcheff,pentcheff@nhm.org ,Inventory,334404,Pareurythoe californica,Animalia,Annelida,Polychaeta,Amphinomida,Amphinomidae,Pareurythoe,,californica,
CAIDBLP-Eureka,Cryptomya californica,Species,Dean Pentcheff,pentcheff@nhm.org ,Inventory,397065,Cryptomya californica,Animalia,Mollusca,Bivalvia,Myida,Myidae,Cryptomya,,californica,
CAIDBLP-Eureka,Cryptomya californica,Species,Dean Pentcheff,pentcheff@nhm.org ,Inventory,397065,Cryptomya californica,Animalia,Mollusca,Bivalvia,Myida,Myidae,Cryptomya,,californica,
CAIDBLP-Eureka,Pachycheles rudis,Species,Dean Pentcheff,pentcheff@nhm.org ,Inventory,492861,Pachycheles rudis,Animalia,Arthropoda,Malacostraca,Decapoda,Porcellanidae,Pachycheles,,rudis,
CAIDBLP-Eureka,pachycheles rudis,Species,Dean Pentcheff,pentcheff@nhm.org ,Inventory,492861,Pachycheles rudis,Animalia,Arthropoda,Malacostraca,Decapoda,Porcellanidae,Pachycheles,,rudis,
CAIDBLP-Eureka,Pachycheles rudis,Species,Dean Pentcheff,pentcheff@nhm.org ,Inventory,492861,Pachycheles rudis,Animalia,Arthropoda,Malacostraca,Decapoda,Porcellanidae,Pachycheles,,rudis,
CAIDBLP-Eureka,Betaeus setosus,Species,Dean Pentcheff,pentcheff@nhm.org ,Inventory,515050,Betaeus setosus,Animalia,Arthropoda,Malacostraca,Decapoda,Alpheidae,Betaeus,,setosus,
CAIDBLP-Eureka,Scleroplax schmitti,Species,Dean Pentcheff,pentcheff@nhm.org ,Inventory,1424669,Scleroplax schmitti,Animalia,Arthropoda,Malacostraca,Decapoda,Pinnotheridae,Scleroplax,,schmitti,
CAIDBLP-Eureka,Petrolisthes cinctipes,Species,Dean Pentcheff,pentcheff@nhm.org ,Inventory,431841,Petrolisthes cinctipes,Animalia,Arthropoda,Malacostraca,Decapoda,Porcellanidae,Petrolisthes,,cinctipes,
CAIDBLP-Eureka,Phoxocephalidae A,Family,Dean Pentcheff,pentcheff@nhm.org ,Inventory,101403,Phoxocephalidae,Animalia,Arthropoda,Malacostraca,Amphipoda,Phoxocephalidae,,,,
CAIDBLP-Eureka,Phoxocephalidae A,Family,Dean Pentcheff,pentcheff@nhm.org ,Inventory,101403,Phoxocephalidae,Animalia,Arthropoda,Malacostraca,Amphipoda,Phoxocephalidae,,,,
CAIDBLP-Eureka,Orchestid,Genus,Dean Pentcheff,pentcheff@nhm.org ,Inventory,101783,Orchestia,Animalia,Arthropoda,Malacostraca,Amphipoda,Talitridae,Orchestia,,,
CAIDBLP-Eureka,Pinnixa littoralis,Species,Dean Pentcheff,pentcheff@nhm.org ,Inventory,445046,Pinnixa littoralis,Animalia,Arthropoda,Malacostraca,Decapoda,Pinnotheridae,Pinnixa,,littoralis,
CAIDBLP-Eureka,Pinnixa littoralis,Species,Dean Pentcheff,pentcheff@nhm.org ,Inventory,445046,Pinnixa littoralis,Animalia,Arthropoda,Malacostraca,Decapoda,Pinnotheridae,Pinnixa,,littoralis,
CAIDBLP-Eureka,Scyra acutifrons,Species,Dean Pentcheff,pentcheff@nhm.org ,Inventory,441698,Scyra acutifrons,Animalia,Arthropoda,Malacostraca,Decapoda,Epialtidae,Scyra,,acutifrons,
CAIDBLP-Eureka,Crassadoma gigantea,Species,Dean Pentcheff,pentcheff@nhm.org ,Inventory,240774,Crassadoma gigantea,Animalia,Mollusca,Bivalvia,Pectinida,Pectinidae,Crassadoma,,gigantea,
CAIDBLP-Eureka,Balanus nubilus,Species,Dean Pentcheff,pentcheff@nhm.org ,Inventory,594745,Balanus nubilus,Animalia,Arthropoda,Thecostraca,Balanomorpha,Balanidae,Balanus,,nubilus,
CAIDBLP-Eureka,Balanus ? nubilus juv.,Species,Dean Pentcheff,pentcheff@nhm.org ,Inventory,594745,Balanus nubilus,Animalia,Arthropoda,Thecostraca,Balanomorpha,Balanidae,Balanus,,nubilus,
CAIDBLP-Eureka,Balanus,Genus,Dean Pentcheff,pentcheff@nhm.org ,Inventory,106122,Balanus,Animalia,Arthropoda,Thecostraca,Balanomorpha,Balanidae,Balanus,,,
CAIDBLP-Eureka,Phoxocephalidae,Family,Dean Pentcheff,pentcheff@nhm.org ,Inventory,101403,Phoxocephalidae,Animalia,Arthropoda,Malacostraca,Amphipoda,Phoxocephalidae,,,,
CAIDBLP-Eureka,"Cucumaria A speckled, odd",Genus,Dean Pentcheff,pentcheff@nhm.org ,Inventory,123479,Cucumaria,Animalia,Echinodermata,Holothuroidea,Dendrochirotida,Cucumariidae,Cucumaria,,,
CAIDBLP-Eureka,Chelyosoma,Genus,Dean Pentcheff,pentcheff@nhm.org ,Inventory,103494,Chelyosoma,Animalia,Chordata,Ascidiacea,Phlebobranchia,Corellidae,Chelyosoma,,,
CAIDBLP-Eureka,Chelyosoma,Genus,Dean Pentcheff,pentcheff@nhm.org ,Inventory,103494,Chelyosoma,Animalia,Chordata,Ascidiacea,Phlebobranchia,Corellidae,Chelyosoma,,,
CAIDBLP-Eureka,Chelyosoma,Genus,Dean Pentcheff,pentcheff@nhm.org ,Inventory,103494,Chelyosoma,Animalia,Chordata,Ascidiacea,Phlebobranchia,Corellidae,Chelyosoma,,,
CAIDBLP-Eureka,Eupentacta,Genus,Dean Pentcheff,pentcheff@nhm.org ,Inventory,528610,Eupentacta,Animalia,Echinodermata,Holothuroidea,Dendrochirotida,Sclerodactylidae,Eupentacta,,,
CAIDBLP-Eureka,Terebratalia transversa,Species,Dean Pentcheff,pentcheff@nhm.org ,Inventory,235615,Terebratalia transversa,Animalia,Brachiopoda,Rhynchonellata,Terebratulida,Terebrataliidae,Terebratalia,,transversa,
CAIDBLP-Eureka,Terebratalia transversa,Species,Dean Pentcheff,pentcheff@nhm.org ,Inventory,235615,Terebratalia transversa,Animalia,Brachiopoda,Rhynchonellata,Terebratulida,Terebrataliidae,Terebratalia,,transversa,
CAIDBLP-Eureka,Cucumaria miniata,Species,Dean Pentcheff,pentcheff@nhm.org ,Inventory,225807,Cucumaria miniata,Animalia,Echinodermata,Holothuroidea,Dendrochirotida,Cucumariidae,Cucumaria,,miniata,
CAIDBLP-Eureka,Cucumaria A,Genus,Dean Pentcheff,pentcheff@nhm.org ,Inventory,123479,Cucumaria,Animalia,Echinodermata,Holothuroidea,Dendrochirotida,Cucumariidae,Cucumaria,,,
CAIDBLP-Eureka,Cucumaria A,Genus,Dean Pentcheff,pentcheff@nhm.org ,Inventory,123479,Cucumaria,Animalia,Echinodermata,Holothuroidea,Dendrochirotida,Cucumariidae,Cucumaria,,,
CAIDBLP-Eureka,Cucumaria A juv. or lubrica?,Genus,Dean Pentcheff,pentcheff@nhm.org ,Inventory,123479,Cucumaria,Animalia,Echinodermata,Holothuroidea,Dendrochirotida,Cucumariidae,Cucumaria,,,
CAIDBLP-Eureka,Cucumaria A juv. or lubrica?,Genus,Dean Pentcheff,pentcheff@nhm.org ,Inventory,123479,Cucumaria,Animalia,Echinodermata,Holothuroidea,Dendrochirotida,Cucumariidae,Cucumaria,,,
CAIDBLP-Eureka,Cucumaria A juv. or lubrica?,Genus,Dean Pentcheff,pentcheff@nhm.org ,Inventory,123479,Cucumaria,Animalia,Echinodermata,Holothuroidea,Dendrochirotida,Cucumariidae,Cucumaria,,,
CAIDBLP-Eureka,Cucumaria miniata,Species,Dean Pentcheff,pentcheff@nhm.org ,Inventory,225807,Cucumaria miniata,Animalia,Echinodermata,Holothuroidea,Dendrochirotida,Cucumariidae,Cucumaria,,miniata,
CAIDBLP-Eureka,Lottiidae Scutellastra - like,Family,Dean Pentcheff,pentcheff@nhm.org ,Inventory,7173,Lottiidae,Animalia,Mollusca,Gastropoda,Nacellida,Lottiidae,,,,
CAIDBLP-Eureka,Cyclostomata,Higher,Dean Pentcheff,pentcheff@nhm.org ,Inventory,160487,Cyclostomata,Animalia,Bryozoa,Stenolaemata,Cyclostomata,,,,,
CAIDBLP-Eureka,Petrolisthes cinctipes,Species,Dean Pentcheff,pentcheff@nhm.org ,Inventory,431841,Petrolisthes cinctipes,Animalia,Arthropoda,Malacostraca,Decapoda,Porcellanidae,Petrolisthes,,cinctipes,
CAIDBLP-Eureka,Pachycheles rudis,Species,Dean Pentcheff,pentcheff@nhm.org ,Inventory,492861,Pachycheles rudis,Animalia,Arthropoda,Malacostraca,Decapoda,Porcellanidae,Pachycheles,,rudis,
CAIDBLP-Eureka,Callianax biplicata,Species,Dean Pentcheff,pentcheff@nhm.org ,Inventory,1424883,Callianax biplicata,Animalia,Mollusca,Gastropoda,Neogastropoda,Olividae,Callianax,,biplicata,
CAIDBLP-Eureka,Callianax pycna,Species,Dean Pentcheff,pentcheff@nhm.org ,Inventory,1674302,Callianax pycna,Animalia,Mollusca,Gastropoda,Neogastropoda,Olividae,Callianax,,pycna,
CAIDBLP-Eureka,Nassarius mendicus,Species,Dean Pentcheff,pentcheff@nhm.org ,Inventory,560256,Nassarius mendicus,Animalia,Mollusca,Gastropoda,Neogastropoda,Nassariidae,Nassarius,,mendicus,
CAIDBLP-Eureka,Nassarius mendicus,Species,Dean Pentcheff,pentcheff@nhm.org ,Inventory,560256,Nassarius mendicus,Animalia,Mollusca,Gastropoda,Neogastropoda,Nassariidae,Nassarius,,mendicus,
CAIDBLP-Eureka,Nucella lamellosa,Species,Dean Pentcheff,pentcheff@nhm.org ,Inventory,404218,Nucella lamellosa,Animalia,Mollusca,Gastropoda,Neogastropoda,Muricidae,Nucella,,lamellosa,
CAIDBLP-Eureka,Nucella lamellosa,Species,Dean Pentcheff,pentcheff@nhm.org ,Inventory,404218,Nucella lamellosa,Animalia,Mollusca,Gastropoda,Neogastropoda,Muricidae,Nucella,,lamellosa,
CAIDBLP-Eureka,Siliqua patula,Species,Dean Pentcheff,pentcheff@nhm.org ,Inventory,536684,Siliqua patula,Animalia,Mollusca,Bivalvia,Adapedonta,Pharidae,Siliqua,,patula,
CAIDBLP-Eureka,Hyalina arctica,Species,Dean Pentcheff,pentcheff@nhm.org ,Inventory,1365671,Hyalina arctica,Animalia,Mollusca,Gastropoda,Stylommatophora,Vitrinidae,Hyalina,,arctica,
CAIDBLP-Eureka,Nucella lamellosa,Species,Dean Pentcheff,pentcheff@nhm.org ,Inventory,404218,Nucella lamellosa,Animalia,Mollusca,Gastropoda,Neogastropoda,Muricidae,Nucella,,lamellosa,
CAIDBLP-Eureka,Amphissa,Genus,Dean Pentcheff,pentcheff@nhm.org ,Inventory,137801,Amphissa,Animalia,Mollusca,Gastropoda,Neogastropoda,Columbellidae,Amphissa,,,
CAIDBLP-Eureka,Ceratostoma foliata,Species,Dean Pentcheff,pentcheff@nhm.org ,Inventory,240767,Ceratostoma foliatum,Animalia,Mollusca,Gastropoda,Neogastropoda,Muricidae,Ceratostoma,,foliatum,
CAIDBLP-Eureka,Nucella ostrina,Species,Dean Pentcheff,pentcheff@nhm.org ,Inventory,404225,Nucella ostrina,Animalia,Mollusca,Gastropoda,Neogastropoda,Muricidae,Nucella,,ostrina,
CAIDBLP-Eureka,Calliostoma ligatum,Species,Dean Pentcheff,pentcheff@nhm.org ,Inventory,580412,Calliostoma ligatum,Animalia,Mollusca,Gastropoda,Trochida,Calliostomatidae,Calliostoma,,ligatum,
CAIDBLP-Eureka,Corophiidae,Family,Dean Pentcheff,pentcheff@nhm.org ,Inventory,101376,Corophiidae,Animalia,Arthropoda,Malacostraca,Amphipoda,Corophiidae,,,,
CAIDBLP-Eureka,Myosotella myosotis,Species,Dean Pentcheff,pentcheff@nhm.org ,Inventory,139673,Myosotella myosotis,Animalia,Mollusca,Gastropoda,Ellobiida,Ellobiidae,Myosotella,,myosotis,
CAIDBLP-Eureka,Myosotella myosotis,Species,Dean Pentcheff,pentcheff@nhm.org ,Inventory,139673,Myosotella myosotis,Animalia,Mollusca,Gastropoda,Ellobiida,Ellobiidae,Myosotella,,myosotis,
CAIDBLP-Eureka,Myosotella myosotis,Species,Dean Pentcheff,pentcheff@nhm.org ,Inventory,139673,Myosotella myosotis,Animalia,Mollusca,Gastropoda,Ellobiida,Ellobiidae,Myosotella,,myosotis,
CAIDBLP-Eureka,Myosotella myosotis,Species,Dean Pentcheff,pentcheff@nhm.org ,Inventory,139673,Myosotella myosotis,Animalia,Mollusca,Gastropoda,Ellobiida,Ellobiidae,Myosotella,,myosotis,
CAIDBLP-Eureka,Venerupis philippinarum,Species,Dean Pentcheff,pentcheff@nhm.org ,Inventory,1870322,Venerupis philippinarum,Animalia,Mollusca,Bivalvia,Venerida,Veneridae,Venerupis,,philippinarum,
CAIDBLP-Eureka,Venerupis philippinarum,Species,Dean Pentcheff,pentcheff@nhm.org ,Inventory,1870322,Venerupis philippinarum,Animalia,Mollusca,Bivalvia,Venerida,Veneridae,Venerupis,,philippinarum,
CAIDBLP-Eureka,Ostreidae,Family,Dean Pentcheff,pentcheff@nhm.org ,Inventory,215,Ostreidae,Animalia,Mollusca,Bivalvia,Ostreida,Ostreidae,,,,
CAIDBLP-Eureka,,,Dean Pentcheff,pentcheff@nhm.org ,Inventory,,,,,,,,,,,
CAIDBLP-Eureka,,,Dean Pentcheff,pentcheff@nhm.org ,Inventory,,,,,,,,,,,
CAIDBLP-Eureka,,,Dean Pentcheff,pentcheff@nhm.org ,Inventory,,,,,,,,,,,
CAIDBLP-Eureka,,,Dean Pentcheff,pentcheff@nhm.org ,Inventory,,,,,,,,,,,
CAIDBLP-Eureka,,,Dean Pentcheff,pentcheff@nhm.org ,Inventory,,,,,,,,,,,
CAIDBLP-Eureka,,,Dean Pentcheff,pentcheff@nhm.org ,Inventory,,,,,,,,,,,
CAIDBLP-Eureka,,,Dean Pentcheff,pentcheff@nhm.org ,Inventory,,,,,,,,,,,
CAIDBLP-Eureka,,,Dean Pentcheff,pentcheff@nhm.org ,Inventory,,,,,,,,,,,
CAIDBLP-Eureka,,,Dean Pentcheff,pentcheff@nhm.org ,Inventory,,,,,,,,,,,
CAIDBLP-Eureka,Diaphorodoris lirulatocauda,Species,Dean Pentcheff,pentcheff@nhm.org ,Inventory,581691,Diaphorodoris lirulatocauda,Animalia,Mollusca,Gastropoda,Doridida,Calycidorididae,Diaphorodoris,,lirulatocauda,
CAIDBLP-Eureka,Rostanga sp.,Genus,Dean Pentcheff,pentcheff@nhm.org ,Inventory,138461,Rostanga,Animalia,Mollusca,Gastropoda,Doridida,Discodorididae,Rostanga,,,
CAIDBLP-Eureka,Acanthodoris rhodocera,Species,Dean Pentcheff,pentcheff@nhm.org ,Inventory,535687,Acanthodoris rhodoceras,Animalia,Mollusca,Gastropoda,Doridida,Acanthodorididae,Acanthodoris,,rhodoceras,
CAIDBLP-Eureka,Onchidoris bilamellata,Species,Dean Pentcheff,pentcheff@nhm.org ,Inventory,150457,Onchidoris bilamellata,Animalia,Mollusca,Gastropoda,Doridida,Onchidorididae,Onchidoris,,bilamellata,
CAIDBLP-Eureka,Atalodoris jannae,Species,Dean Pentcheff,pentcheff@nhm.org ,Inventory,1565340,Atalodoris jannae,Animalia,Mollusca,Gastropoda,Doridida,Onchidorididae,Atalodoris,,jannae,
CAIDBLP-Eureka,Triopha maculata,Species,Dean Pentcheff,pentcheff@nhm.org ,Inventory,531262,Triopha maculata,Animalia,Mollusca,Gastropoda,Doridida,Polyceridae,Triopha,,maculata,
CAIDBLP-Eureka,Doris montereyensis,Species,Dean Pentcheff,pentcheff@nhm.org ,Inventory,581816,Doris montereyensis,Animalia,Mollusca,Gastropoda,Doridida,Dorididae,Doris,,montereyensis,
CAIDBLP-Eureka,Flabellinopsis iodinea,Species,Dean Pentcheff,pentcheff@nhm.org ,Inventory,1047483,Flabellinopsis iodinea,Animalia,Mollusca,Gastropoda,Nudibranchia,Flabellinopsidae,Flabellinopsis,,iodinea,
CAIDBLP-Eureka,Diaulula odonoghuei,Species,Dean Pentcheff,pentcheff@nhm.org ,Inventory,890436,Diaulula odonoghuei,Animalia,Mollusca,Gastropoda,Doridida,Discodorididae,Diaulula,,odonoghuei,
CAIDBLP-Eureka,Acanthodoris nanaimoensis,Species,Dean Pentcheff,pentcheff@nhm.org ,Inventory,535685,Acanthodoris nanaimoensis,Animalia,Mollusca,Gastropoda,Doridida,Acanthodorididae,Acanthodoris,,nanaimoensis,
CAIDBLP-Eureka,Triopha catalinae,Species,Dean Pentcheff,pentcheff@nhm.org ,Inventory,531258,Triopha catalinae,Animalia,Mollusca,Gastropoda,Doridida,Polyceridae,Triopha,,catalinae,
CAIDBLP-Eureka,Hermissenda opalescens,Species,Dean Pentcheff,pentcheff@nhm.org ,Inventory,877759,Hermissenda opalescens,Animalia,Mollusca,Gastropoda,Nudibranchia,Myrrhinidae,Hermissenda,,opalescens,
CAIDBLP-Eureka,Doris montereyensis,Species,Dean Pentcheff,pentcheff@nhm.org ,Inventory,581816,Doris montereyensis,Animalia,Mollusca,Gastropoda,Doridida,Dorididae,Doris,,montereyensis,
CAIDBLP-Eureka,Aeolidia papillosa,Species,Dean Pentcheff,pentcheff@nhm.org ,Inventory,138709,Aeolidia papillosa,Animalia,Mollusca,Gastropoda,Nudibranchia,Aeolidiidae,Aeolidia,,papillosa,
CAIDBLP-Eureka,,,Dean Pentcheff,pentcheff@nhm.org ,Inventory,,,,,,,,,,,
CAIDBLP-Eureka,"Coryphella sp. ""Brenna""",Genus,Dean Pentcheff,pentcheff@nhm.org ,Inventory,138018,Coryphella,Animalia,Mollusca,Gastropoda,Nudibranchia,Flabellinidae,Coryphella,,,
CAIDBLP-Eureka,,,Dean Pentcheff,pentcheff@nhm.org ,Inventory,,,,,,,,,,,
CAIDBLP-Eureka,Acanthodoris lutea,Species,Dean Pentcheff,pentcheff@nhm.org ,Inventory,535686,Acanthodoris lutea,Animalia,Mollusca,Gastropoda,Doridida,Acanthodorididae,Acanthodoris,,lutea,
CAIDBLP-Eureka,Onchidoris bilamellata,Species,Dean Pentcheff,pentcheff@nhm.org ,Inventory,150457,Onchidoris bilamellata,Animalia,Mollusca,Gastropoda,Doridida,Onchidorididae,Onchidoris,,bilamellata,
CAIDBLP-Eureka,Diaulula sandiegensis,Species,Dean Pentcheff,pentcheff@nhm.org ,Inventory,536817,Diaulula sandiegensis,Animalia,Mollusca,Gastropoda,Doridida,Discodorididae,Diaulula,,sandiegensis,
CAIDBLP-Eureka,Hermissenda opalescens,Species,Dean Pentcheff,pentcheff@nhm.org ,Inventory,877759,Hermissenda opalescens,Animalia,Mollusca,Gastropoda,Nudibranchia,Myrrhinidae,Hermissenda,,opalescens,
CAIDBLP-Eureka,Hermissenda opalescens,Species,Dean Pentcheff,pentcheff@nhm.org ,Inventory,877759,Hermissenda opalescens,Animalia,Mollusca,Gastropoda,Nudibranchia,Myrrhinidae,Hermissenda,,opalescens,
CAIDBLP-Eureka,Hermissenda crassicornis,Species,Dean Pentcheff,pentcheff@nhm.org ,Inventory,367883,Hermissenda crassicornis,Animalia,Mollusca,Gastropoda,Nudibranchia,Myrrhinidae,Hermissenda,,crassicornis,
CAIDBLP-Eureka,Cuthona rolleri,Species,Dean Pentcheff,pentcheff@nhm.org ,Inventory,581886,Cuthona rolleri,Animalia,Mollusca,Gastropoda,Nudibranchia,Cuthonidae,Cuthona,,rolleri,
CAIDBLP-Eureka,Dialula sandiegensis,Species,Dean Pentcheff,pentcheff@nhm.org ,Inventory,536817,Diaulula sandiegensis,Animalia,Mollusca,Gastropoda,Doridida,Discodorididae,Diaulula,,sandiegensis,
CAIDBLP-Eureka,Geitodoris heathi,Species,Dean Pentcheff,pentcheff@nhm.org ,Inventory,579047,Geitodoris heathi,Animalia,Mollusca,Gastropoda,Doridida,Discodorididae,Geitodoris,,heathi,
CAIDBLP-Eureka,Dirona picta,Species,Dean Pentcheff,pentcheff@nhm.org ,Inventory,558927,Dirona picta,Animalia,Mollusca,Gastropoda,Nudibranchia,Dironidae,Dirona,,picta,
CAIDBLP-Eureka,Ancula pacifica,Species,Dean Pentcheff,pentcheff@nhm.org ,Inventory,581643,Ancula pacifica,Animalia,Mollusca,Gastropoda,Doridida,Goniodorididae,Ancula,,pacifica,
CAIDBLP-Eureka,Hermissenda opalescens,Species,Dean Pentcheff,pentcheff@nhm.org ,Inventory,877759,Hermissenda opalescens,Animalia,Mollusca,Gastropoda,Nudibranchia,Myrrhinidae,Hermissenda,,opalescens,
CAIDBLP-Eureka,Tenellia albocrusta,Species,Dean Pentcheff,pentcheff@nhm.org ,Inventory,986813,Tenellia albocrusta,Animalia,Mollusca,Gastropoda,Nudibranchia,Trinchesiidae,Tenellia,,albocrusta,
CAIDBLP-Eureka,Cerebratulus sp. BOBA008?,Genus,Dean Pentcheff,pentcheff@nhm.org ,Inventory,122348,Cerebratulus,Animalia,Nemertea,Pilidiophora,Heteronemertea,Lineidae,Cerebratulus,,,
CAIDBLP-Eureka,Zygonemertes sp.,Genus,Dean Pentcheff,pentcheff@nhm.org ,Inventory,122400,Zygonemertes,Animalia,Nemertea,Hoplonemertea,Monostilifera,Zygonemertidae,Zygonemertes,,,
CAIDBLP-Eureka,Maculaura sp.,Genus,Dean Pentcheff,pentcheff@nhm.org ,Inventory,894171,Maculaura,Animalia,Nemertea,Pilidiophora,Heteronemertea,Lineidae,Maculaura,,,
CAIDBLP-Eureka,Carinoma sp,Genus,Dean Pentcheff,pentcheff@nhm.org ,Inventory,122378,Carinoma,Animalia,Nemertea,Palaeonemertea,Carinomiformes,Carinomidae,Carinoma,,,
CAIDBLP-Eureka,Carinoma sp,Genus,Dean Pentcheff,pentcheff@nhm.org ,Inventory,122378,Carinoma,Animalia,Nemertea,Palaeonemertea,Carinomiformes,Carinomidae,Carinoma,,,
CAIDBLP-Eureka,Micrura wilsoni,Species,Dean Pentcheff,pentcheff@nhm.org ,Inventory,155917,Micrura wilsoni,Animalia,Nemertea,Pilidiophora,Heteronemertea,Lineidae,Micrura,,wilsoni,
CAIDBLP-Eureka,Cerebratulus sp. 1 (nov.),Genus,Dean Pentcheff,pentcheff@nhm.org ,Inventory,122348,Cerebratulus,Animalia,Nemertea,Pilidiophora,Heteronemertea,Lineidae,Cerebratulus,,,
CAIDBLP-Eureka,Cerebratulus sp. 1 (nov.),Genus,Dean Pentcheff,pentcheff@nhm.org ,Inventory,122348,Cerebratulus,Animalia,Nemertea,Pilidiophora,Heteronemertea,Lineidae,Cerebratulus,,,
CAIDBLP-Eureka,Cerebratulus sp. 1 (nov.),Genus,Dean Pentcheff,pentcheff@nhm.org ,Inventory,122348,Cerebratulus,Animalia,Nemertea,Pilidiophora,Heteronemertea,Lineidae,Cerebratulus,,,
CAIDBLP-Eureka,Cerebratulus sp. 1 (nov.),Genus,Dean Pentcheff,pentcheff@nhm.org ,Inventory,122348,Cerebratulus,Animalia,Nemertea,Pilidiophora,Heteronemertea,Lineidae,Cerebratulus,,,
CAIDBLP-Eureka,Cerebratulus sp. 1 (nov.),Genus,Dean Pentcheff,pentcheff@nhm.org ,Inventory,122348,Cerebratulus,Animalia,Nemertea,Pilidiophora,Heteronemertea,Lineidae,Cerebratulus,,,
CAIDBLP-Eureka,Cerebratulus sp. BOBA008?,Genus,Dean Pentcheff,pentcheff@nhm.org ,Inventory,122348,Cerebratulus,Animalia,Nemertea,Pilidiophora,Heteronemertea,Lineidae,Cerebratulus,,,
CAIDBLP-Eureka,Cerebratulus sp. 1,Genus,Dean Pentcheff,pentcheff@nhm.org ,Inventory,122348,Cerebratulus,Animalia,Nemertea,Pilidiophora,Heteronemertea,Lineidae,Cerebratulus,,,
CAIDBLP-Eureka,Cerebratulus sp. 1,Genus,Dean Pentcheff,pentcheff@nhm.org ,Inventory,122348,Cerebratulus,Animalia,Nemertea,Pilidiophora,Heteronemertea,Lineidae,Cerebratulus,,,
CAIDBLP-Eureka,Cerebratulus sp. 1,Genus,Dean Pentcheff,pentcheff@nhm.org ,Inventory,122348,Cerebratulus,Animalia,Nemertea,Pilidiophora,Heteronemertea,Lineidae,Cerebratulus,,,
CAIDBLP-Eureka,Cerebratulus sp. 1,Genus,Dean Pentcheff,pentcheff@nhm.org ,Inventory,122348,Cerebratulus,Animalia,Nemertea,Pilidiophora,Heteronemertea,Lineidae,Cerebratulus,,,
CAIDBLP-Eureka,Cerebratulus sp. 1,Genus,Dean Pentcheff,pentcheff@nhm.org ,Inventory,122348,Cerebratulus,Animalia,Nemertea,Pilidiophora,Heteronemertea,Lineidae,Cerebratulus,,,
CAIDBLP-Eureka,Cerebratulus sp. 1,Genus,Dean Pentcheff,pentcheff@nhm.org ,Inventory,122348,Cerebratulus,Animalia,Nemertea,Pilidiophora,Heteronemertea,Lineidae,Cerebratulus,,,
CAIDBLP-Eureka,Cerebratulus sp. BOBA008?,Genus,Dean Pentcheff,pentcheff@nhm.org ,Inventory,122348,Cerebratulus,Animalia,Nemertea,Pilidiophora,Heteronemertea,Lineidae,Cerebratulus,,,
CAIDBLP-Eureka,Maculaura oregonensis?,Species,Dean Pentcheff,pentcheff@nhm.org ,Inventory,894176,Maculaura oregonensis,Animalia,Nemertea,Pilidiophora,Heteronemertea,Lineidae,Maculaura,,oregonensis,
CAIDBLP-Eureka,Zygonemertes sp.,Genus,Dean Pentcheff,pentcheff@nhm.org ,Inventory,122400,Zygonemertes,Animalia,Nemertea,Hoplonemertea,Monostilifera,Zygonemertidae,Zygonemertes,,,
CAIDBLP-Eureka,Zygonemertes sp.,Genus,Dean Pentcheff,pentcheff@nhm.org ,Inventory,122400,Zygonemertes,Animalia,Nemertea,Hoplonemertea,Monostilifera,Zygonemertidae,Zygonemertes,,,
CAIDBLP-Eureka,Paranemertes sp.,Genus,Dean Pentcheff,pentcheff@nhm.org ,Inventory,122406,Paranemertes,Animalia,Nemertea,Hoplonemertea,Monostilifera,Neesiidae,Paranemertes,,,
CAIDBLP-Eureka,Paranemertes sp.,Genus,Dean Pentcheff,pentcheff@nhm.org ,Inventory,122406,Paranemertes,Animalia,Nemertea,Hoplonemertea,Monostilifera,Neesiidae,Paranemertes,,,
CAIDBLP-Eureka,Paranemertes sp.,Genus,Dean Pentcheff,pentcheff@nhm.org ,Inventory,122406,Paranemertes,Animalia,Nemertea,Hoplonemertea,Monostilifera,Neesiidae,Paranemertes,,,
CAIDBLP-Eureka,Paranemertes sp.,Genus,Dean Pentcheff,pentcheff@nhm.org ,Inventory,122406,Paranemertes,Animalia,Nemertea,Hoplonemertea,Monostilifera,Neesiidae,Paranemertes,,,
CAIDBLP-Eureka,Paranemertes sp.,Genus,Dean Pentcheff,pentcheff@nhm.org ,Inventory,122406,Paranemertes,Animalia,Nemertea,Hoplonemertea,Monostilifera,Neesiidae,Paranemertes,,,
CAIDBLP-Eureka,Paranemertes sp.,Genus,Dean Pentcheff,pentcheff@nhm.org ,Inventory,122406,Paranemertes,Animalia,Nemertea,Hoplonemertea,Monostilifera,Neesiidae,Paranemertes,,,
CAIDBLP-Eureka,Paranemertes sp.,Genus,Dean Pentcheff,pentcheff@nhm.org ,Inventory,122406,Paranemertes,Animalia,Nemertea,Hoplonemertea,Monostilifera,Neesiidae,Paranemertes,,,
CAIDBLP-Eureka,Paranemertes sp.,Genus,Dean Pentcheff,pentcheff@nhm.org ,Inventory,122406,Paranemertes,Animalia,Nemertea,Hoplonemertea,Monostilifera,Neesiidae,Paranemertes,,,
CAIDBLP-Eureka,Clevelandia ios,Species,Dean Pentcheff,pentcheff@nhm.org ,Inventory,280215,Clevelandia ios,Animalia,Chordata,Teleostei,Gobiiformes,Gobiidae,Clevelandia,,ios,
CAIDBLP-Eureka,Clevelandia ios,Species,Dean Pentcheff,pentcheff@nhm.org ,Inventory,280215,Clevelandia ios,Animalia,Chordata,Teleostei,Gobiiformes,Gobiidae,Clevelandia,,ios,
CAIDBLP-Eureka,Haustoriidae,Family,Dean Pentcheff,pentcheff@nhm.org ,Inventory,101384,Haustoriidae,Animalia,Arthropoda,Malacostraca,Amphipoda,Haustoriidae,,,,
CAIDBLP-Eureka,Phoxocephalidae,Family,Dean Pentcheff,pentcheff@nhm.org ,Inventory,101403,Phoxocephalidae,Animalia,Arthropoda,Malacostraca,Amphipoda,Phoxocephalidae,,,,
CAIDBLP-Eureka,pachycheles rudis,Species,Dean Pentcheff,pentcheff@nhm.org ,Inventory,492861,Pachycheles rudis,Animalia,Arthropoda,Malacostraca,Decapoda,Porcellanidae,Pachycheles,,rudis,
CAIDBLP-Eureka,Macoma nasuta,Species,Dean Pentcheff,pentcheff@nhm.org ,Inventory,582761,Macoma nasuta,Animalia,Mollusca,Bivalvia,Cardiida,Tellinidae,Macoma,,nasuta,
CAIDBLP-Eureka,Macoma nasuta,Species,Dean Pentcheff,pentcheff@nhm.org ,Inventory,582761,Macoma nasuta,Animalia,Mollusca,Bivalvia,Cardiida,Tellinidae,Macoma,,nasuta,
CAIDBLP-Eureka,Clinocardium nuttalli,Species,Dean Pentcheff,pentcheff@nhm.org ,Inventory,381980,Clinocardium nuttallii,Animalia,Mollusca,Bivalvia,Cardiida,Cardiidae,Clinocardium,,nuttallii,
CAIDBLP-Eureka,Saxidomus,Genus,Dean Pentcheff,pentcheff@nhm.org ,Inventory,367777,Saxidomus,Animalia,Mollusca,Bivalvia,Venerida,Veneridae,Saxidomus,,,
CAIDBLP-Eureka,Tunicata,Higher,Dean Pentcheff,pentcheff@nhm.org ,Inventory,146420,Tunicata,Animalia,Chordata,,,,,,,
CAIDBLP-Eureka,Tunicata,Higher,Dean Pentcheff,pentcheff@nhm.org ,Inventory,146420,Tunicata,Animalia,Chordata,,,,,,,
CAIDBLP-Eureka,Rhamphidonta retifera,Species,Dean Pentcheff,pentcheff@nhm.org ,Inventory,582734,Rhamphidonta retifera,Animalia,Mollusca,Bivalvia,Galeommatida,Lasaeidae,Rhamphidonta,,retifera,
CAIDBLP-Eureka,Rhamphidonta retifera,Species,Dean Pentcheff,pentcheff@nhm.org ,Inventory,582734,Rhamphidonta retifera,Animalia,Mollusca,Bivalvia,Galeommatida,Lasaeidae,Rhamphidonta,,retifera,
CAIDBLP-Eureka,Rhamphidonta retifera,Species,Dean Pentcheff,pentcheff@nhm.org ,Inventory,582734,Rhamphidonta retifera,Animalia,Mollusca,Bivalvia,Galeommatida,Lasaeidae,Rhamphidonta,,retifera,
CAIDBLP-Eureka,Rhamphidonta retifera,Species,Dean Pentcheff,pentcheff@nhm.org ,Inventory,582734,Rhamphidonta retifera,Animalia,Mollusca,Bivalvia,Galeommatida,Lasaeidae,Rhamphidonta,,retifera,
CAIDBLP-Eureka,Cryptomya californica,Species,Dean Pentcheff,pentcheff@nhm.org ,Inventory,397065,Cryptomya californica,Animalia,Mollusca,Bivalvia,Myida,Myidae,Cryptomya,,californica,
CAIDBLP-Eureka,Cryptomya californica,Species,Dean Pentcheff,pentcheff@nhm.org ,Inventory,397065,Cryptomya californica,Animalia,Mollusca,Bivalvia,Myida,Myidae,Cryptomya,,californica,
CAIDBLP-Eureka,Siliqua patula,Species,Dean Pentcheff,pentcheff@nhm.org ,Inventory,536684,Siliqua patula,Animalia,Mollusca,Bivalvia,Adapedonta,Pharidae,Siliqua,,patula,
CAIDBLP-Eureka,Acotylea,Higher,Dean Pentcheff,pentcheff@nhm.org ,Inventory,479182,Acotylea,Animalia,Platyhelminthes,,Polycladida,,,,,
CAIDBLP-Eureka,Acotylea,Higher,Dean Pentcheff,pentcheff@nhm.org ,Inventory,479182,Acotylea,Animalia,Platyhelminthes,,Polycladida,,,,,
CAIDBLP-Eureka,Octopus rubescens,Species,Dean Pentcheff,pentcheff@nhm.org ,Inventory,342023,Octopus rubescens,Animalia,Mollusca,Cephalopoda,Octopoda,Octopodidae,Octopus,,rubescens,
CAIDBLP-Eureka,Phyllaplysia taylori,Species,Dean Pentcheff,pentcheff@nhm.org ,Inventory,568034,Phyllaplysia taylori,Animalia,Mollusca,Gastropoda,Aplysiida,Aplysiidae,Phyllaplysia,,taylori,
CAIDBLP-Eureka,Acotylea,Higher,Dean Pentcheff,pentcheff@nhm.org ,Inventory,479182,Acotylea,Animalia,Platyhelminthes,,Polycladida,,,,,
CAIDBLP-Eureka,Pyura haustor,Species,Dean Pentcheff,pentcheff@nhm.org ,Inventory,251266,Pyura haustor,Animalia,Chordata,Ascidiacea,Stolidobranchia,Pyuridae,Pyura,,haustor,
CAIDBLP-Eureka,Pyura haustor,Species,Dean Pentcheff,pentcheff@nhm.org ,Inventory,251266,Pyura haustor,Animalia,Chordata,Ascidiacea,Stolidobranchia,Pyuridae,Pyura,,haustor,
CAIDBLP-Eureka,Cheilostomatida,Higher,Dean Pentcheff,pentcheff@nhm.org ,Inventory,110722,Cheilostomatida,Animalia,Bryozoa,Gymnolaemata,Cheilostomatida,,,,,
CAIDBLP-Eureka,Ampithoe,Genus,Dean Pentcheff,pentcheff@nhm.org ,Inventory,101459,Ampithoe,Animalia,Arthropoda,Malacostraca,Amphipoda,Ampithoidae,Ampithoe,,,
CAIDBLP-Eureka,Anthopleura elegantissima,Species,Dean Pentcheff,pentcheff@nhm.org ,Inventory,283347,Anthopleura elegantissima,Animalia,Cnidaria,Hexacorallia,Actiniaria,Actiniidae,Anthopleura,,elegantissima,
CAIDBLP-Eureka,Porcellanidae,Family,Dean Pentcheff,pentcheff@nhm.org ,Inventory,106734,Porcellanidae,Animalia,Arthropoda,Malacostraca,Decapoda,Porcellanidae,,,,
CAIDBLP-Eureka,Amphipoda,Higher,Dean Pentcheff,pentcheff@nhm.org ,Inventory,1135,Amphipoda,Animalia,Arthropoda,Malacostraca,Amphipoda,,,,,
CAIDBLP-Eureka,Spiochaetopterus Pottsi,Genus,Dean Pentcheff,pentcheff@nhm.org ,Inventory,129233,Spiochaetopterus,Animalia,Annelida,Polychaeta,,Chaetopteridae,Spiochaetopterus,,,
CAIDBLP-Eureka,Spiochaetopterus Pottsi,Genus,Dean Pentcheff,pentcheff@nhm.org ,Inventory,129233,Spiochaetopterus,Animalia,Annelida,Polychaeta,,Chaetopteridae,Spiochaetopterus,,,
CAIDBLP-Eureka,Spiochaetopterus Pottsi,Genus,Dean Pentcheff,pentcheff@nhm.org ,Inventory,129233,Spiochaetopterus,Animalia,Annelida,Polychaeta,,Chaetopteridae,Spiochaetopterus,,,
CAIDBLP-Eureka,Pista Pacifica,Species,Dean Pentcheff,pentcheff@nhm.org ,Inventory,330775,Pista pacifica,Animalia,Annelida,Polychaeta,Terebellida,Terebellidae,Pista,,pacifica,
CAIDBLP-Eureka,Halosydna sp. 'orange',Genus,Dean Pentcheff,pentcheff@nhm.org ,Inventory,152404,Halosydna,Animalia,Annelida,Polychaeta,Phyllodocida,Polynoidae,Halosydna,,,
CAIDBLP-Eureka,Halosydna sp. 'orange',Genus,Dean Pentcheff,pentcheff@nhm.org ,Inventory,152404,Halosydna,Animalia,Annelida,Polychaeta,Phyllodocida,Polynoidae,Halosydna,,,
CAIDBLP-Eureka,Halosydna sp. 'orange',Genus,Dean Pentcheff,pentcheff@nhm.org ,Inventory,152404,Halosydna,Animalia,Annelida,Polychaeta,Phyllodocida,Polynoidae,Halosydna,,,
CAIDBLP-Eureka,Polynoidae sp. 'Pink',Family,Dean Pentcheff,pentcheff@nhm.org ,Inventory,939,Polynoidae,Animalia,Annelida,Polychaeta,Phyllodocida,Polynoidae,,,,
CAIDBLP-Eureka,Polynoidae sp. 'Pink',Family,Dean Pentcheff,pentcheff@nhm.org ,Inventory,939,Polynoidae,Animalia,Annelida,Polychaeta,Phyllodocida,Polynoidae,,,,
CAIDBLP-Eureka,Pista sp.,Genus,Dean Pentcheff,pentcheff@nhm.org ,Inventory,129708,Pista,Animalia,Annelida,Polychaeta,Terebellida,Terebellidae,Pista,,,
CAIDBLP-Eureka,Phascolosoma agassizii,Species,Dean Pentcheff,pentcheff@nhm.org ,Inventory,266496,Phascolosoma (Phascolosoma) agassizii,Animalia,Annelida,,Sipuncula,Phascolosomatidae,Phascolosoma,Phascolosoma,agassizii,
CAIDBLP-Eureka,Themiste sp.,Genus,Dean Pentcheff,pentcheff@nhm.org ,Inventory,264942,Themiste,Animalia,Annelida,,Sipuncula,Golfingiidae,Themiste,,,
CAIDBLP-Eureka,Phascolosoma agassizii,Species,Dean Pentcheff,pentcheff@nhm.org ,Inventory,266496,Phascolosoma (Phascolosoma) agassizii,Animalia,Annelida,,Sipuncula,Phascolosomatidae,Phascolosoma,Phascolosoma,agassizii,
CAIDBLP-Eureka,Phascolosoma agassizii,Species,Dean Pentcheff,pentcheff@nhm.org ,Inventory,266496,Phascolosoma (Phascolosoma) agassizii,Animalia,Annelida,,Sipuncula,Phascolosomatidae,Phascolosoma,Phascolosoma,agassizii,
CAIDBLP-Eureka,Mytilus californianus?,Species,Dean Pentcheff,pentcheff@nhm.org ,Inventory,367837,Mytilus californianus,Animalia,Mollusca,Bivalvia,Mytilida,Mytilidae,Mytilus,,californianus,
CAIDBLP-Eureka,Harmothoe sp.,Genus,Dean Pentcheff,pentcheff@nhm.org ,Inventory,129491,Harmothoe,Animalia,Annelida,Polychaeta,Phyllodocida,Polynoidae,Harmothoe,,,
CAIDBLP-Eureka,Harmothoe sp.,Genus,Dean Pentcheff,pentcheff@nhm.org ,Inventory,129491,Harmothoe,Animalia,Annelida,Polychaeta,Phyllodocida,Polynoidae,Harmothoe,,,
CAIDBLP-Eureka,Harmothoe sp.,Genus,Dean Pentcheff,pentcheff@nhm.org ,Inventory,129491,Harmothoe,Animalia,Annelida,Polychaeta,Phyllodocida,Polynoidae,Harmothoe,,,
CAIDBLP-Eureka,Halosydna sp.,Genus,Dean Pentcheff,pentcheff@nhm.org ,Inventory,152404,Halosydna,Animalia,Annelida,Polychaeta,Phyllodocida,Polynoidae,Halosydna,,,
CAIDBLP-Eureka,Halosydna sp.,Genus,Dean Pentcheff,pentcheff@nhm.org ,Inventory,152404,Halosydna,Animalia,Annelida,Polychaeta,Phyllodocida,Polynoidae,Halosydna,,,
CAIDBLP-Eureka,Onuphis elegans,Species,Dean Pentcheff,pentcheff@nhm.org ,Inventory,334273,Onuphis elegans,Animalia,Annelida,Polychaeta,Eunicida,Onuphidae,Onuphis,,elegans,
CAIDBLP-Eureka,Scoletoma erecta?,Species,Dean Pentcheff,pentcheff@nhm.org ,Inventory,1673564,Scoletoma erecta,Animalia,Annelida,Polychaeta,Eunicida,Lumbrineridae,Scoletoma,,erecta,
CAIDBLP-Eureka,Scoletoma erecta?,Species,Dean Pentcheff,pentcheff@nhm.org ,Inventory,1673564,Scoletoma erecta,Animalia,Annelida,Polychaeta,Eunicida,Lumbrineridae,Scoletoma,,erecta,
CAIDBLP-Eureka,Notomastus sp.,Genus,Dean Pentcheff,pentcheff@nhm.org ,Inventory,129220,Notomastus,Animalia,Annelida,Polychaeta,,Capitellidae,Notomastus,,,
CAIDBLP-Eureka,Myxicola sp. '8 thorax seg.?',Genus,Dean Pentcheff,pentcheff@nhm.org ,Inventory,129537,Myxicola,Animalia,Annelida,Polychaeta,Sabellida,Sabellidae,Myxicola,,,
CAIDBLP-Eureka,Myxicola sp,Genus,Dean Pentcheff,pentcheff@nhm.org ,Inventory,129537,Myxicola,Animalia,Annelida,Polychaeta,Sabellida,Sabellidae,Myxicola,,,
CAIDBLP-Eureka,,,Dean Pentcheff,pentcheff@nhm.org ,Inventory,,,,,,,,,,,
CAIDBLP-Eureka,,,Dean Pentcheff,pentcheff@nhm.org ,Inventory,,,,,,,,,,,
CAIDBLP-Eureka,,,Dean Pentcheff,pentcheff@nhm.org ,Inventory,,,,,,,,,,,
CAIDBLP-Eureka,,,Dean Pentcheff,pentcheff@nhm.org ,Inventory,,,,,,,,,,,
CAIDBLP-Eureka,Schizorhynchidae sp. 2,Family,Dean Pentcheff,pentcheff@nhm.org ,Inventory,142101,Schizorhynchidae,Animalia,Platyhelminthes,,Rhabdocoela,Schizorhynchidae,,,,
CAIDBLP-Eureka,Microstomum sp. 2,Genus,Dean Pentcheff,pentcheff@nhm.org ,Inventory,142210,Microstomum,Animalia,Platyhelminthes,,Dolichomicrostomida,Microstomidae,Microstomum,,,
CAIDBLP-Eureka,Microstomum sp. 2,Genus,Dean Pentcheff,pentcheff@nhm.org ,Inventory,142210,Microstomum,Animalia,Platyhelminthes,,Dolichomicrostomida,Microstomidae,Microstomum,,,
CAIDBLP-Eureka,Solenopharyngidae sp. 3,Family,Dean Pentcheff,pentcheff@nhm.org ,Inventory,142105,Solenopharyngidae,Animalia,Platyhelminthes,,Rhabdocoela,Solenopharyngidae,,,,
CAIDBLP-Eureka,Proseriata sp. 6,Higher,Dean Pentcheff,pentcheff@nhm.org ,Inventory,142027,Proseriata,Animalia,Platyhelminthes,,Proseriata,,,,,
CAIDBLP-Eureka,Proseriata sp. 6,Higher,Dean Pentcheff,pentcheff@nhm.org ,Inventory,142027,Proseriata,Animalia,Platyhelminthes,,Proseriata,,,,,
CAIDBLP-Eureka,Protodrilus sp. 1,Genus,Dean Pentcheff,pentcheff@nhm.org ,Inventory,129514,Protodrilus,Animalia,Annelida,Polychaeta,,Protodrilidae,Protodrilus,,,
CAIDBLP-Eureka,Proseriata sp. 6,Higher,Dean Pentcheff,pentcheff@nhm.org ,Inventory,142027,Proseriata,Animalia,Platyhelminthes,,Proseriata,,,,,
CAIDBLP-Eureka,Protodrilus sp. 1,Genus,Dean Pentcheff,pentcheff@nhm.org ,Inventory,129514,Protodrilus,Animalia,Annelida,Polychaeta,,Protodrilidae,Protodrilus,,,
CAIDBLP-Eureka,Protodrilus sp. 1,Genus,Dean Pentcheff,pentcheff@nhm.org ,Inventory,129514,Protodrilus,Animalia,Annelida,Polychaeta,,Protodrilidae,Protodrilus,,,
CAIDBLP-Eureka,Solenopharyngidae sp. 3,Family,Dean Pentcheff,pentcheff@nhm.org ,Inventory,142105,Solenopharyngidae,Animalia,Platyhelminthes,,Rhabdocoela,Solenopharyngidae,,,,
CAIDBLP-Eureka,Myozonaria sp. 1,Genus,Dean Pentcheff,pentcheff@nhm.org ,Inventory,142201,Myozonaria,Animalia,Platyhelminthes,,Dolichomicrostomida,Dolichomacrostomidae,Myozonaria,,,
CAIDBLP-Eureka,Protodrilus sp. 1,Genus,Dean Pentcheff,pentcheff@nhm.org ,Inventory,129514,Protodrilus,Animalia,Annelida,Polychaeta,,Protodrilidae,Protodrilus,,,
CAIDBLP-Eureka,Acoela sp. 2,Higher,Dean Pentcheff,pentcheff@nhm.org ,Inventory,2847,Acoela,Animalia,Xenacoelomorpha,,Acoela,,,,,
CAIDBLP-Eureka,Acoela sp. 2,Higher,Dean Pentcheff,pentcheff@nhm.org ,Inventory,2847,Acoela,Animalia,Xenacoelomorpha,,Acoela,,,,,
CAIDBLP-Eureka,Acoela sp. 2,Higher,Dean Pentcheff,pentcheff@nhm.org ,Inventory,2847,Acoela,Animalia,Xenacoelomorpha,,Acoela,,,,,
CAIDBLP-Eureka,Acoela sp. 2,Higher,Dean Pentcheff,pentcheff@nhm.org ,Inventory,2847,Acoela,Animalia,Xenacoelomorpha,,Acoela,,,,,
CAIDBLP-Eureka,Pogaina sp. 3,Genus,Dean Pentcheff,pentcheff@nhm.org ,Inventory,142293,Pogaina,Animalia,Platyhelminthes,,Rhabdocoela,Provorticidae,Pogaina,,,
CAIDBLP-Eureka,Freddius sp. 1,Genus,Dean Pentcheff,pentcheff@nhm.org ,Inventory,1290118,Freddius,Animalia,Platyhelminthes,,Rhabdocoela,Cheliplanidae,Freddius,,,
CAIDBLP-Eureka,Freddius sp. 1,Genus,Dean Pentcheff,pentcheff@nhm.org ,Inventory,1290118,Freddius,Animalia,Platyhelminthes,,Rhabdocoela,Cheliplanidae,Freddius,,,
CAIDBLP-Eureka,Freddius sp. 1,Genus,Dean Pentcheff,pentcheff@nhm.org ,Inventory,1290118,Freddius,Animalia,Platyhelminthes,,Rhabdocoela,Cheliplanidae,Freddius,,,
CAIDBLP-Eureka,Freddius sp. 1,Genus,Dean Pentcheff,pentcheff@nhm.org ,Inventory,1290118,Freddius,Animalia,Platyhelminthes,,Rhabdocoela,Cheliplanidae,Freddius,,,
CAIDBLP-Eureka,Freddius sp. 1,Genus,Dean Pentcheff,pentcheff@nhm.org ,Inventory,1290118,Freddius,Animalia,Platyhelminthes,,Rhabdocoela,Cheliplanidae,Freddius,,,
CAIDBLP-Eureka,Freddius sp. 1,Genus,Dean Pentcheff,pentcheff@nhm.org ,Inventory,1290118,Freddius,Animalia,Platyhelminthes,,Rhabdocoela,Cheliplanidae,Freddius,,,
CAIDBLP-Eureka,Freddius sp. 1,Genus,Dean Pentcheff,pentcheff@nhm.org ,Inventory,1290118,Freddius,Animalia,Platyhelminthes,,Rhabdocoela,Cheliplanidae,Freddius,,,
CAIDBLP-Eureka,Coelogynoporidae sp. 2,Family,Dean Pentcheff,pentcheff@nhm.org ,Inventory,142108,Coelogynoporidae,Animalia,Platyhelminthes,,Proseriata,Coelogynoporidae,,,,
CAIDBLP-Eureka,,,Dean Pentcheff,pentcheff@nhm.org ,Inventory,,,,,,,,,,,
CAIDBLP-Eureka,,,Dean Pentcheff,pentcheff@nhm.org ,Inventory,,,,,,,,,,,
CAIDBLP-Eureka,,,Dean Pentcheff,pentcheff@nhm.org ,Inventory,,,,,,,,,,,
CAIDBLP-Eureka,,,Dean Pentcheff,pentcheff@nhm.org ,Inventory,,,,,,,,,,,
CAIDBLP-Eureka,Cheilostomatida,Higher,Dean Pentcheff,pentcheff@nhm.org ,Inventory,110722,Cheilostomatida,Animalia,Bryozoa,Gymnolaemata,Cheilostomatida,,,,,
CAIDBLP-Eureka,Betaeus setosus,Species,Dean Pentcheff,pentcheff@nhm.org ,Inventory,515050,Betaeus setosus,Animalia,Arthropoda,Malacostraca,Decapoda,Alpheidae,Betaeus,,setosus,
CAIDBLP-Eureka,Scyra acutifrons,Species,Dean Pentcheff,pentcheff@nhm.org ,Inventory,441698,Scyra acutifrons,Animalia,Arthropoda,Malacostraca,Decapoda,Epialtidae,Scyra,,acutifrons,
CAIDBLP-Eureka,Amphipoda,Higher,Dean Pentcheff,pentcheff@nhm.org ,Inventory,1135,Amphipoda,Animalia,Arthropoda,Malacostraca,Amphipoda,,,,,
CAIDBLP-Eureka,Amphipoda,Higher,Dean Pentcheff,pentcheff@nhm.org ,Inventory,1135,Amphipoda,Animalia,Arthropoda,Malacostraca,Amphipoda,,,,,
CAIDBLP-Eureka,Margarites pupillus,Species,Dean Pentcheff,pentcheff@nhm.org ,Inventory,528731,Margarites pupillus,Animalia,Mollusca,Gastropoda,Trochida,Margaritesidae,Margarites,,pupillus,
CAIDBLP-Eureka,Margarites pupillus,Species,Dean Pentcheff,pentcheff@nhm.org ,Inventory,528731,Margarites pupillus,Animalia,Mollusca,Gastropoda,Trochida,Margaritesidae,Margarites,,pupillus,
CAIDBLP-Eureka,Margarites pupillus,Species,Dean Pentcheff,pentcheff@nhm.org ,Inventory,528731,Margarites pupillus,Animalia,Mollusca,Gastropoda,Trochida,Margaritesidae,Margarites,,pupillus,
CAIDBLP-Eureka,Bugulina californica,Species,Dean Pentcheff,pentcheff@nhm.org ,Inventory,833997,Bugulina californica,Animalia,Bryozoa,Gymnolaemata,Cheilostomatida,Bugulidae,Bugulina,,californica,
CAIDBLP-Eureka,Bugulidae,Family,Dean Pentcheff,pentcheff@nhm.org ,Inventory,110731,Bugulidae,Animalia,Bryozoa,Gymnolaemata,Cheilostomatida,Bugulidae,,,,
CAIDBLP-Eureka,Ascidiacea,Higher,Dean Pentcheff,pentcheff@nhm.org ,Inventory,1839,Ascidiacea,Animalia,Chordata,Ascidiacea,,,,,,
CAIDBLP-Eureka,Araneomorphae,Higher,Dean Pentcheff,pentcheff@nhm.org ,Inventory,150467,Araneae,Animalia,Arthropoda,Arachnida,Araneae,,,,,
CAIDBLP-Eureka,Ligia pallasii,Species,Dean Pentcheff,pentcheff@nhm.org ,Inventory,257558,Ligia pallasii,Animalia,Arthropoda,Malacostraca,Isopoda,Ligiidae,Ligia,,pallasii,
CAIDBLP-Eureka,Sphaeromatidae,Family,Dean Pentcheff,pentcheff@nhm.org ,Inventory,118277,Sphaeromatidae,Animalia,Arthropoda,Malacostraca,Isopoda,Sphaeromatidae,,,,
CAIDBLP-Eureka,Talitridae,Family,Dean Pentcheff,pentcheff@nhm.org ,Inventory,101411,Talitridae,Animalia,Arthropoda,Malacostraca,Amphipoda,Talitridae,,,,
CAIDBLP-Eureka,Talitridae,Family,Dean Pentcheff,pentcheff@nhm.org ,Inventory,101411,Talitridae,Animalia,Arthropoda,Malacostraca,Amphipoda,Talitridae,,,,
CAIDBLP-Eureka,Talitridae,Family,Dean Pentcheff,pentcheff@nhm.org ,Inventory,101411,Talitridae,Animalia,Arthropoda,Malacostraca,Amphipoda,Talitridae,,,,
CAIDBLP-Eureka,Talitridae,Family,Dean Pentcheff,pentcheff@nhm.org ,Inventory,101411,Talitridae,Animalia,Arthropoda,Malacostraca,Amphipoda,Talitridae,,,,
CAIDBLP-Eureka,Talitridae,Family,Dean Pentcheff,pentcheff@nhm.org ,Inventory,101411,Talitridae,Animalia,Arthropoda,Malacostraca,Amphipoda,Talitridae,,,,
CAIDBLP-Eureka,Oniscidea,Higher,Dean Pentcheff,pentcheff@nhm.org ,Inventory,146505,Oniscidea,Animalia,Arthropoda,Malacostraca,Isopoda,,,,,
CAIDBLP-Eureka,Acari,Higher,Dean Pentcheff,pentcheff@nhm.org ,Inventory,292684,Acari,Animalia,Arthropoda,Arachnida,,,,,,
CAIDBLP-Eureka,Hypogastrura litoralis,Species,Dean Pentcheff,pentcheff@nhm.org ,Inventory,1857132,Hypogastrura (Hypogastrura) litoralis,Animalia,Arthropoda,Collembola,,Hypogastruridae,Hypogastrura,Hypogastrura,litoralis,
CAIDBLP-Eureka,Staphylinidae?,Family,Dean Pentcheff,pentcheff@nhm.org ,Inventory,118093,Staphylinidae,Animalia,Arthropoda,Insecta,Coleoptera,Staphylinidae,,,,
CAIDBLP-Eureka,Isotomurus?,Genus,Dean Pentcheff,pentcheff@nhm.org ,Inventory,994596,Isotomurus,Animalia,Arthropoda,Collembola,,Isotomidae,Isotomurus,,,
CAIDBLP-Eureka,Hypogastrura litoralis,Species,Dean Pentcheff,pentcheff@nhm.org ,Inventory,1857132,Hypogastrura (Hypogastrura) litoralis,Animalia,Arthropoda,Collembola,,Hypogastruridae,Hypogastrura,Hypogastrura,litoralis,
CAIDBLP-Eureka,Diptera?,Higher,Dean Pentcheff,pentcheff@nhm.org ,Inventory,118088,Diptera,Animalia,Arthropoda,Insecta,Diptera,,,,,
CAIDBLP-Eureka,Diptera?,Higher,Dean Pentcheff,pentcheff@nhm.org ,Inventory,118088,Diptera,Animalia,Arthropoda,Insecta,Diptera,,,,,
CAIDBLP-Eureka,Insecta,Higher,Dean Pentcheff,pentcheff@nhm.org ,Inventory,1307,Insecta,Animalia,Arthropoda,Insecta,,,,,,
CAIDBLP-Eureka,Hypogastrura litoralis,Species,Dean Pentcheff,pentcheff@nhm.org ,Inventory,1857132,Hypogastrura (Hypogastrura) litoralis,Animalia,Arthropoda,Collembola,,Hypogastruridae,Hypogastrura,Hypogastrura,litoralis,
CAIDBLP-Eureka,Hypogastrura litoralis,Species,Dean Pentcheff,pentcheff@nhm.org ,Inventory,1857132,Hypogastrura (Hypogastrura) litoralis,Animalia,Arthropoda,Collembola,,Hypogastruridae,Hypogastrura,Hypogastrura,litoralis,
CAIDBLP-Eureka,Crangon nigricauda,Species,Dean Pentcheff,pentcheff@nhm.org ,Inventory,515551,Crangon nigricauda,Animalia,Arthropoda,Malacostraca,Decapoda,Crangonidae,Crangon,,nigricauda,
CAIDBLP-Eureka,Nebalia,Genus,Dean Pentcheff,pentcheff@nhm.org ,Inventory,147031,Nebalia,Animalia,Arthropoda,Malacostraca,Leptostraca,Nebaliidae,Nebalia,,,
CAIDBLP-Eureka,Nebalia,Genus,Dean Pentcheff,pentcheff@nhm.org ,Inventory,147031,Nebalia,Animalia,Arthropoda,Malacostraca,Leptostraca,Nebaliidae,Nebalia,,,
CAIDBLP-Eureka,Nebalia,Genus,Dean Pentcheff,pentcheff@nhm.org ,Inventory,147031,Nebalia,Animalia,Arthropoda,Malacostraca,Leptostraca,Nebaliidae,Nebalia,,,
CAIDBLP-Eureka,Nebalia,Genus,Dean Pentcheff,pentcheff@nhm.org ,Inventory,147031,Nebalia,Animalia,Arthropoda,Malacostraca,Leptostraca,Nebaliidae,Nebalia,,,
CAIDBLP-Eureka,Idotea wasnesenskii?,Species,Dean Pentcheff,pentcheff@nhm.org ,Inventory,711956,Idotea wosnesenskii,Animalia,Arthropoda,Malacostraca,Isopoda,Idoteidae,Idotea,,wosnesenskii,
CAIDBLP-Eureka,Gnorimosphaeroma,Genus,Dean Pentcheff,pentcheff@nhm.org ,Inventory,248784,Gnorimosphaeroma,Animalia,Arthropoda,Malacostraca,Isopoda,Sphaeromatidae,Gnorimosphaeroma,,,
CAIDBLP-Eureka,Ampithoidae?,Family,Dean Pentcheff,pentcheff@nhm.org ,Inventory,101366,Ampithoidae,Animalia,Arthropoda,Malacostraca,Amphipoda,Ampithoidae,,,,
CAIDBLP-Eureka,Nassarius mendicus,Species,Dean Pentcheff,pentcheff@nhm.org ,Inventory,560256,Nassarius mendicus,Animalia,Mollusca,Gastropoda,Neogastropoda,Nassariidae,Nassarius,,mendicus,
CAIDBLP-Eureka,Nassarius mendicus,Species,Dean Pentcheff,pentcheff@nhm.org ,Inventory,560256,Nassarius mendicus,Animalia,Mollusca,Gastropoda,Neogastropoda,Nassariidae,Nassarius,,mendicus,
CAIDBLP-Eureka,Cirolana?,Genus,Dean Pentcheff,pentcheff@nhm.org ,Inventory,118399,Cirolana,Animalia,Arthropoda,Malacostraca,Isopoda,Cirolanidae,Cirolana,,,
CAIDBLP-Eureka,Neoturris?,Genus,Dean Pentcheff,pentcheff@nhm.org ,Inventory,117185,Neoturris,Animalia,Cnidaria,Hydrozoa,Anthoathecata,Pandeidae,Neoturris,,,
CAIDBLP-Eureka,Neoturris?,Genus,Dean Pentcheff,pentcheff@nhm.org ,Inventory,117185,Neoturris,Animalia,Cnidaria,Hydrozoa,Anthoathecata,Pandeidae,Neoturris,,,
CAIDBLP-Eureka,Neoturris?,Genus,Dean Pentcheff,pentcheff@nhm.org ,Inventory,117185,Neoturris,Animalia,Cnidaria,Hydrozoa,Anthoathecata,Pandeidae,Neoturris,,,
CAIDBLP-Eureka,Neoturris?,Genus,Dean Pentcheff,pentcheff@nhm.org ,Inventory,117185,Neoturris,Animalia,Cnidaria,Hydrozoa,Anthoathecata,Pandeidae,Neoturris,,,
CAIDBLP-Eureka,Pugettia richii,Species,Dean Pentcheff,pentcheff@nhm.org ,Inventory,441490,Pugettia richii,Animalia,Arthropoda,Malacostraca,Decapoda,Epialtidae,Pugettia,,richii,
CAIDBLP-Eureka,Balanus nubilus?,Species,Dean Pentcheff,pentcheff@nhm.org ,Inventory,594745,Balanus nubilus,Animalia,Arthropoda,Thecostraca,Balanomorpha,Balanidae,Balanus,,nubilus,
CAIDBLP-Eureka,Balanus nubilus?,Species,Dean Pentcheff,pentcheff@nhm.org ,Inventory,594745,Balanus nubilus,Animalia,Arthropoda,Thecostraca,Balanomorpha,Balanidae,Balanus,,nubilus,
CAIDBLP-Eureka,Balanus,Genus,Dean Pentcheff,pentcheff@nhm.org ,Inventory,106122,Balanus,Animalia,Arthropoda,Thecostraca,Balanomorpha,Balanidae,Balanus,,,
CAIDBLP-Eureka,Balanus,Genus,Dean Pentcheff,pentcheff@nhm.org ,Inventory,106122,Balanus,Animalia,Arthropoda,Thecostraca,Balanomorpha,Balanidae,Balanus,,,
CAIDBLP-Eureka,Balanus,Genus,Dean Pentcheff,pentcheff@nhm.org ,Inventory,106122,Balanus,Animalia,Arthropoda,Thecostraca,Balanomorpha,Balanidae,Balanus,,,
CAIDBLP-Eureka,Balanus A,Genus,Dean Pentcheff,pentcheff@nhm.org ,Inventory,106122,Balanus,Animalia,Arthropoda,Thecostraca,Balanomorpha,Balanidae,Balanus,,,
CAIDBLP-Eureka,Hyperiidea,Higher,Dean Pentcheff,pentcheff@nhm.org ,Inventory,1205,Hyperiidea,Animalia,Arthropoda,Malacostraca,Amphipoda,,,,,
CAIDBLP-Eureka,Hyperiidea,Higher,Dean Pentcheff,pentcheff@nhm.org ,Inventory,1205,Hyperiidea,Animalia,Arthropoda,Malacostraca,Amphipoda,,,,,
CAIDBLP-Eureka,Ectopleura marina?,Species,Dean Pentcheff,pentcheff@nhm.org ,Inventory,285957,Ectopleura marina,Animalia,Cnidaria,Hydrozoa,Anthoathecata,Tubulariidae,Ectopleura,,marina,
CAIDBLP-Eureka,Cyanoplax dentiens,Species,Dean Pentcheff,pentcheff@nhm.org ,Inventory,386414,Cyanoplax dentiens,Animalia,Mollusca,Polyplacophora,Chitonida,Tonicellidae,Cyanoplax,,dentiens,
CAIDBLP-Eureka,Mopalia spectabilis,Species,Dean Pentcheff,pentcheff@nhm.org ,Inventory,386360,Mopalia spectabilis,Animalia,Mollusca,Polyplacophora,Chitonida,Mopaliidae,Mopalia,,spectabilis,
CAIDBLP-Eureka,Mopalia spectabilis,Species,Dean Pentcheff,pentcheff@nhm.org ,Inventory,386360,Mopalia spectabilis,Animalia,Mollusca,Polyplacophora,Chitonida,Mopaliidae,Mopalia,,spectabilis,
CAIDBLP-Eureka,Mopalia spectabilis,Species,Dean Pentcheff,pentcheff@nhm.org ,Inventory,386360,Mopalia spectabilis,Animalia,Mollusca,Polyplacophora,Chitonida,Mopaliidae,Mopalia,,spectabilis,
CAIDBLP-Eureka,Mopalia A,Genus,Dean Pentcheff,pentcheff@nhm.org ,Inventory,385567,Mopalia,Animalia,Mollusca,Polyplacophora,Chitonida,Mopaliidae,Mopalia,,,
CAIDBLP-Eureka,Paradexiospira 'vitrea',Genus,Dean Pentcheff,pentcheff@nhm.org ,Inventory,129637,Paradexiospira,Animalia,Annelida,Polychaeta,Sabellida,Serpulidae,Paradexiospira,,,
CAIDBLP-Eureka,Phragmatopoma californica,Species,Dean Pentcheff,pentcheff@nhm.org ,Inventory,334501,Phragmatopoma californica,Animalia,Annelida,Polychaeta,,Sabellariidae,Phragmatopoma,,californica,
CAIDBLP-Eureka,Sabellaria sp.,Genus,Dean Pentcheff,pentcheff@nhm.org ,Inventory,129520,Sabellaria,Animalia,Annelida,Polychaeta,,Sabellariidae,Sabellaria,,,
CAIDBLP-Eureka,Sabellaria sp.,Genus,Dean Pentcheff,pentcheff@nhm.org ,Inventory,129520,Sabellaria,Animalia,Annelida,Polychaeta,,Sabellariidae,Sabellaria,,,
CAIDBLP-Eureka,Myxicola sp.,Genus,Dean Pentcheff,pentcheff@nhm.org ,Inventory,129537,Myxicola,Animalia,Annelida,Polychaeta,Sabellida,Sabellidae,Myxicola,,,
CAIDBLP-Eureka,Eupentacta,Genus,Dean Pentcheff,pentcheff@nhm.org ,Inventory,528610,Eupentacta,Animalia,Echinodermata,Holothuroidea,Dendrochirotida,Sclerodactylidae,Eupentacta,,,
CAIDBLP-Eureka,Naineris,Genus,Dean Pentcheff,pentcheff@nhm.org ,Inventory,129419,Naineris,Animalia,Annelida,Polychaeta,,Orbiniidae,Naineris,,,
CAIDBLP-Eureka,Polycirrus,Genus,Dean Pentcheff,pentcheff@nhm.org ,Inventory,129710,Polycirrus,Animalia,Annelida,Polychaeta,Terebellida,Terebellidae,Polycirrus,,,
CAIDBLP-Eureka,Hesperonoe,Genus,Dean Pentcheff,pentcheff@nhm.org ,Inventory,248340,Hesperonoe,Animalia,Annelida,Polychaeta,Phyllodocida,Polynoidae,Hesperonoe,,,
CAIDBLP-Eureka,Serpula columbiana,Species,Dean Pentcheff,pentcheff@nhm.org ,Inventory,338088,Serpula columbiana,Animalia,Annelida,Polychaeta,Sabellida,Serpulidae,Serpula,,columbiana,
CAIDBLP-Eureka,Polycirrus,Genus,Dean Pentcheff,pentcheff@nhm.org ,Inventory,129710,Polycirrus,Animalia,Annelida,Polychaeta,Terebellida,Terebellidae,Polycirrus,,,
CAIDBLP-Eureka,Streblospio,Genus,Dean Pentcheff,pentcheff@nhm.org ,Inventory,129627,Streblospio,Animalia,Annelida,Polychaeta,Spionida,Spionidae,Streblospio,,,
CAIDBLP-Eureka,Polydorin,Family,Dean Pentcheff,pentcheff@nhm.org ,Inventory,1510066,Polydoridae,Animalia,Annelida,Polychaeta,Spionida,Polydoridae,,,,
CAIDBLP-Eureka,Aphelochaeta,Genus,Dean Pentcheff,pentcheff@nhm.org ,Inventory,129240,Aphelochaeta,Animalia,Annelida,Polychaeta,Terebellida,Cirratulidae,Aphelochaeta,,,
CAIDBLP-Eureka,Cirriformia,Genus,Dean Pentcheff,pentcheff@nhm.org ,Inventory,129245,Cirriformia,Animalia,Annelida,Polychaeta,Terebellida,Cirratulidae,Cirriformia,,,
CAIDBLP-Eureka,Eumida,Genus,Dean Pentcheff,pentcheff@nhm.org ,Inventory,129446,Eumida,Animalia,Annelida,Polychaeta,Phyllodocida,Phyllodocidae,Eumida,,,
CAIDBLP-Eureka,Pterocirrus,Genus,Dean Pentcheff,pentcheff@nhm.org ,Inventory,129458,Pterocirrus,Animalia,Annelida,Polychaeta,Phyllodocida,Phyllodocidae,Pterocirrus,,,
CAIDBLP-Eureka,Phyllodocidae (no med. ant.),Family,Dean Pentcheff,pentcheff@nhm.org ,Inventory,931,Phyllodocidae,Animalia,Annelida,Polychaeta,Phyllodocida,Phyllodocidae,,,,
CAIDBLP-Eureka,Phyllodocidae,Family,Dean Pentcheff,pentcheff@nhm.org ,Inventory,931,Phyllodocidae,Animalia,Annelida,Polychaeta,Phyllodocida,Phyllodocidae,,,,
CAIDBLP-Eureka,Polyophthalmus,Genus,Dean Pentcheff,pentcheff@nhm.org ,Inventory,129415,Polyophthalmus,Animalia,Annelida,Polychaeta,,Opheliidae,Polyophthalmus,,,
CAIDBLP-Eureka,Cirratulus,Genus,Dean Pentcheff,pentcheff@nhm.org ,Inventory,129243,Cirratulus,Animalia,Annelida,Polychaeta,Terebellida,Cirratulidae,Cirratulus,,,
CAIDBLP-Eureka,,,Dean Pentcheff,pentcheff@nhm.org ,Inventory,,,,,,,,,,,
CAIDBLP-Eureka,,,Dean Pentcheff,pentcheff@nhm.org ,Inventory,,,,,,,,,,,
CAIDBLP-Eureka,,,Dean Pentcheff,pentcheff@nhm.org ,Inventory,,,,,,,,,,,
CAIDBLP-Eureka,,,Dean Pentcheff,pentcheff@nhm.org ,Inventory,,,,,,,,,,,
CAIDBLP-Eureka,,,Dean Pentcheff,pentcheff@nhm.org ,Inventory,,,,,,,,,,,
CAIDBLP-Eureka,,,Dean Pentcheff,pentcheff@nhm.org ,Inventory,,,,,,,,,,,
CAIDBLP-Eureka,,,Dean Pentcheff,pentcheff@nhm.org ,Inventory,,,,,,,,,,,
CAIDBLP-Eureka,,,Dean Pentcheff,pentcheff@nhm.org ,Inventory,,,,,,,,,,,
CAIDBLP-Eureka,,,Dean Pentcheff,pentcheff@nhm.org ,Inventory,,,,,,,,,,,
CAIDBLP-Eureka,Hypogastrura litoralis,Species,Dean Pentcheff,pentcheff@nhm.org ,Inventory,1857132,Hypogastrura (Hypogastrura) litoralis,Animalia,Arthropoda,Collembola,,Hypogastruridae,Hypogastrura,Hypogastrura,litoralis,
CAIDBLP-Eureka,Hypogastrura litoralis,Species,Dean Pentcheff,pentcheff@nhm.org ,Inventory,1857132,Hypogastrura (Hypogastrura) litoralis,Animalia,Arthropoda,Collembola,,Hypogastruridae,Hypogastrura,Hypogastrura,litoralis,
CAIDBLP-Eureka,Coleoptera?,Higher,Dean Pentcheff,pentcheff@nhm.org ,Inventory,118085,Coleoptera,Animalia,Arthropoda,Insecta,Coleoptera,,,,,
CAIDBLP-Eureka,Oniscidea?,Higher,Dean Pentcheff,pentcheff@nhm.org ,Inventory,146505,Oniscidea,Animalia,Arthropoda,Malacostraca,Isopoda,,,,,
CAIDBLP-Eureka,Sphaeromatidae,Family,Dean Pentcheff,pentcheff@nhm.org ,Inventory,118277,Sphaeromatidae,Animalia,Arthropoda,Malacostraca,Isopoda,Sphaeromatidae,,,,
CAIDBLP-Eureka,Hypogastrura litoralis,Species,Dean Pentcheff,pentcheff@nhm.org ,Inventory,1857132,Hypogastrura (Hypogastrura) litoralis,Animalia,Arthropoda,Collembola,,Hypogastruridae,Hypogastrura,Hypogastrura,litoralis,
CAIDBLP-Eureka,Talitridae?,Family,Dean Pentcheff,pentcheff@nhm.org ,Inventory,101411,Talitridae,Animalia,Arthropoda,Malacostraca,Amphipoda,Talitridae,,,,
CAIDBLP-Eureka,Insecta?,Higher,Dean Pentcheff,pentcheff@nhm.org ,Inventory,1307,Insecta,Animalia,Arthropoda,Insecta,,,,,,
CAIDBLP-Eureka,Ligia occidentalis,Species,Dean Pentcheff,pentcheff@nhm.org ,Inventory,257557,Ligia occidentalis,Animalia,Arthropoda,Malacostraca,Isopoda,Ligiidae,Ligia,,occidentalis,
CAIDBLP-Eureka,Ligia occidentalis?,Species,Dean Pentcheff,pentcheff@nhm.org ,Inventory,257557,Ligia occidentalis,Animalia,Arthropoda,Malacostraca,Isopoda,Ligiidae,Ligia,,occidentalis,
CAIDBLP-Eureka,Ligia pallasii,Species,Dean Pentcheff,pentcheff@nhm.org ,Inventory,257558,Ligia pallasii,Animalia,Arthropoda,Malacostraca,Isopoda,Ligiidae,Ligia,,pallasii,
CAIDBLP-Eureka,Sphaeromatidae,Family,Dean Pentcheff,pentcheff@nhm.org ,Inventory,118277,Sphaeromatidae,Animalia,Arthropoda,Malacostraca,Isopoda,Sphaeromatidae,,,,
CAIDBLP-Eureka,Oniscidea,Higher,Dean Pentcheff,pentcheff@nhm.org ,Inventory,146505,Oniscidea,Animalia,Arthropoda,Malacostraca,Isopoda,,,,,
CAIDBLP-Eureka,Staphylinidae,Family,Dean Pentcheff,pentcheff@nhm.org ,Inventory,118093,Staphylinidae,Animalia,Arthropoda,Insecta,Coleoptera,Staphylinidae,,,,
CAIDBLP-Eureka,Hypogastrura litoralis,Species,Dean Pentcheff,pentcheff@nhm.org ,Inventory,1857132,Hypogastrura (Hypogastrura) litoralis,Animalia,Arthropoda,Collembola,,Hypogastruridae,Hypogastrura,Hypogastrura,litoralis,
CAIDBLP-Eureka,Hypogastrura litoralis,Species,Dean Pentcheff,pentcheff@nhm.org ,Inventory,1857132,Hypogastrura (Hypogastrura) litoralis,Animalia,Arthropoda,Collembola,,Hypogastruridae,Hypogastrura,Hypogastrura,litoralis,
CAIDBLP-Eureka,Acari,Higher,Dean Pentcheff,pentcheff@nhm.org ,Inventory,292684,Acari,Animalia,Arthropoda,Arachnida,,,,,,
CAIDBLP-Eureka,Amphipoda,Higher,Dean Pentcheff,pentcheff@nhm.org ,Inventory,1135,Amphipoda,Animalia,Arthropoda,Malacostraca,Amphipoda,,,,,
CAIDBLP-Eureka,Hypogastrura litoralis,Species,Dean Pentcheff,pentcheff@nhm.org ,Inventory,1857132,Hypogastrura (Hypogastrura) litoralis,Animalia,Arthropoda,Collembola,,Hypogastruridae,Hypogastrura,Hypogastrura,litoralis,
CAIDBLP-Eureka,Hypogastrura litoralis,Species,Dean Pentcheff,pentcheff@nhm.org ,Inventory,1857132,Hypogastrura (Hypogastrura) litoralis,Animalia,Arthropoda,Collembola,,Hypogastruridae,Hypogastrura,Hypogastrura,litoralis,
CAIDBLP-Eureka,Hypogastrura litoralis,Species,Dean Pentcheff,pentcheff@nhm.org ,Inventory,1857132,Hypogastrura (Hypogastrura) litoralis,Animalia,Arthropoda,Collembola,,Hypogastruridae,Hypogastrura,Hypogastrura,litoralis,
CAIDBLP-Eureka,Hypogastrura litoralis,Species,Dean Pentcheff,pentcheff@nhm.org ,Inventory,1857132,Hypogastrura (Hypogastrura) litoralis,Animalia,Arthropoda,Collembola,,Hypogastruridae,Hypogastrura,Hypogastrura,litoralis,
CAIDBLP-Eureka,Isotomurus?,Genus,Dean Pentcheff,pentcheff@nhm.org ,Inventory,994596,Isotomurus,Animalia,Arthropoda,Collembola,,Isotomidae,Isotomurus,,,
CAIDBLP-Eureka,Watersipora subtorquata,Species,Dean Pentcheff,pentcheff@nhm.org ,Inventory,111592,Watersipora subtorquata,Animalia,Bryozoa,Gymnolaemata,Cheilostomatida,Watersiporidae,Watersipora,,subtorquata,
CAIDBLP-Eureka,Bugula neritina,Species,Dean Pentcheff,pentcheff@nhm.org ,Inventory,111158,Bugula neritina,Animalia,Bryozoa,Gymnolaemata,Cheilostomatida,Bugulidae,Bugula,,neritina,
CAIDBLP-Eureka,Bugula neritina?,Species,Dean Pentcheff,pentcheff@nhm.org ,Inventory,111158,Bugula neritina,Animalia,Bryozoa,Gymnolaemata,Cheilostomatida,Bugulidae,Bugula,,neritina,
CAIDBLP-Eureka,Metridium senile,Species,Dean Pentcheff,pentcheff@nhm.org ,Inventory,100982,Metridium senile,Animalia,Cnidaria,Hexacorallia,Actiniaria,Metridiidae,Metridium,,senile,
CAIDBLP-Eureka,Pleurobrachia bachei,Species,Dean Pentcheff,pentcheff@nhm.org ,Inventory,265191,Pleurobrachia bachei,Animalia,Ctenophora,Tentaculata,Cydippida,Cydippidae,Pleurobrachia,,bachei,
CAIDBLP-Eureka,Pleurobrachia bachei,Species,Dean Pentcheff,pentcheff@nhm.org ,Inventory,265191,Pleurobrachia bachei,Animalia,Ctenophora,Tentaculata,Cydippida,Cydippidae,Pleurobrachia,,bachei,
CAIDBLP-Eureka,Schizoporella japonica,Species,Dean Pentcheff,pentcheff@nhm.org ,Inventory,470388,Schizoporella japonica,Animalia,Bryozoa,Gymnolaemata,Cheilostomatida,Schizoporellidae,Schizoporella,,japonica,
CAIDBLP-Eureka,Mopalia B,Genus,Dean Pentcheff,pentcheff@nhm.org ,Inventory,385567,Mopalia,Animalia,Mollusca,Polyplacophora,Chitonida,Mopaliidae,Mopalia,,,
CAIDBLP-Eureka,Mopalia B,Genus,Dean Pentcheff,pentcheff@nhm.org ,Inventory,385567,Mopalia,Animalia,Mollusca,Polyplacophora,Chitonida,Mopaliidae,Mopalia,,,
CAIDBLP-Eureka,Pinnixa,Genus,Dean Pentcheff,pentcheff@nhm.org ,Inventory,158444,Pinnixa,Animalia,Arthropoda,Malacostraca,Decapoda,Pinnotheridae,Pinnixa,,,
CAIDBLP-Eureka,Euryleptidae - odd,Family,Dean Pentcheff,pentcheff@nhm.org ,Inventory,880120,Euryleptidae,Animalia,Platyhelminthes,,Polycladida,Euryleptidae,,,,
CAIDBLP-Eureka,Obelia,Genus,Dean Pentcheff,pentcheff@nhm.org ,Inventory,117034,Obelia,Animalia,Cnidaria,Hydrozoa,Leptothecata,Campanulariidae,Obelia,,,
CAIDBLP-Eureka,Bugula neritina,Species,Dean Pentcheff,pentcheff@nhm.org ,Inventory,111158,Bugula neritina,Animalia,Bryozoa,Gymnolaemata,Cheilostomatida,Bugulidae,Bugula,,neritina,
CAIDBLP-Eureka,Bugula californica,Species,Dean Pentcheff,pentcheff@nhm.org ,Inventory,396716,Bugula californica,Animalia,Bryozoa,Gymnolaemata,Cheilostomatida,Bugulidae,Bugula,,californica,
CAIDBLP-Eureka,Bugula californica,Species,Dean Pentcheff,pentcheff@nhm.org ,Inventory,396716,Bugula californica,Animalia,Bryozoa,Gymnolaemata,Cheilostomatida,Bugulidae,Bugula,,californica,
CAIDBLP-Eureka,Diadumene lineata,Species,Dean Pentcheff,pentcheff@nhm.org ,Inventory,395099,Diadumene lineata,Animalia,Cnidaria,Hexacorallia,Actiniaria,Diadumenidae,Diadumene,,lineata,
CAIDBLP-Eureka,Diadumene lineata,Species,Dean Pentcheff,pentcheff@nhm.org ,Inventory,395099,Diadumene lineata,Animalia,Cnidaria,Hexacorallia,Actiniaria,Diadumenidae,Diadumene,,lineata,
CAIDBLP-Eureka,Diadumene lineata,Species,Dean Pentcheff,pentcheff@nhm.org ,Inventory,395099,Diadumene lineata,Animalia,Cnidaria,Hexacorallia,Actiniaria,Diadumenidae,Diadumene,,lineata,
CAIDBLP-Eureka,Diadumene lineata,Species,Dean Pentcheff,pentcheff@nhm.org ,Inventory,395099,Diadumene lineata,Animalia,Cnidaria,Hexacorallia,Actiniaria,Diadumenidae,Diadumene,,lineata,
CAIDBLP-Eureka,Diadumene lineata,Species,Dean Pentcheff,pentcheff@nhm.org ,Inventory,395099,Diadumene lineata,Animalia,Cnidaria,Hexacorallia,Actiniaria,Diadumenidae,Diadumene,,lineata,
CAIDBLP-Eureka,Distaplia occidentalis,Species,Dean Pentcheff,pentcheff@nhm.org ,Inventory,250152,Distaplia occidentalis,Animalia,Chordata,Ascidiacea,Aplousobranchia,Holozoidae,Distaplia,,occidentalis,
CAIDBLP-Eureka,Ciona savignyi,Species,Dean Pentcheff,pentcheff@nhm.org ,Inventory,250292,Ciona savignyi,Animalia,Chordata,Ascidiacea,Phlebobranchia,Cionidae,Ciona,,savignyi,
CAIDBLP-Eureka,Corella inflata?,Species,Dean Pentcheff,pentcheff@nhm.org ,Inventory,250375,Corella inflata,Animalia,Chordata,Ascidiacea,Phlebobranchia,Corellidae,Corella,,inflata,
CAIDBLP-Eureka,Didemnidae odd!!,Family,Dean Pentcheff,pentcheff@nhm.org ,Inventory,103439,Didemnidae,Animalia,Chordata,Ascidiacea,Aplousobranchia,Didemnidae,,,,
CAIDBLP-Eureka,Amphipoda,Higher,Dean Pentcheff,pentcheff@nhm.org ,Inventory,1135,Amphipoda,Animalia,Arthropoda,Malacostraca,Amphipoda,,,,,
CAIDBLP-Eureka,Macoma,Genus,Dean Pentcheff,pentcheff@nhm.org ,Inventory,138531,Macoma,Animalia,Mollusca,Bivalvia,Cardiida,Tellinidae,Macoma,,,
CAIDBLP-Eureka,Mytilus trossulus,Species,Dean Pentcheff,pentcheff@nhm.org ,Inventory,140482,Mytilus trossulus,Animalia,Mollusca,Bivalvia,Mytilida,Mytilidae,Mytilus,,trossulus,
CAIDBLP-Eureka,Metridium senile,Species,Dean Pentcheff,pentcheff@nhm.org ,Inventory,100982,Metridium senile,Animalia,Cnidaria,Hexacorallia,Actiniaria,Metridiidae,Metridium,,senile,
CAIDBLP-Eureka,Botrylloides,Genus,Dean Pentcheff,pentcheff@nhm.org ,Inventory,103528,Botrylloides,Animalia,Chordata,Ascidiacea,Stolidobranchia,Styelidae,Botrylloides,,,
CAIDBLP-Eureka,Hemigrapsus oregonensis,Species,Dean Pentcheff,pentcheff@nhm.org ,Inventory,444778,Hemigrapsus oregonensis,Animalia,Arthropoda,Malacostraca,Decapoda,Varunidae,Hemigrapsus,,oregonensis,
CAIDBLP-Eureka,Neotrypaea gigas,Species,Dean Pentcheff,pentcheff@nhm.org ,Inventory,465349,Neotrypaea gigas,Animalia,Arthropoda,Malacostraca,Decapoda,Callianassidae,Neotrypaea,,gigas,
CAIDBLP-Eureka,Claustridium vancouverense,Species,Dean Pentcheff,pentcheff@nhm.org ,Inventory,357836,Clausidium vancouverensis,Animalia,Arthropoda,Copepoda,Cyclopoida,Clausidiidae,Clausidium,,vancouverensis,
CAIDBLP-Eureka,Claustridium vancouverense,Species,Dean Pentcheff,pentcheff@nhm.org ,Inventory,357836,Clausidium vancouverensis,Animalia,Arthropoda,Copepoda,Cyclopoida,Clausidiidae,Clausidium,,vancouverensis,
CAIDBLP-Eureka,Claustridium vancouverense,Species,Dean Pentcheff,pentcheff@nhm.org ,Inventory,357836,Clausidium vancouverensis,Animalia,Arthropoda,Copepoda,Cyclopoida,Clausidiidae,Clausidium,,vancouverensis,
CAIDBLP-Eureka,Claustridium vancouverense,Species,Dean Pentcheff,pentcheff@nhm.org ,Inventory,357836,Clausidium vancouverensis,Animalia,Arthropoda,Copepoda,Cyclopoida,Clausidiidae,Clausidium,,vancouverensis,
CAIDBLP-Eureka,Claustridium vancouverense,Species,Dean Pentcheff,pentcheff@nhm.org ,Inventory,357836,Clausidium vancouverensis,Animalia,Arthropoda,Copepoda,Cyclopoida,Clausidiidae,Clausidium,,vancouverensis,
CAIDBLP-Eureka,Crassostrea gigas,Species,Dean Pentcheff,pentcheff@nhm.org ,Inventory,140656,Crassostrea gigas,Animalia,Mollusca,Bivalvia,Ostreida,Ostreidae,Crassostrea,,gigas,
CAIDBLP-Eureka,Dendronotus venustus,Species,Dean Pentcheff,pentcheff@nhm.org ,Inventory,548249,Dendronotus venustus,Animalia,Mollusca,Gastropoda,Nudibranchia,Dendronotidae,Dendronotus,,venustus,
CAIDBLP-Eureka,Aeolidia loui,Species,Dean Pentcheff,pentcheff@nhm.org ,Inventory,880372,Aeolidia loui,Animalia,Mollusca,Gastropoda,Nudibranchia,Aeolidiidae,Aeolidia,,loui,
CAIDBLP-Eureka,Diaphorodoris lirulatucauda,Species,Dean Pentcheff,pentcheff@nhm.org ,Inventory,581691,Diaphorodoris lirulatocauda,Animalia,Mollusca,Gastropoda,Doridida,Calycidorididae,Diaphorodoris,,lirulatocauda,
CAIDBLP-Eureka,Polycera atra,Species,Dean Pentcheff,pentcheff@nhm.org ,Inventory,527533,Polycera atra,Animalia,Mollusca,Gastropoda,Doridida,Polyceridae,Polycera,,atra,
CAIDBLP-Eureka,Aeolidia papillosa,Species,Dean Pentcheff,pentcheff@nhm.org ,Inventory,138709,Aeolidia papillosa,Animalia,Mollusca,Gastropoda,Nudibranchia,Aeolidiidae,Aeolidia,,papillosa,
CAIDBLP-Eureka,Hermissenda opalescens,Species,Dean Pentcheff,pentcheff@nhm.org ,Inventory,877759,Hermissenda opalescens,Animalia,Mollusca,Gastropoda,Nudibranchia,Myrrhinidae,Hermissenda,,opalescens,
CAIDBLP-Eureka,,,Dean Pentcheff,pentcheff@nhm.org ,Inventory,,,,,,,,,,,
CAIDBLP-Eureka,,,Dean Pentcheff,pentcheff@nhm.org ,Inventory,,,,,,,,,,,
CAIDBLP-Eureka,,,Dean Pentcheff,pentcheff@nhm.org ,Inventory,,,,,,,,,,,
CAIDBLP-Eureka,,,Dean Pentcheff,pentcheff@nhm.org ,Inventory,,,,,,,,,,,
CAIDBLP-Eureka,,,Dean Pentcheff,pentcheff@nhm.org ,Inventory,,,,,,,,,,,
CAIDBLP-Eureka,,,Dean Pentcheff,pentcheff@nhm.org ,Inventory,,,,,,,,,,,
CAIDBLP-Eureka,,,Dean Pentcheff,pentcheff@nhm.org ,Inventory,,,,,,,,,,,
CAIDBLP-Eureka,,,Dean Pentcheff,pentcheff@nhm.org ,Inventory,,,,,,,,,,,
CAIDBLP-Eureka,,,Dean Pentcheff,pentcheff@nhm.org ,Inventory,,,,,,,,,,,
CAIDBLP-Eureka,,,Dean Pentcheff,pentcheff@nhm.org ,Inventory,,,,,,,,,,,
CAIDBLP-Eureka,,,Dean Pentcheff,pentcheff@nhm.org ,Inventory,,,,,,,,,,,
CAIDBLP-Eureka,,,Dean Pentcheff,pentcheff@nhm.org ,Inventory,,,,,,,,,,,
CAIDBLP-Eureka,,,Dean Pentcheff,pentcheff@nhm.org ,Inventory,,,,,,,,,,,
CAIDBLP-Eureka,,,Dean Pentcheff,pentcheff@nhm.org ,Inventory,,,,,,,,,,,
CAIDBLP-Eureka,,,Dean Pentcheff,pentcheff@nhm.org ,Inventory,,,,,,,,,,,
CAIDBLP-Eureka,,,Dean Pentcheff,pentcheff@nhm.org ,Inventory,,,,,,,,,,,
CAIDBLP-Eureka,,,Dean Pentcheff,pentcheff@nhm.org ,Inventory,,,,,,,,,,,
CAIDBLP-Eureka,,,Dean Pentcheff,pentcheff@nhm.org ,Inventory,,,,,,,,,,,
CAIDBLP-Eureka,,,Dean Pentcheff,pentcheff@nhm.org ,Inventory,,,,,,,,,,,
CAIDBLP-Eureka,,,Dean Pentcheff,pentcheff@nhm.org ,Inventory,,,,,,,,,,,
CAIDBLP-Eureka,,,Dean Pentcheff,pentcheff@nhm.org ,Inventory,,,,,,,,,,,
CAIDBLP-Eureka,,,Dean Pentcheff,pentcheff@nhm.org ,Inventory,,,,,,,,,,,
CAIDBLP-Eureka,,,Dean Pentcheff,pentcheff@nhm.org ,Inventory,,,,,,,,,,,
CAIDBLP-Eureka,,,Dean Pentcheff,pentcheff@nhm.org ,Inventory,,,,,,,,,,,
CAIDBLP-Eureka,Maculaura sp.,Genus,Dean Pentcheff,pentcheff@nhm.org ,Inventory,894171,Maculaura,Animalia,Nemertea,Pilidiophora,Heteronemertea,Lineidae,Maculaura,,,
CAIDBLP-Eureka,Maculaura oregonensis?,Species,Dean Pentcheff,pentcheff@nhm.org ,Inventory,894176,Maculaura oregonensis,Animalia,Nemertea,Pilidiophora,Heteronemertea,Lineidae,Maculaura,,oregonensis,
CAIDBLP-Eureka,Maculaura sp.,Genus,Dean Pentcheff,pentcheff@nhm.org ,Inventory,894171,Maculaura,Animalia,Nemertea,Pilidiophora,Heteronemertea,Lineidae,Maculaura,,,
CAIDBLP-Eureka,Zygonemertes sp.,Genus,Dean Pentcheff,pentcheff@nhm.org ,Inventory,122400,Zygonemertes,Animalia,Nemertea,Hoplonemertea,Monostilifera,Zygonemertidae,Zygonemertes,,,
CAIDBLP-Eureka,Maculaura oregonensis?,Species,Dean Pentcheff,pentcheff@nhm.org ,Inventory,894176,Maculaura oregonensis,Animalia,Nemertea,Pilidiophora,Heteronemertea,Lineidae,Maculaura,,oregonensis,
CAIDBLP-Eureka,Carinoma sp.,Genus,Dean Pentcheff,pentcheff@nhm.org ,Inventory,122378,Carinoma,Animalia,Nemertea,Palaeonemertea,Carinomiformes,Carinomidae,Carinoma,,,
CAIDBLP-Eureka,Carinoma sp.,Genus,Dean Pentcheff,pentcheff@nhm.org ,Inventory,122378,Carinoma,Animalia,Nemertea,Palaeonemertea,Carinomiformes,Carinomidae,Carinoma,,,
CAIDBLP-Eureka,Carinoma sp.,Genus,Dean Pentcheff,pentcheff@nhm.org ,Inventory,122378,Carinoma,Animalia,Nemertea,Palaeonemertea,Carinomiformes,Carinomidae,Carinoma,,,
CAIDBLP-Eureka,Maculaura sp.,Genus,Dean Pentcheff,pentcheff@nhm.org ,Inventory,894171,Maculaura,Animalia,Nemertea,Pilidiophora,Heteronemertea,Lineidae,Maculaura,,,
CAIDBLP-Eureka,Poseidonemertes sp.,Genus,Dean Pentcheff,pentcheff@nhm.org ,Inventory,148041,Poseidonemertes,Animalia,Nemertea,Hoplonemertea,Monostilifera,Poseidonemertidae,Poseidonemertes,,,
CAIDBLP-Eureka,,,Dean Pentcheff,pentcheff@nhm.org ,Inventory,,,,,,,,,,,
CAIDBLP-Eureka,,,Dean Pentcheff,pentcheff@nhm.org ,Inventory,,,,,,,,,,,
CAIDBLP-Eureka,,,Dean Pentcheff,pentcheff@nhm.org ,Inventory,,,,,,,,,,,
CAIDBLP-Eureka,,,Dean Pentcheff,pentcheff@nhm.org ,Inventory,,,,,,,,,,,
CAIDBLP-Eureka,,,Dean Pentcheff,pentcheff@nhm.org ,Inventory,,,,,,,,,,,
CAIDBLP-Eureka,,,Dean Pentcheff,pentcheff@nhm.org ,Inventory,,,,,,,,,,,
CAIDBLP-Eureka,,,Dean Pentcheff,pentcheff@nhm.org ,Inventory,,,,,,,,,,,
CAIDBLP-Eureka,,,Dean Pentcheff,pentcheff@nhm.org ,Inventory,,,,,,,,,,,
CAIDBLP-Eureka,,,Dean Pentcheff,pentcheff@nhm.org ,Inventory,,,,,,,,,,,
CAIDBLP-Eureka,,,Dean Pentcheff,pentcheff@nhm.org ,Inventory,,,,,,,,,,,
CAIDBLP-Eureka,,,Dean Pentcheff,pentcheff@nhm.org ,Inventory,,,,,,,,,,,
CAIDBLP-Eureka,,,Dean Pentcheff,pentcheff@nhm.org ,Inventory,,,,,,,,,,,
CAIDBLP-Eureka,,,Dean Pentcheff,pentcheff@nhm.org ,Inventory,,,,,,,,,,,
CAIDBLP-Eureka,,,Dean Pentcheff,pentcheff@nhm.org ,Inventory,,,,,,,,,,,
CAIDBLP-Eureka,,,Dean Pentcheff,pentcheff@nhm.org ,Inventory,,,,,,,,,,,
CAIDBLP-Eureka,,,Dean Pentcheff,pentcheff@nhm.org ,Inventory,,,,,,,,,,,
CAIDBLP-Eureka,,,Dean Pentcheff,pentcheff@nhm.org ,Inventory,,,,,,,,,,,
CAIDBLP-Eureka,,,Dean Pentcheff,pentcheff@nhm.org ,Inventory,,,,,,,,,,,
CAIDBLP-Eureka,,,Dean Pentcheff,pentcheff@nhm.org ,Inventory,,,,,,,,,,,
CAIDBLP-Eureka,,,Dean Pentcheff,pentcheff@nhm.org ,Inventory,,,,,,,,,,,
CAIDBLP-Eureka,Upogebia pugettensis,Species,Dean Pentcheff,pentcheff@nhm.org ,Inventory,367757,Upogebia pugettensis,Animalia,Arthropoda,Malacostraca,Decapoda,Upogebiidae,Upogebia,,pugettensis,
CAIDBLP-Eureka,Betaeus harrimani ♂,Species,Dean Pentcheff,pentcheff@nhm.org ,Inventory,515045,Betaeus harrimani,Animalia,Arthropoda,Malacostraca,Decapoda,Alpheidae,Betaeus,,harrimani,
CAIDBLP-Eureka,Cryptomya californica,Species,Dean Pentcheff,pentcheff@nhm.org ,Inventory,397065,Cryptomya californica,Animalia,Mollusca,Bivalvia,Myida,Myidae,Cryptomya,,californica,
CAIDBLP-Eureka,Cryptomya californica,Species,Dean Pentcheff,pentcheff@nhm.org ,Inventory,397065,Cryptomya californica,Animalia,Mollusca,Bivalvia,Myida,Myidae,Cryptomya,,californica,
CAIDBLP-Eureka,Rhamphidonta retifera,Species,Dean Pentcheff,pentcheff@nhm.org ,Inventory,582734,Rhamphidonta retifera,Animalia,Mollusca,Bivalvia,Galeommatida,Lasaeidae,Rhamphidonta,,retifera,
CAIDBLP-Eureka,Rhamphidonta retifera,Species,Dean Pentcheff,pentcheff@nhm.org ,Inventory,582734,Rhamphidonta retifera,Animalia,Mollusca,Bivalvia,Galeommatida,Lasaeidae,Rhamphidonta,,retifera,
CAIDBLP-Eureka,Polynoidae,Family,Dean Pentcheff,pentcheff@nhm.org ,Inventory,939,Polynoidae,Animalia,Annelida,Polychaeta,Phyllodocida,Polynoidae,,,,
CAIDBLP-Eureka,Hemigrapsus oregonensis,Species,Dean Pentcheff,pentcheff@nhm.org ,Inventory,444778,Hemigrapsus oregonensis,Animalia,Arthropoda,Malacostraca,Decapoda,Varunidae,Hemigrapsus,,oregonensis,
CAIDBLP-Eureka,Hydromedusa,Genus,Dean Pentcheff,pentcheff@nhm.org ,Inventory,1056585,Hydromedusa,Animalia,Chordata,,Testudines,Chelidae,Hydromedusa,,,
CAIDBLP-Eureka,Nassarius mendicus,Species,Dean Pentcheff,pentcheff@nhm.org ,Inventory,560256,Nassarius mendicus,Animalia,Mollusca,Gastropoda,Neogastropoda,Nassariidae,Nassarius,,mendicus,
CAIDBLP-Eureka,Carcinus maenas,Species,Dean Pentcheff,pentcheff@nhm.org ,Inventory,107381,Carcinus maenas,Animalia,Arthropoda,Malacostraca,Decapoda,Carcinidae,Carcinus,,maenas,
CAIDBLP-Eureka,Venerupis philippinarum,Species,Dean Pentcheff,pentcheff@nhm.org ,Inventory,1870322,Venerupis philippinarum,Animalia,Mollusca,Bivalvia,Venerida,Veneridae,Venerupis,,philippinarum,
CAIDBLP-Eureka,Mytilus trossulus,Species,Dean Pentcheff,pentcheff@nhm.org ,Inventory,140482,Mytilus trossulus,Animalia,Mollusca,Bivalvia,Mytilida,Mytilidae,Mytilus,,trossulus,
CAIDBLP-Eureka,Leukoma staminea,Species,Dean Pentcheff,pentcheff@nhm.org ,Inventory,507737,Leukoma staminea,Animalia,Mollusca,Bivalvia,Venerida,Veneridae,Leukoma,,staminea,
CAIDBLP-Eureka,Ostreidae,Family,Dean Pentcheff,pentcheff@nhm.org ,Inventory,215,Ostreidae,Animalia,Mollusca,Bivalvia,Ostreida,Ostreidae,,,,
CAIDBLP-Eureka,Leukoma staminea,Species,Dean Pentcheff,pentcheff@nhm.org ,Inventory,507737,Leukoma staminea,Animalia,Mollusca,Bivalvia,Venerida,Veneridae,Leukoma,,staminea,
CAIDBLP-Eureka,Hydrozoa,Higher,Dean Pentcheff,pentcheff@nhm.org ,Inventory,1337,Hydrozoa,Animalia,Cnidaria,Hydrozoa,,,,,,
CAIDBLP-Eureka,Bryozoa,Higher,Dean Pentcheff,pentcheff@nhm.org ,Inventory,146142,Bryozoa,Animalia,Bryozoa,,,,,,,
CAIDBLP-Eureka,Macoma nasuta,Species,Dean Pentcheff,pentcheff@nhm.org ,Inventory,582761,Macoma nasuta,Animalia,Mollusca,Bivalvia,Cardiida,Tellinidae,Macoma,,nasuta,
CAIDBLP-Eureka,,,Dean Pentcheff,pentcheff@nhm.org ,Inventory,,,,,,,,,,,
CAIDBLP-Eureka,,,Dean Pentcheff,pentcheff@nhm.org ,Inventory,,,,,,,,,,,
CAIDBLP-Eureka,,,Dean Pentcheff,pentcheff@nhm.org ,Inventory,,,,,,,,,,,
CAIDBLP-Eureka,,,Dean Pentcheff,pentcheff@nhm.org ,Inventory,,,,,,,,,,,
CAIDBLP-Eureka,,,Dean Pentcheff,pentcheff@nhm.org ,Inventory,,,,,,,,,,,
CAIDBLP-Eureka,,,Dean Pentcheff,pentcheff@nhm.org ,Inventory,,,,,,,,,,,
CAIDBLP-Eureka,,,Dean Pentcheff,pentcheff@nhm.org ,Inventory,,,,,,,,,,,
CAIDBLP-Eureka,,,Dean Pentcheff,pentcheff@nhm.org ,Inventory,,,,,,,,,,,
CAIDBLP-Eureka,,,Dean Pentcheff,pentcheff@nhm.org ,Inventory,,,,,,,,,,,
CAIDBLP-Eureka,,,Dean Pentcheff,pentcheff@nhm.org ,Inventory,,,,,,,,,,,
CAIDBLP-Eureka,,,Dean Pentcheff,pentcheff@nhm.org ,Inventory,,,,,,,,,,,
CAIDBLP-Eureka,Gracilaria vermiculophylla?,Species,Dean Pentcheff,pentcheff@nhm.org ,Inventory,236157,Gracilaria vermiculophylla,Plantae,Rhodophyta,Florideophyceae,Gracilariales,Gracilariaceae,Gracilaria,,vermiculophylla,
CAIDBLP-Eureka,Sargassum muticum,Species,Dean Pentcheff,pentcheff@nhm.org ,Inventory,494791,Sargassum muticum,Chromista,Ochrophyta,Phaeophyceae,Fucales,Sargassaceae,Sargassum,,muticum,
CAIDBLP-Eureka,Grateloupia californica?,Species,Dean Pentcheff,pentcheff@nhm.org ,Inventory,499360,Grateloupia californica,Plantae,Rhodophyta,Florideophyceae,Halymeniales,Grateloupiaceae,Grateloupia,,californica,
CAIDBLP-Eureka,Phaeostrophion irregulare,Species,Dean Pentcheff,pentcheff@nhm.org ,Inventory,372516,Phaeostrophion irregulare,Chromista,Ochrophyta,Phaeophyceae,Phaeophyceae incertae sedis,Phaeostrophiaceae,Phaeostrophion,,irregulare,
CAIDBLP-Eureka,Phycodrys setchellii,Species,Dean Pentcheff,pentcheff@nhm.org ,Inventory,372630,Phycodrys setchellii,Plantae,Rhodophyta,Florideophyceae,Ceramiales,Delesseriaceae,Phycodrys,,setchellii,
CAIDBLP-Eureka,Schizymenia pacifica,Species,Dean Pentcheff,pentcheff@nhm.org ,Inventory,372658,Schizymenia pacifica,Plantae,Rhodophyta,Florideophyceae,Nemastomatales,Schizymeniaceae,Schizymenia,,pacifica,
CAIDBLP-Eureka,Savoiea robusta,Species,Dean Pentcheff,pentcheff@nhm.org ,Inventory,1792791,Savoiea robusta,Plantae,Rhodophyta,Florideophyceae,Ceramiales,Rhodomelaceae,Savoiea,,robusta,
CAIDBLP-Eureka,Grateloupia?,Genus,Dean Pentcheff,pentcheff@nhm.org ,Inventory,144044,Grateloupia,Plantae,Rhodophyta,Florideophyceae,Halymeniales,Grateloupiaceae,Grateloupia,,,
CAIDBLP-Eureka,Plocamium pacificum,Species,Dean Pentcheff,pentcheff@nhm.org ,Inventory,498042,Plocamium pacificum,Plantae,Rhodophyta,Florideophyceae,Plocamiales,Plocamiaceae,Plocamium,,pacificum,
CAIDBLP-Eureka,Ulva clathrata?,Species,Dean Pentcheff,pentcheff@nhm.org ,Inventory,156078,Ulva clathrata,Plantae,Chlorophyta,Ulvophyceae,Ulvales,Ulvaceae,Ulva,,clathrata,
CAIDBLP-Eureka,Pyropia,Genus,Dean Pentcheff,pentcheff@nhm.org ,Inventory,603075,Pyropia,Plantae,Rhodophyta,Bangiophyceae,Bangiales,Bangiaceae,Pyropia,,,
CAIDBLP-Eureka,Mastocarpus,Genus,Dean Pentcheff,pentcheff@nhm.org ,Inventory,144163,Mastocarpus,Plantae,Rhodophyta,Florideophyceae,Gigartinales,Phyllophoraceae,Mastocarpus,,,
CAIDBLP-Eureka,Ulva,Genus,Dean Pentcheff,pentcheff@nhm.org ,Inventory,144296,Ulva,Plantae,Chlorophyta,Ulvophyceae,Ulvales,Ulvaceae,Ulva,,,
CAIDBLP-Eureka,Ulva,Genus,Dean Pentcheff,pentcheff@nhm.org ,Inventory,144296,Ulva,Plantae,Chlorophyta,Ulvophyceae,Ulvales,Ulvaceae,Ulva,,,
CAIDBLP-Eureka,Ulva,Genus,Dean Pentcheff,pentcheff@nhm.org ,Inventory,144296,Ulva,Plantae,Chlorophyta,Ulvophyceae,Ulvales,Ulvaceae,Ulva,,,
CAIDBLP-Eureka,Pyropia,Genus,Dean Pentcheff,pentcheff@nhm.org ,Inventory,603075,Pyropia,Plantae,Rhodophyta,Bangiophyceae,Bangiales,Bangiaceae,Pyropia,,,
CAIDBLP-Eureka,Ulva,Genus,Dean Pentcheff,pentcheff@nhm.org ,Inventory,144296,Ulva,Plantae,Chlorophyta,Ulvophyceae,Ulvales,Ulvaceae,Ulva,,,
CAIDBLP-Eureka,Ulva,Genus,Dean Pentcheff,pentcheff@nhm.org ,Inventory,144296,Ulva,Plantae,Chlorophyta,Ulvophyceae,Ulvales,Ulvaceae,Ulva,,,
CAIDBLP-Eureka,,,Dean Pentcheff,pentcheff@nhm.org ,Inventory,,,,,,,,,,,
CAIDBLP-Eureka,coralline crust,Higher,Dean Pentcheff,pentcheff@nhm.org ,Inventory,15308,Corallinales,Plantae,Rhodophyta,Florideophyceae,Corallinales,,,,,
CAIDBLP-Eureka,coralline crust,Higher,Dean Pentcheff,pentcheff@nhm.org ,Inventory,15308,Corallinales,Plantae,Rhodophyta,Florideophyceae,Corallinales,,,,,
CAIDBLP-Eureka,coralline crust,Higher,Dean Pentcheff,pentcheff@nhm.org ,Inventory,15308,Corallinales,Plantae,Rhodophyta,Florideophyceae,Corallinales,,,,,
CAIDBLP-Eureka,coralline crust,Higher,Dean Pentcheff,pentcheff@nhm.org ,Inventory,15308,Corallinales,Plantae,Rhodophyta,Florideophyceae,Corallinales,,,,,
CAIDBLP-Eureka,coralline crust,Higher,Dean Pentcheff,pentcheff@nhm.org ,Inventory,15308,Corallinales,Plantae,Rhodophyta,Florideophyceae,Corallinales,,,,,
CAIDBLP-Eureka,Chondracanthus exasperatus,Species,Dean Pentcheff,pentcheff@nhm.org ,Inventory,372551,Chondracanthus exasperatus,Plantae,Rhodophyta,Florideophyceae,Gigartinales,Gigartinaceae,Chondracanthus,,exasperatus,
CAIDBLP-Eureka,Grateloupia turuturu,Species,Dean Pentcheff,pentcheff@nhm.org ,Inventory,295880,Grateloupia turuturu,Plantae,Rhodophyta,Florideophyceae,Halymeniales,Grateloupiaceae,Grateloupia,,turuturu,
CAIDBLP-Eureka,Grateloupia,Genus,Dean Pentcheff,pentcheff@nhm.org ,Inventory,144044,Grateloupia,Plantae,Rhodophyta,Florideophyceae,Halymeniales,Grateloupiaceae,Grateloupia,,,
CAIDBLP-Eureka,Grateloupia turuturu,Species,Dean Pentcheff,pentcheff@nhm.org ,Inventory,295880,Grateloupia turuturu,Plantae,Rhodophyta,Florideophyceae,Halymeniales,Grateloupiaceae,Grateloupia,,turuturu,
CAIDBLP-Eureka,Ulva,Genus,Dean Pentcheff,pentcheff@nhm.org ,Inventory,144296,Ulva,Plantae,Chlorophyta,Ulvophyceae,Ulvales,Ulvaceae,Ulva,,,
CAIDBLP-Eureka,Bryopsis corticulans,Species,Dean Pentcheff,pentcheff@nhm.org ,Inventory,371783,Bryopsis corticulans,Plantae,Chlorophyta,Ulvophyceae,Bryopsidales,Bryopsidaceae,Bryopsis,,corticulans,
CAIDBLP-Eureka,Calliarthron tuberculosum,Species,Dean Pentcheff,pentcheff@nhm.org ,Inventory,372537,Calliarthron tuberculosum,Plantae,Rhodophyta,Florideophyceae,Corallinales,Corallinaceae,Calliarthron,,tuberculosum,
CAIDBLP-Eureka,Mastocarpus,Genus,Dean Pentcheff,pentcheff@nhm.org ,Inventory,144163,Mastocarpus,Plantae,Rhodophyta,Florideophyceae,Gigartinales,Phyllophoraceae,Mastocarpus,,,
CAIDBLP-Eureka,Prionitis sternbergii,Species,Dean Pentcheff,pentcheff@nhm.org ,Inventory,375614,Prionitis sternbergii,Plantae,Rhodophyta,Florideophyceae,Halymeniales,Halymeniaceae,Prionitis,,sternbergii,
CAIDBLP-Eureka,Cryptopleura violacea,Species,Dean Pentcheff,pentcheff@nhm.org ,Inventory,372562,Cryptopleura violacea,Plantae,Rhodophyta,Florideophyceae,Ceramiales,Delesseriaceae,Cryptopleura,,violacea,
CAIDBLP-Eureka,Cryptopleura ruprechtiana,Species,Dean Pentcheff,pentcheff@nhm.org ,Inventory,372561,Cryptopleura ruprechtiana,Plantae,Rhodophyta,Florideophyceae,Ceramiales,Delesseriaceae,Cryptopleura,,ruprechtiana,
CAIDBLP-Eureka,Hymenena flabelligera,Species,Dean Pentcheff,pentcheff@nhm.org ,Inventory,372588,Hymenena flabelligera,Plantae,Rhodophyta,Florideophyceae,Ceramiales,Delesseriaceae,Hymenena,,flabelligera,
CAIDBLP-Eureka,Prionitis lanceolata,Species,Dean Pentcheff,pentcheff@nhm.org ,Inventory,496247,Prionitis lanceolata,Plantae,Rhodophyta,Florideophyceae,Halymeniales,Halymeniaceae,Prionitis,,lanceolata,
CAIDBLP-Eureka,Mazzaella flaccida,Species,Dean Pentcheff,pentcheff@nhm.org ,Inventory,371701,Mazzaella flaccida,Plantae,Rhodophyta,Florideophyceae,Gigartinales,Gigartinaceae,Mazzaella,,flaccida,
CAIDBLP-Eureka,Mazzaella oregona,Species,Dean Pentcheff,pentcheff@nhm.org ,Inventory,376274,Mazzaella oregona,Plantae,Rhodophyta,Florideophyceae,Gigartinales,Gigartinaceae,Mazzaella,,oregona,
CAIDBLP-Eureka,Prionitis Lanceolata,Species,Dean Pentcheff,pentcheff@nhm.org ,Inventory,496247,Prionitis lanceolata,Plantae,Rhodophyta,Florideophyceae,Halymeniales,Halymeniaceae,Prionitis,,lanceolata,
CAIDBLP-Eureka,Odonthalia oregona,Species,Dean Pentcheff,pentcheff@nhm.org ,Inventory,497634,Odonthalia oregona,Plantae,Rhodophyta,Florideophyceae,Ceramiales,Rhodomelaceae,Odonthalia,,oregona,
CAIDBLP-Eureka,Mastocarpus,Genus,Dean Pentcheff,pentcheff@nhm.org ,Inventory,144163,Mastocarpus,Plantae,Rhodophyta,Florideophyceae,Gigartinales,Phyllophoraceae,Mastocarpus,,,
CAIDBLP-Eureka,Mastocarpus,Genus,Dean Pentcheff,pentcheff@nhm.org ,Inventory,144163,Mastocarpus,Plantae,Rhodophyta,Florideophyceae,Gigartinales,Phyllophoraceae,Mastocarpus,,,
CAIDBLP-Eureka,Mastocarpus,Genus,Dean Pentcheff,pentcheff@nhm.org ,Inventory,144163,Mastocarpus,Plantae,Rhodophyta,Florideophyceae,Gigartinales,Phyllophoraceae,Mastocarpus,,,
CAIDBLP-Eureka,Mastocarpus,Genus,Dean Pentcheff,pentcheff@nhm.org ,Inventory,144163,Mastocarpus,Plantae,Rhodophyta,Florideophyceae,Gigartinales,Phyllophoraceae,Mastocarpus,,,
CAIDBLP-Eureka,Mastocarpus,Genus,Dean Pentcheff,pentcheff@nhm.org ,Inventory,144163,Mastocarpus,Plantae,Rhodophyta,Florideophyceae,Gigartinales,Phyllophoraceae,Mastocarpus,,,
CAIDBLP-Eureka,Mastocarpus,Genus,Dean Pentcheff,pentcheff@nhm.org ,Inventory,144163,Mastocarpus,Plantae,Rhodophyta,Florideophyceae,Gigartinales,Phyllophoraceae,Mastocarpus,,,
CAIDBLP-Eureka,Mastocarpus,Genus,Dean Pentcheff,pentcheff@nhm.org ,Inventory,144163,Mastocarpus,Plantae,Rhodophyta,Florideophyceae,Gigartinales,Phyllophoraceae,Mastocarpus,,,
CAIDBLP-Eureka,Mastocarpus,Genus,Dean Pentcheff,pentcheff@nhm.org ,Inventory,144163,Mastocarpus,Plantae,Rhodophyta,Florideophyceae,Gigartinales,Phyllophoraceae,Mastocarpus,,,
CAIDBLP-Eureka,Corallina vancouveriensis,Species,Dean Pentcheff,pentcheff@nhm.org ,Inventory,494902,Corallina vancouveriensis,Plantae,Rhodophyta,Florideophyceae,Corallinales,Corallinaceae,Corallina,,vancouveriensis,
CAIDBLP-Eureka,Calliarthron tuberculosum,Species,Dean Pentcheff,pentcheff@nhm.org ,Inventory,372537,Calliarthron tuberculosum,Plantae,Rhodophyta,Florideophyceae,Corallinales,Corallinaceae,Calliarthron,,tuberculosum,
CAIDBLP-Eureka,Corallina Chilensis,Species,Dean Pentcheff,pentcheff@nhm.org ,Inventory,496890,Corallina chilensis,Plantae,Rhodophyta,Florideophyceae,Corallinales,Corallinaceae,Corallina,,chilensis,
CAIDBLP-Eureka,Bossiella plumosa,Species,Dean Pentcheff,pentcheff@nhm.org ,Inventory,372535,Bossiella plumosa,Plantae,Rhodophyta,Florideophyceae,Corallinales,Corallinaceae,Bossiella,,plumosa,
CAIDBLP-Eureka,Calliarthron tuberculosum,Species,Dean Pentcheff,pentcheff@nhm.org ,Inventory,372537,Calliarthron tuberculosum,Plantae,Rhodophyta,Florideophyceae,Corallinales,Corallinaceae,Calliarthron,,tuberculosum,
CAIDBLP-Eureka,filament or cyano,,Dean Pentcheff,pentcheff@nhm.org ,Inventory,1,Biota,,,,,,,,,
CAIDBLP-Eureka,Mariprosiola meridionalis,Species,Dean Pentcheff,pentcheff@nhm.org ,Inventory,608206,Prasiola meridionalis,Plantae,Chlorophyta,Trebouxiophyceae,Prasiolales,Prasiolaceae,Prasiola,,meridionalis,
CAIDBLP-Eureka,Blidingia minima var. vexata,Species,Dean Pentcheff,pentcheff@nhm.org ,Inventory,550824,Blidingia minima var. vexata,Plantae,Chlorophyta,Ulvophyceae,Ulvales,Kornmanniaceae,Blidingia,,minima,
CAIDBLP-Eureka,Blidingia minima var. minima,Species,Dean Pentcheff,pentcheff@nhm.org ,Inventory,145950,Blidingia minima,Plantae,Chlorophyta,Ulvophyceae,Ulvales,Kornmanniaceae,Blidingia,,minima,
CAIDBLP-Eureka,Gelidium,Genus,Dean Pentcheff,pentcheff@nhm.org ,Inventory,144135,Gelidium,Plantae,Rhodophyta,Florideophyceae,Gelidiales,Gelidiaceae,Gelidium,,,
CAIDBLP-Eureka,Caulacanthus okamurae,Species,Dean Pentcheff,pentcheff@nhm.org ,Inventory,496188,Caulacanthus okamurae,Plantae,Rhodophyta,Florideophyceae,Gigartinales,Caulacanthaceae,Caulacanthus,,okamurae,
CAIDBLP-Eureka,Ulva fenestrata,Species,Dean Pentcheff,pentcheff@nhm.org ,Inventory,211462,Ulva fenestrata,Plantae,Chlorophyta,Ulvophyceae,Ulvales,Ulvaceae,Ulva,,fenestrata,
CAIDBLP-Eureka,Ulva smaragdina,Species,Dean Pentcheff,pentcheff@nhm.org ,Inventory,657818,Phycoseris smaragdina,Plantae,Chlorophyta,Ulvophyceae,Ulvales,Ulvaceae,Phycoseris,,smaragdina,
CAIDBLP-Eureka,Smithora naiadum,Species,Dean Pentcheff,pentcheff@nhm.org ,Inventory,494903,Smithora naiadum,Plantae,Rhodophyta,Compsopogonophyceae,Erythropeltales,Erythrotrichiaceae,Smithora,,naiadum,
CAIDBLP-Eureka,Mazzaella californica,Species,Dean Pentcheff,pentcheff@nhm.org ,Inventory,371699,Mazzaella californica,Plantae,Rhodophyta,Florideophyceae,Gigartinales,Gigartinaceae,Mazzaella,,californica,
CAIDBLP-Eureka,Mazzaella of oregona,Species,Dean Pentcheff,pentcheff@nhm.org ,Inventory,376274,Mazzaella oregona,Plantae,Rhodophyta,Florideophyceae,Gigartinales,Gigartinaceae,Mazzaella,,oregona,
CAIDBLP-Eureka,Mazzaella of splendens,Species,Dean Pentcheff,pentcheff@nhm.org ,Inventory,372601,Mazzaella splendens,Plantae,Rhodophyta,Florideophyceae,Gigartinales,Gigartinaceae,Mazzaella,,splendens,
CAIDBLP-Eureka,Mazzaella oregona,Species,Dean Pentcheff,pentcheff@nhm.org ,Inventory,376274,Mazzaella oregona,Plantae,Rhodophyta,Florideophyceae,Gigartinales,Gigartinaceae,Mazzaella,,oregona,
CAIDBLP-Eureka,Pikea californica,Species,Dean Pentcheff,pentcheff@nhm.org ,Inventory,145229,Pikea californica,Plantae,Rhodophyta,Florideophyceae,Gigartinales,Dumontiaceae,Pikea,,californica,
CAIDBLP-Eureka,,,Dean Pentcheff,pentcheff@nhm.org ,Inventory,,,,,,,,,,,
CAIDBLP-Eureka,Hedophyllum sessile,Species,Dean Pentcheff,pentcheff@nhm.org ,Inventory,496237,Hedophyllum sessile,Chromista,Ochrophyta,Phaeophyceae,Laminariales,Laminariaceae,Hedophyllum,,sessile,
CAIDBLP-Eureka,,,Dean Pentcheff,pentcheff@nhm.org ,Inventory,,,,,,,,,,,
CAIDBLP-Eureka,Prionitis sternbergii,Species,Dean Pentcheff,pentcheff@nhm.org ,Inventory,375614,Prionitis sternbergii,Plantae,Rhodophyta,Florideophyceae,Halymeniales,Halymeniaceae,Prionitis,,sternbergii,
CAIDBLP-Eureka,Laminaria setchellii,Species,Dean Pentcheff,pentcheff@nhm.org ,Inventory,240748,Laminaria setchellii,Chromista,Ochrophyta,Phaeophyceae,Laminariales,Laminariaceae,Laminaria,,setchellii,
CAIDBLP-Eureka,Farlowia mollis,Species,Dean Pentcheff,pentcheff@nhm.org ,Inventory,372571,Farlowia mollis,Plantae,Rhodophyta,Florideophyceae,Gigartinales,Dumontiaceae,Farlowia,,mollis,
CAIDBLP-Eureka,Callithamnion pikeanum,Species,Dean Pentcheff,pentcheff@nhm.org ,Inventory,372539,Callithamnion pikeanum,Plantae,Rhodophyta,Florideophyceae,Ceramiales,Callithamniaceae,Callithamnion,,pikeanum,
CAIDBLP-Eureka,Odonthalia washingtonensis,Species,Dean Pentcheff,pentcheff@nhm.org ,Inventory,372622,Odonthalia washingtoniensis,Plantae,Rhodophyta,Florideophyceae,Ceramiales,Rhodomelaceae,Odonthalia,,washingtoniensis,
CAIDBLP-Eureka,Lessoniopsis littoralis,Species,Dean Pentcheff,pentcheff@nhm.org ,Inventory,372508,Lessoniopsis littoralis,Chromista,Ochrophyta,Phaeophyceae,Laminariales,Alariaceae,Lessoniopsis,,littoralis,
CAIDBLP-Eureka,Mazzaella of flaccida,Species,Dean Pentcheff,pentcheff@nhm.org ,Inventory,371701,Mazzaella flaccida,Plantae,Rhodophyta,Florideophyceae,Gigartinales,Gigartinaceae,Mazzaella,,flaccida,
CAIDBLP-Eureka,Mazzaella oregona,Species,Dean Pentcheff,pentcheff@nhm.org ,Inventory,376274,Mazzaella oregona,Plantae,Rhodophyta,Florideophyceae,Gigartinales,Gigartinaceae,Mazzaella,,oregona,
CAIDBLP-Eureka,Pyropia,Genus,Dean Pentcheff,pentcheff@nhm.org ,Inventory,603075,Pyropia,Plantae,Rhodophyta,Bangiophyceae,Bangiales,Bangiaceae,Pyropia,,,
CAIDBLP-Eureka,Mazzaella flaccida,Species,Dean Pentcheff,pentcheff@nhm.org ,Inventory,371701,Mazzaella flaccida,Plantae,Rhodophyta,Florideophyceae,Gigartinales,Gigartinaceae,Mazzaella,,flaccida,
CAIDBLP-Eureka,Soranthera ulvoidea,Species,Dean Pentcheff,pentcheff@nhm.org ,Inventory,372521,Soranthera ulvoidea,Chromista,Ochrophyta,Phaeophyceae,Ectocarpales,Chordariaceae,Soranthera,,ulvoidea,
CAIDBLP-Eureka,Ceramothomnion coulteri,Species,Dean Pentcheff,pentcheff@nhm.org ,Inventory,1739125,Ceramothamnion coulteri,Plantae,Rhodophyta,Florideophyceae,Ceramiales,Ceramiaceae,Ceramothamnion,,coulteri,
CAIDBLP-Eureka,Odonthalia floccosa,Species,Dean Pentcheff,pentcheff@nhm.org ,Inventory,372621,Odonthalia floccosa,Plantae,Rhodophyta,Florideophyceae,Ceramiales,Rhodomelaceae,Odonthalia,,floccosa,
CAIDBLP-Eureka,Acrosiphonia coalita,Species,Dean Pentcheff,pentcheff@nhm.org ,Inventory,366445,Acrosiphonia coalita,Plantae,Chlorophyta,Chlorophyceae,Acrosiphoniales,Acrosiphoniaceae,Acrosiphonia,,coalita,
CAIDBLP-Eureka,Gloiopeltis furcata,Species,Dean Pentcheff,pentcheff@nhm.org ,Inventory,372181,Gloiopeltis furcata,Plantae,Rhodophyta,Florideophyceae,Gigartinales,Endocladiaceae,Gloiopeltis,,furcata,
CAIDBLP-Eureka,Leathesia marina,Species,Dean Pentcheff,pentcheff@nhm.org ,Inventory,494940,Leathesia marina,Chromista,Ochrophyta,Phaeophyceae,Ectocarpales,Chordariaceae,Leathesia,,marina,
CAIDBLP-Eureka,Savoiea robusta,Species,Dean Pentcheff,pentcheff@nhm.org ,Inventory,1792791,Savoiea robusta,Plantae,Rhodophyta,Florideophyceae,Ceramiales,Rhodomelaceae,Savoiea,,robusta,
CAIDBLP-Eureka,Bossiella plumosa,Species,Dean Pentcheff,pentcheff@nhm.org ,Inventory,372535,Bossiella plumosa,Plantae,Rhodophyta,Florideophyceae,Corallinales,Corallinaceae,Bossiella,,plumosa,
CAIDBLP-Eureka,Bossiella,Genus,Dean Pentcheff,pentcheff@nhm.org ,Inventory,369418,Bossiella,Plantae,Rhodophyta,Florideophyceae,Corallinales,Corallinaceae,Bossiella,,,
CAIDBLP-Eureka,Bryopsis,Genus,Dean Pentcheff,pentcheff@nhm.org ,Inventory,143812,Bryopsis,Plantae,Chlorophyta,Ulvophyceae,Bryopsidales,Bryopsidaceae,Bryopsis,,,
CAIDBLP-Eureka,Polyneura latissima,Species,Dean Pentcheff,pentcheff@nhm.org ,Inventory,372634,Polyneura latissima,Plantae,Rhodophyta,Florideophyceae,Ceramiales,Delesseriaceae,Polyneura,,latissima,
CAIDBLP-Eureka,Grateloupia asiatica,Species,Dean Pentcheff,pentcheff@nhm.org ,Inventory,375816,Grateloupia asiatica,Plantae,Rhodophyta,Florideophyceae,Halymeniales,Grateloupiaceae,Grateloupia,,asiatica,
CAIDBLP-Eureka,Ulva,Genus,Dean Pentcheff,pentcheff@nhm.org ,Inventory,144296,Ulva,Plantae,Chlorophyta,Ulvophyceae,Ulvales,Ulvaceae,Ulva,,,
CAIDBLP-Eureka,Symphyocladiella dendroidea,Species,Dean Pentcheff,pentcheff@nhm.org ,Inventory,1356824,Symphyocladiella dendroidea,Plantae,Rhodophyta,Florideophyceae,Ceramiales,Rhodomelaceae,Symphyocladiella,,dendroidea,
CAIDBLP-Eureka,Polysiphonia complex,Genus,Dean Pentcheff,pentcheff@nhm.org ,Inventory,143853,Polysiphonia,Plantae,Rhodophyta,Florideophyceae,Ceramiales,Rhodomelaceae,Polysiphonia,,,
CAIDBLP-Eureka,Savoiea robusta,Species,Dean Pentcheff,pentcheff@nhm.org ,Inventory,1792791,Savoiea robusta,Plantae,Rhodophyta,Florideophyceae,Ceramiales,Rhodomelaceae,Savoiea,,robusta,
CAIDBLP-Eureka,Prionitis?,Genus,Dean Pentcheff,pentcheff@nhm.org ,Inventory,205954,Prionitis,Plantae,Rhodophyta,Florideophyceae,Halymeniales,Halymeniaceae,Prionitis,,,
CAIDBLP-Eureka,Polysiphonia complex,Genus,Dean Pentcheff,pentcheff@nhm.org ,Inventory,143853,Polysiphonia,Plantae,Rhodophyta,Florideophyceae,Ceramiales,Rhodomelaceae,Polysiphonia,,,
CAIDBLP-Eureka,Pterothamnion B,Genus,Dean Pentcheff,pentcheff@nhm.org ,Inventory,143856,Pterothamnion,Plantae,Rhodophyta,Florideophyceae,Ceramiales,Ceramiaceae,Pterothamnion,,,
CAIDBLP-Eureka,Ectocarpus complex,Genus,Dean Pentcheff,pentcheff@nhm.org ,Inventory,144099,Ectocarpus,Chromista,Ochrophyta,Phaeophyceae,Ectocarpales,Ectocarpaceae,Ectocarpus,,,
CAIDBLP-Eureka,Ectocarpus complex,Genus,Dean Pentcheff,pentcheff@nhm.org ,Inventory,144099,Ectocarpus,Chromista,Ochrophyta,Phaeophyceae,Ectocarpales,Ectocarpaceae,Ectocarpus,,,
CAIDBLP-Eureka,Callithamnion,Genus,Dean Pentcheff,pentcheff@nhm.org ,Inventory,143832,Callithamnion,Plantae,Rhodophyta,Florideophyceae,Ceramiales,Callithamniaceae,Callithamnion,,,
CAIDBLP-Eureka,Cladophora microcladioides,Species,Dean Pentcheff,pentcheff@nhm.org ,Inventory,371786,Cladophora microcladioides,Plantae,Chlorophyta,Ulvophyceae,Cladophorales,Cladophoraceae,Cladophora,,microcladioides,
CAIDBLP-Eureka,Symphyocladiella?,Genus,Dean Pentcheff,pentcheff@nhm.org ,Inventory,1356568,Symphyocladiella,Plantae,Rhodophyta,Florideophyceae,Ceramiales,Rhodomelaceae,Symphyocladiella,,,
CAIDBLP-Eureka,Ulva,Genus,Dean Pentcheff,pentcheff@nhm.org ,Inventory,144296,Ulva,Plantae,Chlorophyta,Ulvophyceae,Ulvales,Ulvaceae,Ulva,,,
CAIDBLP-Eureka,Ulva,Genus,Dean Pentcheff,pentcheff@nhm.org ,Inventory,144296,Ulva,Plantae,Chlorophyta,Ulvophyceae,Ulvales,Ulvaceae,Ulva,,,
CAIDBLP-Eureka,,,Dean Pentcheff,pentcheff@nhm.org ,Inventory,,,,,,,,,,,
CAIDBLP-Eureka,,,Dean Pentcheff,pentcheff@nhm.org ,Inventory,,,,,,,,,,,
CAIDBLP-Eureka,,,Dean Pentcheff,pentcheff@nhm.org ,Inventory,,,,,,,,,,,
CAIDBLP-Eureka,,,Dean Pentcheff,pentcheff@nhm.org ,Inventory,,,,,,,,,,,
CAIDBLP-Eureka,,,Dean Pentcheff,pentcheff@nhm.org ,Inventory,,,,,,,,,,,
CAIDBLP-Eureka,,,Dean Pentcheff,pentcheff@nhm.org ,Inventory,,,,,,,,,,,
CAIDBLP-Eureka,,,Dean Pentcheff,pentcheff@nhm.org ,Inventory,,,,,,,,,,,
CAIDBLP-Eureka,,,Dean Pentcheff,pentcheff@nhm.org ,Inventory,,,,,,,,,,,
CAIDBLP-Eureka,,,Dean Pentcheff,pentcheff@nhm.org ,Inventory,,,,,,,,,,,
CAIDBLP-Eureka,,,Dean Pentcheff,pentcheff@nhm.org ,Inventory,,,,,,,,,,,
CAIDBLP-Eureka,,,Dean Pentcheff,pentcheff@nhm.org ,Inventory,,,,,,,,,,,
CAIDBLP-Eureka,,,Dean Pentcheff,pentcheff@nhm.org ,Inventory,,,,,,,,,,,
CAIDBLP-Eureka,,,Dean Pentcheff,pentcheff@nhm.org ,Inventory,,,,,,,,,,,